# This file uses centimeters as units for non-parametric coordinates.

mtllib SM_Land.mtl
g default
v 100.000000 1.820801 90.234375
v 100.000000 1.820801 27.783203
v 31.299957 1.820801 20.433990
v -56.250000 1.820801 16.406250
v -87.341064 1.820801 -56.980591
v -26.416016 1.820801 -61.816406
v 81.301086 1.820801 87.147949
v -37.359589 1.820801 85.540405
v -93.642395 1.820801 51.124969
v 75.024536 1.820801 7.366631
v 49.894775 1.820801 5.484001
v 12.548828 1.820801 4.248043
v -37.402344 1.820801 -2.734377
v 68.870300 1.820801 -3.818241
v 31.249969 1.820801 -26.902985
v -63.126160 1.820801 -70.851013
v -13.111038 1.820801 92.792053
v -74.922241 1.820801 66.302063
v 25.094650 1.820801 17.364288
v 31.349976 1.820801 3.814095
v 81.396484 1.820801 -27.539062
v -31.707672 1.820801 -67.241028
v -6.098152 1.820801 97.885132
v -87.313843 1.820801 32.561035
v 56.396484 1.820801 11.132812
v 75.187805 1.820801 7.435020
v 68.954895 1.820801 -3.932957
v 37.685516 1.820801 -8.236748
v 62.654297 1.820801 -21.880859
v -94.143250 1.820801 -56.970886
v -48.862915 1.820801 -88.019714
v 12.945976 1.820801 70.031128
v -74.804688 1.820801 66.357422
v 37.695312 1.820801 -9.521484
v -49.887909 1.820801 -50.733765
v -18.177673 1.820801 90.470886
v 81.396484 1.820801 22.265625
v -37.260590 1.820801 0.727586
v 37.744141 1.820801 -20.410156
v 62.735291 1.820801 -21.893814
v -31.002930 1.820801 -37.644684
v -49.777466 1.820801 -50.653778
v -62.254395 1.820801 -98.641174
v -19.091797 1.820801 -56.445312
v -86.952820 1.820801 58.501404
v -87.110291 1.820801 45.454285
v 44.145508 1.820801 35.299988
v 6.612663 1.820801 -13.048843
v 6.571918 1.820801 -13.124527
v -19.824219 1.820801 -31.738281
v -25.099380 1.820801 -59.011841
v -43.603516 1.820801 -76.416016
v 62.890625 1.820801 19.238281
v 75.336365 1.820801 7.673096
v 44.185516 1.820801 -19.757370
v -43.394043 1.820801 -46.630798
v -49.602936 1.820801 -50.527405
v -81.933594 1.820801 -52.148438
v -55.872131 1.820801 -58.638977
v 50.530396 1.820801 4.737843
v -37.083923 1.820801 0.187934
v 50.497101 1.820801 -31.234711
v -55.810059 1.820801 -32.777100
v 87.971008 1.820801 -34.130341
v -5.811153 1.820801 -49.410248
v -24.518921 1.820801 -63.056335
v -24.509277 1.820801 -63.479492
v 94.196594 1.820801 91.202576
v 19.140625 1.820801 68.115234
v -62.548828 1.820801 67.285156
v 63.370728 1.820801 -9.520081
v 69.238281 1.820801 -26.904297
v -55.673767 1.820801 -32.686737
v 81.744568 1.820801 -55.518921
v -81.356934 1.820801 64.276978
v -93.692810 1.820801 56.240875
v 81.787109 1.820801 27.832016
v -86.972107 1.820801 24.313202
v -36.990936 1.820801 -0.106514
v 63.391602 1.820801 -1.228065
v -49.380249 1.820801 -50.368103
v 31.640625 1.820801 69.384766
v 81.869751 1.820801 27.708084
v -36.944427 1.820801 -0.253737
v 63.410645 1.820801 -2.078547
v 63.134766 1.820801 -10.888672
v 0.533510 1.820801 -22.264450
v -12.109375 1.820801 -54.052734
v -24.218750 1.820801 -61.962891
v -43.652344 1.820801 73.974609
v 81.902832 1.820801 31.151093
v 81.894165 1.820801 31.026947
v 81.882507 1.820801 30.859528
v 81.787109 1.820801 29.492188
v -86.862366 1.820801 17.736099
v -92.973999 1.820801 15.761627
v 44.431335 1.820801 9.597481
v 38.145905 1.820801 5.461140
v -36.897949 1.820801 -0.400961
v 94.401245 1.820801 -33.094666
v -24.369995 1.820801 -60.796997
v -42.578125 1.820801 -75.000000
v 38.427734 1.820801 75.781250
v 81.933594 1.820801 31.591797
v 81.838684 1.820801 30.231232
v -92.940063 1.820801 16.247543
v 56.968750 1.820801 15.642609
v -92.980774 1.820801 15.664444
v -92.990723 1.820801 15.522064
v 57.373047 1.820801 9.667969
v 69.384766 1.820801 -11.083984
v 81.968567 1.820801 -25.879288
v -36.815521 1.820801 -46.526672
v -18.066406 1.820801 -56.982422
v -24.292969 1.820801 -60.759766
v 81.828735 1.820801 30.088837
v 81.815186 1.820801 29.894470
v -93.027771 1.820801 15.151688
v 75.732422 1.820801 8.789062
v 50.758789 1.820801 4.443203
v -36.804962 1.820801 -0.695396
v -74.169922 1.820801 -45.263672
v 82.065063 1.820801 27.415115
v 82.128906 1.820801 27.319336
v 57.031250 1.820801 -18.408203
v 32.031250 1.820801 -19.970703
v 94.556274 1.820801 -25.883163
v 94.531250 1.820801 -26.318359
v -36.718842 1.820801 -46.535339
v 88.762207 1.820801 -66.079651
v 75.942139 1.820801 85.253357
v -36.693176 1.820801 -1.049436
v 75.836121 1.820801 -28.424454
v 82.096863 1.820801 -52.513428
v -87.158203 1.820801 60.156250
v 82.192749 1.820801 27.223557
v 82.000000 1.820801 21.000000
v -92.866150 1.820801 17.222916
v 63.451904 1.820801 -2.540466
v 50.713867 1.820801 -31.217773
v 82.144165 1.820801 -52.446777
v -55.175781 1.820801 -86.816406
v -42.822266 1.820801 8.056641
v 63.412720 1.820801 -9.450127
v -36.773346 1.820801 -14.000000
v -55.369324 1.820801 -56.652344
v -24.220978 1.820801 -58.990417
v -24.031387 1.820801 -60.387756
v 94.482422 1.820801 21.777344
v -92.586853 1.820801 17.700043
v 13.475281 1.820801 -3.557854
v -93.000000 1.820801 -68.906250
v -11.743240 1.820801 93.870117
v 94.726562 1.820801 23.095703
v -42.724609 1.820801 18.310547
v 69.775391 1.820801 8.349609
v 32.368622 1.820801 -6.410511
v -11.474609 1.820801 -17.822266
v 76.029785 1.820801 -26.792679
v -23.975876 1.820801 -59.003723
v -55.468750 1.820801 69.287109
v 75.976562 1.820801 10.693359
v 32.311584 1.820801 11.329292
v -48.923553 1.820801 3.769993
v 63.638062 1.820801 -9.299881
v -23.925781 1.820801 -34.960938
v 88.574219 1.820801 -40.478516
v -30.144806 1.820801 -67.620117
v 1.076527 1.820801 96.039429
v 13.574219 1.820801 69.677734
v 25.976562 1.820801 67.724609
v -85.986328 1.820801 58.886719
v 94.800659 1.820801 23.208801
v 32.396790 1.820801 21.709869
v 57.356384 1.820801 17.171219
v 76.259644 1.820801 11.982941
v 32.425781 1.820801 2.539213
v 19.873047 1.820801 1.367187
v 1.132072 1.820801 -18.141510
v 76.119995 1.820801 -26.809341
v -92.619507 1.820801 -67.051331
v -67.724609 1.820801 -95.849609
v 63.671875 1.820801 39.599609
v 82.481995 1.820801 26.789734
v 63.710205 1.820801 -0.744290
v 38.671875 1.820801 -2.978518
v 7.476074 1.820801 -11.521706
v -92.578125 1.820801 -57.080078
v -23.800201 1.820801 -60.495972
v 94.853149 1.820801 -83.876465
v 96.152161 1.820801 -85.054993
v 44.384766 1.820801 76.855469
v -79.891541 1.820801 65.010010
v -86.155334 1.820801 44.027954
v 63.623230 1.820801 42.825378
v 82.763672 1.820801 26.367188
v -86.294556 1.820801 22.504395
v -86.232849 1.820801 22.406448
v 82.478516 1.820801 21.093430
v 38.722931 1.820801 10.267998
v 63.728760 1.820801 -9.264717
v -61.259094 1.820801 -37.054413
v -61.467041 1.820801 -70.134888
v 50.292969 1.820801 77.783203
v 94.904114 1.820801 23.366653
v 13.764893 1.820801 7.083710
v 32.519409 1.820801 2.590450
v 45.019531 1.820801 -21.240234
v 51.313873 1.820801 -28.194397
v -23.676270 1.820801 88.607788
v -68.212891 1.820801 68.554688
v 26.948700 1.820801 68.031616
v 51.360504 1.820801 42.041290
v 82.568359 1.820801 20.996094
v -61.181641 1.820801 14.111328
v 57.373047 1.820801 -18.261719
v -67.443359 1.820801 -73.807251
v 7.617195 1.820801 73.486328
v 76.362671 1.820801 12.452171
v 32.592865 1.820801 4.958004
v -29.882812 1.820801 0.585938
v 70.067688 1.820801 -14.063766
v 32.658844 1.820801 -27.921875
v -23.685638 1.820801 -60.394836
v 82.922363 1.820801 88.037598
v -29.736359 1.820801 87.549866
v -48.925781 1.820801 72.509766
v -92.178406 1.820801 57.180481
v -86.115112 1.820801 43.952881
v 76.416016 1.820801 12.695312
v 75.868652 1.820801 8.640968
v -29.783813 1.820801 -18.800262
v -80.273438 1.820801 -51.367188
v 95.000000 1.820801 23.513046
v -42.285156 1.820801 16.308594
v -37.000000 1.820801 6.073441
v 63.982422 1.820801 2.294352
v 70.257080 1.820801 -2.920649
v 82.714905 1.820801 -33.397308
v -4.766342 1.820801 -47.958069
v -4.808353 1.820801 -48.030060
v 95.100159 1.820801 23.665878
v -91.965088 1.820801 18.714508
v 63.671875 1.820801 1.025392
v 45.212524 1.820801 -3.857533
v 32.812500 1.820801 -6.103519
v -48.469757 1.820801 -29.046112
v 82.767273 1.820801 -50.693146
v -85.887756 1.820801 -56.001160
v -30.028534 1.820801 -64.481873
v -98.452637 1.820801 -75.693542
v -48.510254 1.820801 -85.730164
v 70.312622 1.820801 83.498230
v -79.833984 1.820801 66.406250
v 39.084198 1.820801 37.552643
v 45.325958 1.820801 6.604996
v 1.585700 1.820801 -16.325394
v 1.551284 1.820801 -16.403519
v -73.437500 1.820801 -43.554688
v -73.073242 1.820801 -83.812134
v -67.502502 1.820801 -96.024170
v 82.910156 1.820801 17.822266
v 45.398865 1.820801 8.434929
v 70.410156 1.820801 -28.662109
v 51.602539 1.820801 -31.090820
v -72.948059 1.820801 -83.123474
v -60.791016 1.820801 67.968750
v -92.042542 1.820801 50.286499
v -67.041016 1.820801 2.783199
v -35.791016 1.820801 -11.767578
v 39.211914 1.820801 -22.369461
v 64.257812 1.820801 82.518372
v -41.950134 1.820801 74.518555
v -73.242188 1.820801 67.236328
v 95.185059 1.820801 23.795456
v -29.492188 1.820801 -36.718750
v -54.394562 1.820801 -55.180511
v 76.614136 1.820801 7.830688
v 26.806641 1.820801 0.732422
v 1.851084 1.820801 -21.149750
v 2.342733 1.820801 94.872009
v 52.258423 1.820801 43.175293
v 95.340942 1.820801 24.033432
v 89.355469 1.820801 20.458984
v 76.277405 1.820801 8.196693
v 76.514893 1.820801 7.938583
v 76.855469 1.820801 7.568359
v -41.894531 1.820801 1.953121
v 33.129242 1.820801 -10.884712
v 64.341309 1.820801 -22.660690
v 63.574219 1.820801 -24.121094
v -92.016602 1.820801 -58.618164
v -60.594666 1.820801 -93.750000
v -60.560425 1.820801 -95.359558
v 15.234375 1.820801 68.896484
v -85.661743 1.820801 33.244873
v 83.174805 1.820801 31.420319
v 95.743408 1.820801 24.701019
v 95.654297 1.820801 24.511719
v 95.564758 1.820801 24.375061
v -98.092834 1.820801 13.146255
v -41.845703 1.820801 6.591797
v -29.345703 1.820801 -1.123048
v 14.382538 1.820801 -2.086285
v -10.595703 1.820801 -23.876953
v -10.595703 1.820801 -53.125000
v 89.427734 1.820801 -66.109924
v -60.557678 1.820801 -98.452515
v 95.467529 1.820801 24.226624
v 57.910156 1.820801 16.992188
v -54.257751 1.820801 -31.891418
v -29.229828 1.820801 -60.148132
v -85.536438 1.820801 58.030457
v -97.999573 1.820801 13.143257
v -10.498047 1.820801 -21.728516
v 51.807617 1.820801 -31.061523
v -35.449219 1.820801 -40.527344
v 83.138306 1.820801 -56.340607
v -73.089294 1.820801 -83.952087
v -60.526184 1.820801 -95.979980
v -85.418091 1.820801 42.326416
v 77.050781 1.820801 18.212891
v 33.319611 1.820801 4.580990
v 77.242249 1.820801 -29.444946
v 45.897583 1.820801 40.190033
v 95.915466 1.820801 25.066681
v 27.099609 1.820801 19.921875
v -85.351379 1.820801 16.770508
v 71.206970 1.820801 -11.919662
v -29.165649 1.820801 -20.610840
v -16.657318 1.820801 -21.830383
v -72.887817 1.820801 -82.815979
v -47.775055 1.820801 -83.817200
v -4.100178 1.820801 98.234070
v -16.304993 1.820801 91.002869
v -41.545898 1.820801 77.684570
v 52.195831 1.820801 -30.999695
v -22.405167 1.820801 -59.470642
v -41.543762 1.820801 77.589600
v 96.196533 1.820801 25.663956
v 64.404297 1.820801 18.310547
v 14.648438 1.820801 8.544922
v 39.637177 1.820801 4.660233
v 70.980347 1.820801 3.560673
v 33.445038 1.820801 2.646944
v 70.945557 1.820801 -1.279433
v -98.334961 1.820801 -75.668945
v -47.714844 1.820801 -83.574219
v 96.143311 1.820801 91.449219
v -85.379517 1.820801 42.248077
v 33.451569 1.820801 23.043320
v -35.253906 1.820801 -9.863281
v -22.748215 1.820801 -25.491547
v 64.746094 1.820801 -28.857422
v -4.001102 1.820801 -46.345673
v -91.495728 1.820801 -58.564209
v -91.457458 1.820801 -65.763000
v -23.587585 1.820801 88.635803
v 52.453857 1.820801 43.394714
v 96.251831 1.820801 25.781525
v -85.269592 1.820801 21.275665
v 58.544922 1.820801 -19.531250
v 89.799377 1.820801 -33.558960
v -78.906250 1.820801 -50.292969
v 64.351868 1.820801 82.532288
v 39.897766 1.820801 39.155853
v 46.093750 1.820801 35.205078
v 58.642578 1.820801 18.701172
v 58.445618 1.820801 18.241516
v 8.643410 1.820801 -10.255806
v -52.547516 1.820801 -31.148010
v -29.043701 1.820801 -60.295227
v -66.357422 1.820801 -96.923828
v 84.769226 1.820801 88.561462
v 52.392578 1.820801 37.011719
v 71.142578 1.820801 9.228516
v 39.943207 1.820801 -5.617027
v 89.890686 1.820801 -33.535553
v -72.954590 1.820801 -84.298401
v -41.258759 1.820801 79.672974
v -85.040222 1.820801 21.016830
v -29.136383 1.820801 -20.698700
v -41.308594 1.820801 -46.240234
v -41.357422 1.820801 -73.779297
v -54.150391 1.820801 -87.939453
v -91.011963 1.820801 48.878296
v 39.984955 1.820801 36.332825
v 96.380188 1.820801 26.054306
v 33.773560 1.820801 11.380898
v -41.174591 1.820801 75.574463
v 33.768219 1.820801 14.660172
v -47.448151 1.820801 2.742174
v -72.404663 1.820801 -85.691345
v -16.219788 1.820801 91.034424
v -84.542358 1.820801 40.759735
v 46.384338 1.820801 -2.579435
v 2.580723 1.820801 -14.948013
v -28.556244 1.820801 -22.521301
v -15.893967 1.820801 -56.624939
v -72.415710 1.820801 -81.118530
v -60.353638 1.820801 -96.071228
v 58.935974 1.820801 42.972015
v 96.435547 1.820801 26.171875
v -84.851135 1.820801 20.812012
v -91.055969 1.820801 20.171143
v -59.863281 1.820801 -92.285156
v 70.402588 1.820801 83.513794
v -53.564453 1.820801 69.824219
v 8.935555 1.820801 3.271481
v -91.066772 1.820801 -58.472351
v -96.434570 1.820801 -75.397461
v -53.564453 1.820801 -89.794922
v -78.515625 1.820801 65.283203
v 46.484375 1.820801 5.517578
v 15.283951 1.820801 -0.476242
v -34.765625 1.820801 -7.910164
v 90.234375 1.820801 -25.927734
v 34.029297 1.820801 -28.513306
v 52.716125 1.820801 -29.213257
v 83.236145 1.820801 -56.484070
v -90.988464 1.820801 -56.863342
v -59.762817 1.820801 -69.328186
v 77.783203 1.820801 13.476562
v -40.951691 1.820801 5.000000
v 71.636292 1.820801 -10.738419
v 84.011658 1.820801 -57.776611
v 84.062378 1.820801 -58.250000
v 84.176453 1.820801 -59.961182
v -23.095703 1.820801 -62.402344
v -28.464569 1.820801 -61.924255
v -28.452545 1.820801 -63.722534
v -65.925232 1.820801 -72.952148
v -47.600586 1.820801 -84.235352
v -72.753906 1.820801 -92.187500
v 71.660034 1.820801 -4.088364
v 65.429688 1.820801 -14.501953
v 40.338531 1.820801 -21.048630
v 77.734375 1.820801 -26.904297
v -84.639221 1.820801 56.556519
v -84.615906 1.820801 34.716583
v -84.642334 1.820801 34.635925
v 34.168701 1.820801 -6.987583
v 65.416504 1.820801 -8.880989
v -15.813568 1.820801 -20.209686
v -84.679138 1.820801 -54.792419
v -47.070312 1.820801 21.679688
v 84.130859 1.820801 19.531250
v 77.859375 1.820801 13.529297
v 40.136719 1.820801 12.646484
v 84.191833 1.820801 -26.041550
v 83.913086 1.820801 -49.438416
v -91.064453 1.820801 -59.912109
v 84.179688 1.820801 -60.058594
v 84.183472 1.820801 -62.142639
v 22.167969 1.820801 66.650391
v -84.510254 1.820801 40.676544
v 84.326172 1.820801 30.175781
v -72.021484 1.820801 -42.529297
v -34.521484 1.820801 -46.630859
v 78.037598 1.820801 85.607117
v -84.475891 1.820801 36.816620
v 65.185547 1.820801 19.189453
v -59.472656 1.820801 14.843750
v 53.027344 1.820801 5.419922
v 65.478516 1.820801 2.246090
v 59.130859 1.820801 -21.093750
v -9.472656 1.820801 -51.806641
v -90.740356 1.820801 -64.103760
v -90.523071 1.820801 57.947815
v -84.463684 1.820801 36.912354
v 83.837891 1.820801 22.949219
v 90.576172 1.820801 21.093750
v 84.273132 1.820801 19.377121
v 65.558533 1.820801 2.135637
v 21.826172 1.820801 0.878907
v -46.923828 1.820801 -28.751190
v -21.849609 1.820801 -58.146790
v -28.135101 1.820801 -67.180420
v -71.923828 1.820801 -95.068359
v 84.318481 1.820801 21.795837
v 84.621277 1.820801 19.000000
v 52.636719 1.820801 7.861328
v -28.125000 1.820801 -16.308594
v 3.125980 1.820801 -18.450195
v 46.875000 1.820801 -25.439453
v 53.125000 1.820801 -31.982422
v -59.359619 1.820801 -36.517609
v -84.328064 1.820801 -53.193085
v 84.908386 1.820801 -63.856506
v -47.363281 1.820801 -88.378906
v -9.277946 1.820801 96.236450
v 96.239319 1.820801 91.448547
v -84.100464 1.820801 19.998779
v 65.638489 1.820801 2.025183
v 84.460022 1.820801 -33.262421
v -77.978516 1.820801 -48.779297
v 84.986023 1.820801 -48.077057
v -83.952759 1.820801 -52.668610
v -28.015182 1.820801 -58.948914
v -47.265625 1.820801 -82.226562
v -46.839905 1.820801 -87.734070
v -59.376038 1.820801 -99.487366
v 84.415466 1.820801 30.070984
v 78.011719 1.820801 13.634766
v -66.113281 1.820801 4.199215
v 65.718445 1.820801 1.914730
v 15.793869 1.820801 1.163745
v 46.977264 1.820801 -1.172318
v 46.954987 1.820801 -1.261950
v 65.925171 1.820801 -13.472809
v 3.212896 1.820801 -18.476562
v 3.219561 1.820801 -20.452988
v -64.990234 1.820801 -37.353516
v -71.763306 1.820801 -79.252502
v -71.792603 1.820801 -79.340332
v -40.497314 1.820801 81.307678
v -84.228516 1.820801 59.570312
v 84.167297 1.820801 22.158722
v 78.727478 1.820801 21.200943
v 78.645630 1.820801 21.000000
v -50.927643 1.820801 4.201435
v 34.472504 1.820801 -11.842087
v 72.021484 1.820801 -14.599609
v 90.760742 1.820801 -67.201660
v -35.595703 1.820801 -67.333984
v -58.808777 1.820801 -96.675293
v -34.169434 1.820801 87.187134
v 8.886726 1.820801 72.314453
v -59.082031 1.820801 68.017578
v -84.090454 1.820801 38.906708
v 78.877869 1.820801 21.570084
v 78.415100 1.820801 -30.711578
v 90.829285 1.820801 -71.482666
v 65.869507 1.820801 42.631165
v 40.882751 1.820801 34.880493
v -65.087891 1.820801 2.783199
v 72.122437 1.820801 -13.470863
v 90.868164 1.820801 -69.091797
v 90.821350 1.820801 -71.386780
v -77.244141 1.820801 65.464844
v 34.667969 1.820801 25.732422
v 78.209778 1.820801 13.771873
v 47.169464 1.820801 0.814725
v 72.295715 1.820801 -26.235992
v -2.787161 1.820801 -45.126190
v -46.537933 1.820801 -48.392761
v -22.851562 1.820801 -61.279297
v 3.466801 1.820801 79.101562
v 65.961365 1.820801 42.611633
v -83.995056 1.820801 19.860809
v 84.861877 1.820801 18.739304
v -83.731506 1.820801 -52.369293
v -28.369263 1.820801 -61.911682
v 90.965637 1.820801 -72.198425
v 3.512779 1.820801 93.604858
v -14.608322 1.820801 91.794983
v 91.051636 1.820801 89.450562
v 84.652039 1.820801 29.793274
v 34.782135 1.820801 24.000351
v 65.798462 1.820801 1.804277
v 65.478516 1.820801 -2.734377
v 66.083130 1.820801 -13.198250
v 78.808594 1.820801 -25.537109
v -22.000000 1.820801 -60.000000
v -46.370789 1.820801 -83.462219
v 3.569820 1.820801 81.102905
v 34.831299 1.820801 24.065536
v 78.564453 1.820801 20.800781
v -90.135803 1.820801 19.096695
v -83.964844 1.820801 17.673080
v 78.494141 1.820801 13.968750
v -27.681473 1.820801 -24.081131
v -33.935547 1.820801 -43.115234
v -83.535828 1.820801 -52.104523
v 84.862854 1.820801 88.578613
v 78.671082 1.820801 15.729172
v -40.136719 1.820801 3.417967
v 3.631886 1.820801 -16.357681
v 72.493408 1.820801 -26.812943
v 97.402344 1.820801 -31.257935
v 78.651550 1.820801 14.077736
v 53.759766 1.820801 9.179688
v -71.278381 1.820801 7.471489
v 34.947418 1.820801 3.807228
v -71.014038 1.820801 -86.515015
v -71.269531 1.820801 7.656258
v -71.285522 1.820801 7.568626
v 41.268219 1.820801 -4.497868
v 9.960114 1.820801 -9.128967
v 54.248047 1.820801 -33.300781
v -27.491272 1.820801 87.597656
v 60.008728 1.820801 38.141937
v 84.667969 1.820801 20.654297
v 78.791199 1.820801 14.174416
v -71.134094 1.820801 5.627464
v 66.158386 1.820801 1.307237
v 72.526978 1.820801 -7.434639
v -21.227554 1.820801 -24.562729
v -33.740234 1.820801 -44.970703
v 78.808594 1.820801 17.822266
v 85.058594 1.820801 17.675781
v -71.205444 1.820801 -77.485779
v 91.298584 1.820801 -77.634583
v -46.191406 1.820801 -80.859375
v 40.673828 1.820801 75.683594
v 41.368713 1.820801 39.969635
v 60.107422 1.820801 18.505859
v -96.139465 1.820801 13.478241
v 72.594666 1.820801 -9.366814
v 4.109352 1.820801 -17.407364
v -52.392578 1.820801 -83.984375
v -58.642578 1.820801 -88.623047
v -90.268555 1.820801 28.223114
v 35.156250 1.820801 13.720703
v 66.331177 1.820801 1.068658
v 10.562416 1.820801 -2.602585
v -89.062500 1.820801 -59.472656
v -58.553284 1.820801 -68.103638
v 41.454681 1.820801 39.994629
v 22.705078 1.820801 20.605469
v -14.733673 1.820801 -18.851883
v -45.998383 1.820801 -25.216385
v 85.156250 1.820801 -27.392578
v -21.044998 1.820801 -56.951965
v -21.191406 1.820801 -60.498047
v 91.151978 1.820801 -73.176697
v -83.440002 1.820801 63.864441
v -89.693848 1.820801 30.074463
v 66.503906 1.820801 0.830079
v 91.505798 1.820801 -33.212524
v -20.886703 1.820801 -58.614624
v -71.168884 1.820801 -77.407593
v 79.052734 1.820801 14.355469
v 35.279327 1.820801 -8.206818
v -33.843231 1.820801 -67.528687
v 91.456238 1.820801 -74.774231
v -52.249542 1.820801 -85.843872
v -52.137360 1.820801 -87.755005
v -71.869873 1.820801 -89.366760
v -39.668304 1.820801 82.920410
v 54.101562 1.820801 78.466797
v 85.143005 1.820801 29.216888
v -89.639282 1.820801 26.414337
v 29.003906 1.820801 24.951172
v 60.351562 1.820801 14.648438
v 47.905426 1.820801 2.534008
v 66.601562 1.820801 -1.416017
v 66.601562 1.820801 -22.802734
v 85.346497 1.820801 -46.191956
v 85.018677 1.820801 -47.999725
v -52.049805 1.820801 -52.636688
v -64.486938 1.820801 -71.995178
v 91.592590 1.820801 -75.489990
v 91.594727 1.820801 -75.584961
v 91.315430 1.820801 -77.540039
v -2.097363 1.820801 97.812988
v 47.907623 1.820801 5.327808
v 4.129753 1.820801 -18.958191
v 85.342651 1.820801 -46.287384
v -40.087891 1.820801 -72.607422
v 97.932007 1.820801 -85.686584
v -70.863831 1.820801 -88.124878
v 85.352844 1.820801 28.970612
v 85.449219 1.820801 28.857422
v 97.802734 1.820801 27.246094
v 35.508911 1.820801 22.185059
v 35.436462 1.820801 20.316101
v -71.032776 1.820801 5.486332
v 22.949219 1.820801 0.781251
v 4.345707 1.820801 77.539062
v -52.734375 1.820801 17.773438
v 54.248047 1.820801 6.640625
v 48.000000 1.820801 5.000000
v 79.354858 1.820801 86.711792
v 97.978516 1.820801 27.304688
v -64.501953 1.820801 -97.509766
v 29.638672 1.820801 1.318358
v 41.871094 1.820801 -20.166672
v 41.845398 1.820801 -22.164108
v -1.845196 1.820801 -24.739273
v -88.813354 1.820801 31.636871
v 98.066406 1.820801 27.333984
v 73.144531 1.820801 4.833984
v 10.644531 1.820801 4.199215
v -26.851257 1.820801 -25.676361
v 72.551025 1.820801 -26.873154
v -58.171570 1.820801 -98.290405
v -7.869705 1.820801 97.256714
v -31.981812 1.820801 87.445801
v 60.693359 1.820801 16.650391
v 66.894531 1.820801 1.318358
v 10.693359 1.820801 -5.078129
v 4.407009 1.820801 -14.695404
v -70.957275 1.820801 -86.950500
v 85.742188 1.820801 22.802734
v -39.208984 1.820801 4.833984
v 85.722290 1.820801 -65.439941
v -70.213928 1.820801 -75.981262
v 35.498047 1.820801 70.410156
v 4.589371 1.820801 92.227539
v 98.355103 1.820801 91.152100
v -19.837418 1.820801 89.695312
v 54.638336 1.820801 43.549805
v 67.034607 1.820801 38.979248
v 73.364685 1.820801 -0.394845
v 35.839844 1.820801 -3.466801
v 73.380676 1.820801 -4.789078
v 35.839844 1.820801 -7.958992
v 35.873352 1.820801 -10.827049
v -76.978516 1.820801 65.502808
v 54.678009 1.820801 17.763687
v 42.114258 1.820801 7.104492
v 35.941864 1.820801 6.605698
v 67.208984 1.820801 1.097066
v 73.398926 1.820801 -14.587555
v 79.514648 1.820801 -32.104431
v -26.610550 1.820801 -63.482727
v 92.187500 1.820801 21.923828
v 73.471130 1.820801 -1.160045
v -39.062500 1.820801 -20.703125
v -1.562498 1.820801 -34.912109
v 85.839844 1.820801 24.560547
v -51.562500 1.820801 19.042969
v 68.212891 1.820801 0.390625
v 35.969940 1.820801 -9.154442
v 35.986328 1.820801 -14.160156
v 85.986328 1.820801 -42.773438
v -25.588791 1.820801 -64.843140
v 92.309265 1.820801 -80.155273
v 29.765625 1.820801 23.427734
v 29.799133 1.820801 23.344223
v -70.500549 1.820801 9.183098
v -2.001951 1.820801 -26.562500
v 72.085571 1.820801 84.227417
v 41.551544 1.820801 40.003448
v 98.535156 1.820801 27.490234
v 54.855225 1.820801 17.535263
v 29.841431 1.820801 2.886089
v 11.130699 1.820801 -7.853172
v -13.916016 1.820801 -27.880859
v -51.366821 1.820801 -29.878967
v -21.014465 1.820801 -58.068237
v -94.972961 1.820801 -74.361755
v 4.880188 1.820801 -12.371727
v 4.947083 1.820801 -15.895264
v -26.355591 1.820801 -26.109421
v -38.868073 1.820801 -46.246765
v -76.464844 1.820801 65.576172
v 79.954163 1.820801 15.707642
v -38.818359 1.820801 1.220703
v 48.681641 1.820801 -22.363281
v -45.059631 1.820801 -47.410217
v -58.186646 1.820801 -65.973206
v 92.732117 1.820801 90.241211
v -38.763947 1.820801 84.514526
v 42.480469 1.820801 34.814453
v -26.250778 1.820801 -26.198700
v 92.333984 1.820801 -28.222656
v -57.525940 1.820801 -64.274292
v 67.534729 1.820801 42.056335
v -88.723572 1.820801 18.201401
v 80.014648 1.820801 15.819275
v 42.578125 1.820801 76.220703
v 61.328125 1.820801 42.968750
v 98.828125 1.820801 27.587891
v 86.000000 1.820801 24.690186
v 55.131378 1.820801 17.231461
v 36.337952 1.820801 6.110767
v 55.761719 1.820801 -18.115234
v 42.578125 1.820801 -23.681641
v 74.229187 1.820801 -27.594040
v -26.322220 1.820801 -59.016724
v -38.671875 1.820801 -71.582031
v -57.617188 1.820801 -87.207031
v 86.376953 1.820801 27.343750
v 73.927734 1.820801 -6.397320
v 42.629974 1.820801 -29.162170
v -44.970703 1.820801 -79.638672
v -51.082092 1.820801 -88.895508
v 55.126953 1.820801 79.882812
v -81.443604 1.820801 64.248840
v 67.590698 1.820801 41.995697
v 36.438690 1.820801 23.726791
v -26.141800 1.820801 -26.291534
v 42.692444 1.820801 -29.108124
v -1.074220 1.820801 -41.503906
v -1.052464 1.820801 -41.588226
v -1.039458 1.820801 -44.430756
v -13.912262 1.820801 92.255127
v 24.002441 1.820801 20.746323
v -0.976563 1.820801 -26.220703
v -94.649170 1.820801 -56.965149
v 5.321354 1.820801 86.633179
v -26.037003 1.820801 -26.380814
v 49.133301 1.820801 -30.184387
v -57.546570 1.820801 -35.853180
v -26.515381 1.820801 -63.467590
v -94.714355 1.820801 52.477936
v 67.664185 1.820801 41.731262
v 99.000000 1.820801 27.645172
v 30.345886 1.820801 21.649002
v -0.927735 1.820801 -36.718750
v 99.036133 1.820801 -37.111786
v 5.314869 1.820801 90.542236
v -26.220276 1.820801 87.839539
v 68.070007 1.820801 83.580994
v 5.371098 1.820801 76.123047
v -88.332947 1.820801 46.679352
v 55.270569 1.820801 17.078354
v -38.378906 1.820801 -18.945312
v 36.669922 1.820801 75.097656
v 36.538177 1.820801 24.075027
v 42.920105 1.820801 -20.805679
v -25.827393 1.820801 -26.559357
v -7.042961 1.820801 -50.619141
v 80.394104 1.820801 -54.433716
v -51.562500 1.820801 -82.373047
v 74.252869 1.820801 84.474426
v 55.618195 1.820801 16.700729
v -63.278381 1.820801 -37.258423
v -69.531250 1.820801 -40.136719
v -50.732422 1.820801 71.875000
v -94.488037 1.820801 54.541656
v 36.797882 1.820801 25.034470
v 24.261093 1.820801 18.993256
v 24.287460 1.820801 18.906723
v -38.168488 1.820801 6.138889
v -50.700623 1.820801 -92.293762
v 68.048279 1.820801 40.290649
v -94.394897 1.820801 14.064491
v 68.227478 1.820801 -2.646055
v -25.670212 1.820801 -26.693268
v -56.881714 1.820801 -62.435852
v -44.433594 1.820801 -78.027344
v -31.884857 1.820801 87.453369
v 86.098328 1.820801 24.769775
v 74.383362 1.820801 8.911949
v 68.135803 1.820801 -2.478949
v 74.364075 1.820801 -26.269501
v -15.039062 1.820801 -56.005859
v -88.142456 1.820801 -58.644043
v -50.830078 1.820801 -83.300781
v 86.914490 1.820801 88.765137
v 68.164001 1.820801 83.591614
v 99.414062 1.820801 27.783203
v 11.899925 1.820801 9.016602
v 12.063217 1.820801 1.305412
v 43.182037 1.820801 -3.955719
v 49.414062 1.820801 -32.861328
v 80.726013 1.820801 -53.511932
v -50.582550 1.820801 -85.253662
v -50.446472 1.820801 -87.204102
v -51.000000 1.820801 -88.727600
v -50.542114 1.820801 -90.917419
v 61.906921 1.820801 38.426666
v 62.129883 1.820801 20.592941
v 62.220520 1.820801 20.410904
v 55.712891 1.820801 8.886719
v -50.830688 1.820801 -51.419830
v 100.000000 1.820801 -86.083984
v -50.299133 1.820801 -89.012878
v -0.447870 1.820801 96.975952
v 88.000000 1.820801 88.814636
v -25.486572 1.820801 87.979309
v -94.463623 1.820801 54.629822
v 62.166321 1.820801 40.422089
v 80.761719 1.820801 18.115234
v 43.308624 1.820801 8.300629
v 5.781609 1.820801 -14.658676
v 5.739014 1.820801 -14.730652
v -12.982910 1.820801 -18.228165
v -19.236557 1.820801 -24.178894
v 43.304596 1.820801 -27.557220
v 87.060547 1.820801 -41.406250
v -94.140625 1.820801 -58.251953
v -37.353516 1.820801 -70.458984
v -50.447906 1.820801 -87.324158
v 5.799061 1.820801 88.574219
v 80.364868 1.820801 86.942444
v -87.768982 1.820801 59.329346
v 87.060547 1.820801 21.679688
v 49.600952 1.820801 3.274849
v -37.939453 1.820801 -16.943359
v -50.466675 1.820801 -51.152863
v 93.283203 1.820801 -83.042358
v 5.836571 1.820801 -13.712051
v -12.893860 1.820801 -18.200729
v 30.859375 1.820801 -21.240234
v -50.328003 1.820801 -28.485413
v 93.393921 1.820801 -81.455383
v 18.455124 1.820801 0.653014
v 12.151154 1.820801 -3.436920
v 93.408203 1.820801 -37.988281
v -50.356232 1.820801 -51.072876
v 43.506256 1.820801 40.181152
v 49.645569 1.820801 5.743778
v -31.520630 1.820801 -63.663391
v 17.480469 1.820801 68.896484
v 24.788589 1.820801 0.688083
v -25.244141 1.820801 -14.404297
v 49.736786 1.820801 -28.897064
v 93.410706 1.820801 -33.155487
v -50.259155 1.820801 -88.942322
v 93.557251 1.820801 21.826035
v -68.906006 1.820801 2.992392
v 37.304688 1.820801 -22.412109
v 49.796844 1.820801 -28.839508
v 93.701172 1.820801 -29.296875
v -25.366592 1.820801 -63.248779
v 43.603516 1.820801 40.185547
v -43.896484 1.820801 19.580078
v -43.896484 1.820801 13.525391
v -62.646484 1.820801 13.134766
v 12.316223 1.820801 -4.612076
v -0.164256 1.820801 -43.072815
v -56.521973 1.820801 -61.000000
v -93.920227 1.820801 -73.028259
v 93.386963 1.820801 -81.678650
v 49.952301 1.820801 41.028198
v 68.640991 1.820801 -0.549228
v -31.298828 1.820801 1.611326
v -50.000000 1.820801 -50.814911
v -15.000000 1.820801 100.000000
v -5.000000 1.820801 100.000000
v 4.000000 1.820801 100.000000
v 94.000000 1.820801 100.000000
v 100.000000 1.820801 100.000000
v -10.000000 1.820801 97.000000
v -6.000000 1.820801 98.000000
v 1.000000 1.820801 97.000000
v 4.000000 1.820801 94.000000
v 92.000000 1.820801 91.000000
v 96.000000 1.820801 92.000000
v 100.000000 1.820801 91.000000
v -24.000000 1.820801 89.000000
v -34.000000 1.820801 88.000000
v -32.000000 1.820801 88.000000
v -26.000000 1.820801 88.000000
v 6.000000 1.820801 88.000000
v -39.000000 1.820801 84.111755
v 6.000000 1.820801 86.000000
v 72.000000 1.820801 85.000000
v 76.000000 1.820801 86.000000
v 68.000000 1.820801 84.000000
v 70.000000 1.820801 84.000000
v 4.000000 1.820801 81.000000
v 45.849609 1.820801 77.832031
v -45.751953 1.820801 73.632812
v -41.240967 1.820801 76.000000
v -52.000000 1.820801 72.000000
v 20.556641 1.820801 67.089844
v -83.000000 1.820801 65.000000
v -77.000000 1.820801 66.000000
v -100.000000 1.820801 62.000000
v -84.000000 1.820801 64.000000
v -92.000000 1.820801 58.000000
v -88.525391 1.820801 57.812500
v -86.000000 1.820801 58.000000
v -86.230469 1.820801 55.810547
v -95.000000 1.820801 51.000000
v -92.000000 1.820801 50.000000
v -89.000000 1.820801 46.000000
v -100.000000 1.820801 56.000000
v -86.000000 1.820801 42.000000
v 55.000000 1.820801 43.000000
v 62.000000 1.820801 41.000000
v 42.000000 1.820801 39.000000
v 44.000000 1.820801 40.000000
v 46.000000 1.820801 40.000000
v 59.000000 1.820801 42.000000
v 48.339844 1.820801 37.646484
v 50.292969 1.820801 37.158203
v -85.000000 1.820801 35.000000
v 44.000000 1.820801 36.000000
v 84.000000 1.820801 29.000000
v 83.000000 1.820801 28.000000
v 97.000000 1.820801 26.000000
v 36.000000 1.820801 24.000000
v 96.000000 1.820801 24.000000
v 24.000000 1.820801 20.000000
v 87.841797 1.820801 20.214844
v -86.782593 1.820801 17.702072
v -85.000000 1.820801 18.000000
v 78.004395 1.820801 18.000000
v 79.993469 1.820801 18.000000
v 78.000000 1.820801 17.000000
v 80.000000 1.820801 16.000000
v -96.000000 1.820801 14.000000
v 24.754547 1.820801 18.000000
v 12.000000 1.820801 8.000000
v 14.000000 1.820801 8.000000
v 18.798828 1.820801 9.960938
v 28.000000 1.820801 3.000000
v 32.000000 1.820801 11.000000
v 44.000000 1.820801 8.000000
v 72.851562 1.820801 9.863281
v 73.291016 1.820801 7.275391
v -38.302094 1.820801 6.000000
v -35.921875 1.820801 6.000000
v 36.000000 1.820801 6.000000
v 77.000000 1.820801 -5.000000
v -34.375000 1.820801 5.859375
v -42.003906 1.820801 2.000000
v -37.000000 1.820801 1.000000
v 7.910164 1.820801 2.246090
v 36.000000 1.820801 3.000000
v 42.000000 1.820801 6.000000
v 63.933533 1.820801 2.159407
v 68.066406 1.820801 2.490231
v 10.888672 1.820801 -1.318360
v 16.000000 1.820801 -1.000000
v 18.000000 1.820801 0.000000
v 15.000000 1.820801 -2.000000
v 22.000000 1.820801 -5.000000
v 32.666016 1.820801 -5.175785
v 46.000000 1.820801 -2.000000
v 69.000000 1.820801 -1.000000
v -32.000000 1.820801 1.000000
v 41.000000 1.820801 -4.000000
v 74.000000 1.820801 -4.000000
v -34.000000 1.820801 -8.000000
v 34.472656 1.820801 -6.884773
v 70.605469 1.820801 -7.910164
v 73.000000 1.820801 -8.000000
v 10.000000 1.820801 -10.000000
v 36.000000 1.820801 -10.000000
v 68.310547 1.820801 -12.451172
v 8.000000 1.820801 -12.000000
v 72.000000 1.820801 -11.000000
v -26.416016 1.820801 -15.673828
v 4.000000 1.820801 -14.000000
v -28.000000 1.820801 -16.000000
v 2.000000 1.820801 -17.000000
v 5.000000 1.820801 -16.000000
v -29.760925 1.820801 -18.000000
v 2.000000 1.820801 -18.289352
v 5.000000 1.820801 -18.000000
v -30.000000 1.820801 -21.000000
v 3.503969 1.820801 -20.000000
v 55.761719 1.820801 -20.751953
v -36.000000 1.820801 -25.000000
v 66.650391 1.820801 -24.609375
v -28.000000 1.820801 -24.000000
v 39.000000 1.820801 -24.000000
v 95.000000 1.820801 -25.000000
v -22.000000 1.820801 -26.000000
v -17.000000 1.820801 -24.000000
v -12.548828 1.820801 -26.806641
v 31.201172 1.820801 -25.097656
v 72.000000 1.820801 -26.000000
v 78.000000 1.820801 -25.000000
v 84.000000 1.820801 -26.000000
v 88.183594 1.820801 -26.318359
v -1.000000 1.820801 -29.000000
v 32.000000 1.820801 -27.447388
v 74.000000 1.820801 -28.000000
v -48.000000 1.820801 -30.000000
v 50.000000 1.820801 -30.866364
v 48.000000 1.820801 -35.000000
v 48.046875 1.820801 -31.787109
v 63.000000 1.820801 -32.000000
v -26.000000 1.820801 -35.879181
v 90.000000 1.820801 -34.000000
v -56.000000 1.820801 -35.000000
v -55.000000 1.820801 -33.000000
v 83.000000 1.820801 -34.000000
v -34.000000 1.820801 -37.000000
v 42.724609 1.820801 -30.957031
v -68.000000 1.820801 -42.000000
v -61.000000 1.820801 -38.000000
v -1.037109 1.820801 -41.000000
v -39.000000 1.820801 -46.000000
v -44.000000 1.820801 -46.000000
v -47.000000 1.820801 -48.000000
v -51.000000 1.820801 -50.000000
v -4.000000 1.820801 -48.000000
v -80.000000 1.820801 -52.000000
v -5.000000 1.820801 -50.000000
v -84.000000 1.820801 -55.000000
v -15.000000 1.820801 -57.000000
v -57.000000 1.820801 -60.000000
v 84.000000 1.820801 -58.000000
v -26.074219 1.820801 -60.986328
v 84.000000 1.820801 -60.000000
v -90.730774 1.820801 -61.866638
v -28.000000 1.820801 -63.000000
v 84.000000 1.820801 -62.000000
v -30.000000 1.820801 -64.000000
v -24.000000 1.820801 -64.000000
v 85.000000 1.820801 -66.000000
v -32.000000 1.820801 -68.000000
v -30.000000 1.820801 -68.000000
v -28.000000 1.820801 -68.000000
v 90.000000 1.820801 -71.000000
v -66.000000 1.820801 -72.000000
v 90.000000 1.820801 -78.000000
v -94.000000 1.820801 -76.000000
v -68.000000 1.820801 -73.000000
v -98.000000 1.820801 -76.000000
v -96.000000 1.820801 -76.000000
v 91.000000 1.820801 -76.000000
v 78.000000 1.820801 -93.000000
v 94.000000 1.820801 -84.000000
v -78.000000 1.820801 -86.000000
v -52.000000 1.820801 -86.000000
v 98.000000 1.820801 -86.000000
v -72.000000 1.820801 -89.000000
v 100.000000 1.820801 -100.000000
v -60.000000 1.820801 -94.000000
v 15.000000 1.820801 -58.000000
v -75.000000 1.820801 -100.000000
v -63.000000 1.820801 -100.000000
v -35.000000 1.820801 -100.000000
v 38.000000 1.820801 -100.000000
v -8.000000 1.820801 98.000000
v -4.000000 1.820801 99.000000
v 3.000000 1.820801 95.000000
v -45.000000 1.820801 89.000000
v -20.000000 1.820801 90.000000
v -18.000000 1.820801 91.000000
v 70.000000 1.820801 95.000000
v 89.000000 1.820801 89.000000
v 94.000000 1.820801 92.000000
v 99.865234 1.820801 90.304077
v -34.000000 1.820801 95.000000
v 78.000000 1.820801 93.000000
v 83.000000 1.820801 89.000000
v 86.000000 1.820801 90.000000
v -38.000000 1.820801 86.000000
v 12.000000 1.820801 88.000000
v 79.000000 1.820801 87.000000
v 5.000000 1.820801 85.000000
v 71.000000 1.820801 85.000000
v 64.000000 1.820801 83.000000
v -42.000000 1.820801 80.000000
v 7.000000 1.820801 76.000000
v 13.000000 1.820801 71.000000
v -73.000000 1.820801 70.000000
v 36.083984 1.820801 72.167969
v -82.000000 1.820801 65.000000
v -82.812500 1.820801 63.037109
v -88.000000 1.820801 59.000000
v -94.000000 1.820801 57.000000
v -95.000000 1.820801 55.000000
v -88.000000 1.820801 45.000000
v 66.000000 1.820801 42.000000
v -85.000000 1.820801 39.000000
v 58.056641 1.820801 38.183594
v 40.787109 1.820801 35.000000
v -90.000000 1.820801 30.000000
v 82.000000 1.820801 31.000000
v 85.000000 1.820801 29.000000
v 83.000000 1.820801 27.000000
v 86.462891 1.820801 27.000000
v 99.000000 1.820801 27.000000
v -86.820068 1.820801 24.000000
v 29.000000 1.820801 23.000000
v 95.000000 1.820801 23.000000
v 96.000000 1.820801 23.000000
v -86.000000 1.820801 21.000000
v 80.371094 1.820801 20.458984
v 85.000000 1.820801 21.000000
v 25.927734 1.820801 18.652344
v 85.000000 1.820801 19.000000
v -93.191589 1.820801 15.000000
v -93.000000 1.820801 17.000000
v -84.989014 1.820801 16.992798
v 25.000000 1.820801 17.000000
v 83.000000 1.820801 17.000000
v 94.000000 1.820801 21.000000
v -95.000000 1.820801 15.000000
v 33.000000 1.820801 15.000000
v 85.000000 1.820801 17.000000
v 77.000000 1.820801 12.000000
v -44.000000 1.820801 10.000000
v 77.000000 1.820801 11.000000
v -69.828247 1.820801 9.915848
v -56.835938 1.820801 4.882812
v -71.000000 1.820801 7.000000
v -61.572266 1.820801 2.783199
v -42.000000 1.820801 5.000000
v 17.236328 1.820801 5.566406
v 35.000000 1.820801 7.000000
v -49.971375 1.820801 4.000000
v -43.603516 1.820801 2.685543
v 33.000000 1.820801 7.000000
v 34.554199 1.820801 4.000000
v 35.378845 1.820801 3.112074
v 74.951172 1.820801 4.980469
v -45.458984 1.820801 2.685543
v -35.000000 1.820801 3.000000
v 29.000000 1.820801 3.000000
v 38.000000 1.820801 5.000000
v 71.000000 1.820801 3.000000
v -32.763672 1.820801 2.587887
v 16.785980 1.820801 0.376623
v 38.818359 1.820801 -1.660158
v 47.000000 1.820801 1.000000
v 65.000000 1.820801 1.000000
v 72.314453 1.820801 3.222652
v -36.000000 1.820801 -1.000000
v -29.882812 1.820801 -3.027346
v 31.298828 1.820801 1.318358
v 70.000000 1.820801 -1.000000
v -33.000000 1.820801 -6.000000
v 10.221527 1.820801 -3.000000
v 37.890625 1.820801 -3.173832
v 40.000000 1.820801 -5.000000
v 69.000000 1.820801 -3.000000
v 73.000000 1.820801 -3.000000
v 12.000000 1.820801 -5.000000
v -27.000000 1.820801 -7.000000
v 35.000000 1.820801 -7.299110
v 75.000000 1.820801 -7.000000
v -30.000000 1.820801 -12.000000
v 12.000000 1.820801 -8.000000
v 9.000000 1.820801 -11.000000
v 33.000000 1.820801 -11.000000
v 68.798828 1.820801 -7.275398
v 3.404644 1.820801 -13.259499
v 7.000000 1.820801 -13.000000
v 35.000000 1.820801 -13.000000
v -36.000000 1.820801 -16.000000
v -29.000000 1.820801 -15.000000
v 3.000000 1.820801 -15.000000
v 72.000000 1.820801 -15.000000
v 3.000000 1.820801 -18.000000
v 5.000000 1.820801 -17.000000
v 78.000000 1.820801 -16.000000
v -13.000000 1.820801 -19.000000
v -15.000000 1.820801 -21.000000
v 30.000000 1.820801 -21.000000
v 43.000000 1.820801 -21.000000
v -29.000000 1.820801 -23.000000
v 1.000000 1.820801 -23.000000
v 47.167969 1.820801 -22.509766
v 80.859375 1.820801 -25.146484
v 67.675781 1.820801 -26.025391
v 86.000000 1.820801 -25.000000
v -21.000000 1.820801 -25.000000
v -17.777405 1.820801 -23.141983
v 29.000000 1.820801 -29.000000
v 42.480469 1.820801 -24.951172
v -30.000000 1.820801 -35.000000
v -26.000000 1.820801 -27.000000
v 66.308594 1.820801 -28.369141
v 95.000000 1.820801 -28.000000
v 97.900391 1.820801 -29.980469
v 99.089661 1.820801 -30.618011
v 64.550781 1.820801 -30.908203
v 77.000000 1.820801 -30.000000
v 99.000000 1.820801 -31.000000
v 98.000000 1.820801 -32.000000
v 100.000000 1.820801 -35.000000
v -56.662384 1.820801 -34.410492
v -34.277344 1.820801 -39.257812
v -24.000000 1.820801 -34.000000
v 2.000000 1.820801 -40.000000
v 72.363281 1.820801 -28.662109
v 100.000000 1.820801 -36.621094
v -31.000000 1.820801 -37.000000
v -59.000000 1.820801 -37.000000
v -35.000000 1.820801 -35.000000
v -1.000000 1.820801 -39.000000
v -36.000000 1.820801 -40.000000
v 86.000000 1.820801 -35.000000
v 1.000000 1.820801 -44.000000
v -37.000000 1.820801 -46.000000
v -54.000000 1.820801 -48.000000
v -50.000000 1.820801 -50.000000
v -45.000000 1.820801 -47.000000
v 82.000000 1.820801 -50.000000
v -51.000000 1.820801 -51.000000
v -7.000000 1.820801 -51.000000
v 80.000000 1.820801 -53.000000
v -55.000000 1.820801 -55.000000
v 82.000000 1.820801 -52.000000
v -92.000000 1.820801 -56.992493
v -87.000000 1.820801 -57.000000
v -2.000000 1.820801 -49.000000
v -21.000000 1.820801 -59.000000
v 83.000000 1.820801 -57.000000
v 84.179688 1.820801 -61.000000
v -90.000000 1.820801 -64.000000
v -29.000000 1.820801 -63.000000
v -22.000000 1.820801 -66.000000
v 89.000000 1.820801 -67.000000
v -93.024109 1.820801 -69.042053
v -72.000000 1.820801 -77.000000
v -93.000000 1.820801 -73.000000
v -95.000000 1.820801 -75.000000
v 91.000000 1.820801 -75.000000
v -71.000000 1.820801 -76.000000
v -73.000000 1.820801 -81.000000
v -44.000000 1.820801 -80.000000
v 91.000000 1.820801 -84.000000
v 91.000000 1.820801 -80.000000
v 91.022522 1.820801 -78.962585
v 93.000000 1.820801 -83.000000
v -51.000000 1.820801 -85.000000
v -46.000000 1.820801 -84.000000
v -73.000000 1.820801 -86.000000
v -52.000000 1.820801 -87.000000
v -54.000000 1.820801 -90.000000
v -72.753906 1.820801 -93.457031
v -52.050781 1.820801 -93.164062
v -53.000000 1.820801 -93.000000
v -61.000000 1.820801 -99.000000
v -49.000000 1.820801 100.000000
v -6.000000 1.820801 99.000000
v -1.000000 1.820801 97.261414
v 68.000000 1.820801 100.000000
v 0.000000 1.820801 97.000000
v -16.000000 1.820801 92.000000
v 65.000000 1.820801 89.000000
v -15.000000 1.820801 92.000000
v 5.000000 1.820801 92.000000
v 56.000000 1.820801 84.000000
v 99.000000 1.820801 92.000000
v 6.000000 1.820801 91.000000
v 91.000000 1.820801 90.000000
v -81.000000 1.820801 72.000000
v -26.000000 1.820801 90.000000
v 6.000000 1.820801 89.000000
v 69.000000 1.820801 83.555298
v 81.000000 1.820801 88.000000
v 85.000000 1.820801 89.000000
v -39.000000 1.820801 85.000000
v 74.000000 1.820801 85.000000
v 78.000000 1.820801 86.000000
v 79.000000 1.820801 89.000000
v 4.000000 1.820801 83.000000
v 66.611023 1.820801 83.169495
v -41.000000 1.820801 82.000000
v 34.000000 1.820801 77.000000
v -50.000000 1.820801 82.000000
v -42.000000 1.820801 78.000000
v -100.000000 1.820801 100.000000
v -42.000000 1.820801 75.000000
v -61.000000 1.820801 70.000000
v -90.000000 1.820801 63.000000
v -75.000000 1.820801 67.000000
v -69.433594 1.820801 67.333984
v -64.404297 1.820801 67.675781
v 27.000000 1.820801 69.000000
v -100.000000 1.820801 72.000000
v -80.272095 1.820801 64.801880
v -100.000000 1.820801 63.000000
v -88.000000 1.820801 60.000000
v -91.000000 1.820801 58.000000
v -87.000000 1.820801 58.000000
v -95.000000 1.820801 52.000000
v -94.000000 1.820801 51.000000
v -91.000000 1.820801 48.000000
v -93.000000 1.820801 50.786987
v -87.000000 1.820801 44.000000
v -85.000000 1.820801 41.000000
v 48.000000 1.820801 40.000000
v 52.000000 1.820801 42.000000
v 61.000000 1.820801 42.000000
v 67.000000 1.820801 40.000000
v -90.000000 1.820801 35.000000
v -85.000000 1.820801 37.000000
v 50.000000 1.820801 40.000000
v 60.000000 1.820801 39.000000
v -100.000000 1.820801 43.000000
v 40.000000 1.820801 37.000000
v -91.000000 1.820801 28.000000
v -88.000000 1.820801 33.000000
v -89.000000 1.820801 32.000000
v 83.000000 1.820801 30.000000
v 35.986328 1.820801 27.148438
v -90.000000 1.820801 26.000000
v 98.000000 1.820801 27.000000
v -86.898804 1.820801 24.224106
v 35.000000 1.820801 23.000000
v 96.000000 1.820801 25.000000
v 100.000000 1.820801 25.000000
v -91.000000 1.820801 21.000000
v -87.000000 1.820801 22.000000
v 34.000000 1.820801 23.000000
v 33.000000 1.820801 21.000000
v 35.000000 1.820801 22.000000
v 100.000000 1.820801 16.000000
v -90.000000 1.820801 20.000000
v -85.000000 1.820801 20.000000
v 30.000000 1.820801 21.000000
v 35.000000 1.820801 20.000000
v 63.000000 1.820801 20.000000
v -95.000000 1.820801 18.000000
v -92.000000 1.820801 19.000000
v -89.000000 1.820801 19.000000
v -87.000000 1.820801 18.000000
v -51.000000 1.820801 18.000000
v 24.000000 1.820801 19.000000
v 31.000000 1.820801 20.000000
v 81.000000 1.820801 16.000000
v 88.000000 1.820801 16.000000
v -93.000000 1.820801 16.000000
v -43.310547 1.820801 14.892578
v 26.000000 1.820801 17.000000
v 56.000000 1.820801 17.000000
v 79.000000 1.820801 16.000000
v -98.000000 1.820801 14.000000
v 21.093750 1.820801 12.548828
v 36.914062 1.820801 14.208984
v 81.000000 1.820801 15.000000
v 79.000000 1.820801 14.000000
v -60.000000 1.820801 12.000000
v -54.345703 1.820801 16.943359
v 32.000000 1.820801 13.000000
v 38.000000 1.820801 11.000000
v 78.000000 1.820801 13.000000
v -58.642578 1.820801 4.736328
v -70.000000 1.820801 9.000000
v 34.000000 1.820801 11.000000
v 45.000000 1.820801 8.000000
v 54.687500 1.820801 8.447266
v 76.000000 1.820801 9.000000
v 77.000000 1.820801 9.000000
v -51.000000 1.820801 5.000000
v -38.000000 1.820801 2.000000
v 12.000000 1.820801 7.000000
v 33.000000 1.820801 11.351501
v 41.969727 1.820801 7.000000
v 41.000000 1.820801 6.000000
v 45.000000 1.820801 6.000000
v 79.000000 1.820801 6.000000
v -49.000000 1.820801 4.000000
v -47.000000 1.820801 3.000000
v 20.605469 1.820801 2.783199
v 31.000000 1.820801 4.000000
v 35.000000 1.820801 4.000000
v 48.000000 1.820801 3.000000
v 49.000000 1.820801 4.000000
v -68.000000 1.820801 3.000000
v -63.183594 1.820801 2.246090
v -41.000000 1.820801 2.000000
v -39.257812 1.820801 2.734371
v -38.000000 1.820801 0.964965
v 11.000000 1.820801 2.000000
v 21.875000 1.820801 1.611326
v 25.000000 1.820801 1.000000
v 33.000000 1.820801 2.000000
v 47.000000 1.820801 2.000000
v -36.000000 1.820801 0.000000
v 16.000000 1.820801 1.157594
v 40.000000 1.820801 4.000000
v 43.000000 1.820801 -3.000000
v 46.000000 1.820801 -1.000000
v 64.000000 1.820801 -1.000000
v 73.000000 1.820801 0.000000
v 74.000000 1.820801 -1.000000
v 14.000000 1.820801 -4.000000
v 13.000000 1.820801 -4.000000
v 70.000000 1.820801 -3.000000
v 72.000000 1.820801 -4.245117
v -26.984116 1.820801 -5.997414
v 74.815918 1.820801 -5.966354
v -34.000000 1.820801 -6.549053
v -27.832031 1.820801 -5.859379
v 37.000000 1.820801 -8.142166
v 66.000000 1.820801 -9.000000
v 74.000000 1.820801 -7.000000
v -29.736328 1.820801 -17.138672
v 34.000000 1.820801 -9.000000
v 64.000000 1.820801 -10.000000
v 73.000000 1.820801 -9.000000
v 31.103516 1.820801 -6.054691
v 32.000000 1.820801 -11.000000
v 36.000000 1.820801 -11.000000
v 95.000000 1.820801 -4.000000
v 73.000000 1.820801 -13.000000
v 3.350332 1.820801 -13.321220
v 3.000000 1.820801 -16.000000
v 6.000000 1.820801 -15.000000
v 11.000000 1.820801 -20.000000
v 16.000000 1.820801 -12.000000
v 74.000000 1.820801 -15.000000
v -30.000000 1.820801 -19.000000
v 5.000000 1.820801 -19.000000
v 26.000000 1.820801 -8.000000
v 39.518433 1.820801 -22.000000
v 70.000000 1.820801 -15.000000
v 100.000000 1.820801 -26.000000
v -43.554688 1.820801 -21.582031
v -16.000000 1.820801 -22.000000
v 2.000000 1.820801 -22.000000
v 4.000000 1.820801 -21.000000
v 40.000000 1.820801 -21.000000
v 39.000000 1.820801 -22.000000
v -45.000000 1.820801 -25.000000
v 42.000000 1.820801 -23.000000
v 41.000000 1.820801 -24.000000
v 71.000000 1.820801 -18.000000
v 86.229065 1.820801 -25.984665
v -32.000000 1.820801 -26.000000
v -27.000000 1.820801 -26.000000
v -1.000000 1.820801 -24.000000
v 36.425781 1.820801 -23.974609
v 76.000000 1.820801 -26.000000
v 83.000000 1.820801 -25.000000
v 81.969849 1.820801 -26.000000
v -18.164062 1.820801 -30.957031
v -19.000000 1.820801 -25.000000
v 39.000000 1.820801 -29.000000
v 43.000000 1.820801 -27.000000
v 72.000000 1.820801 -27.000000
v 82.000000 1.820801 -27.000000
v -51.000000 1.820801 -30.000000
v -45.000000 1.820801 -30.000000
v -47.000000 1.820801 -29.000000
v -46.161377 1.820801 -27.139587
v -27.000000 1.820801 -27.000000
v -23.000000 1.820801 -28.000000
v -2.392574 1.820801 -29.492188
v 32.000000 1.820801 -28.000000
v 34.000000 1.820801 -29.000000
v 49.687225 1.820801 -29.000000
v 52.459259 1.820801 -29.000000
v 68.359375 1.820801 -28.369141
v 76.000000 1.820801 -29.000000
v -52.000000 1.820801 -32.000000
v -50.000000 1.820801 -29.000000
v -24.000000 1.820801 -27.000000
v -2.148436 1.820801 -31.494141
v 37.000000 1.820801 -33.000000
v 52.000000 1.820801 -31.000000
v 78.000000 1.820801 -31.000000
v 100.000000 1.820801 -33.000000
v -54.000000 1.820801 -32.000000
v -27.000000 1.820801 -35.000000
v -1.220703 1.820801 -33.007812
v 78.000000 1.820801 -34.000000
v 81.000000 1.820801 -34.000000
v 84.000000 1.820801 -34.000000
v 92.000000 1.820801 -34.000000
v 95.000000 1.820801 -34.000000
v -57.000000 1.820801 -36.000000
v -45.000000 1.820801 -44.000000
v -32.617188 1.820801 -38.476562
v -24.000000 1.820801 -35.000000
v -63.000000 1.820801 -38.000000
v -41.000000 1.820801 -46.000000
v -1.367188 1.820801 -38.134766
v 55.761719 1.820801 -33.837891
v 91.748047 1.820801 -38.769531
v 88.000000 1.820801 -35.000000
v 95.312500 1.820801 -37.451172
v -34.981232 1.820801 -40.020355
v -1.037110 1.820801 -40.000000
v -41.404541 1.820801 -46.249207
v 0.000000 1.820801 -43.000000
v 85.156250 1.820801 -44.384766
v -63.000000 1.820801 -58.000000
v -35.000000 1.820801 -42.462830
v -2.000000 1.820801 -46.000000
v 85.000000 1.820801 -46.000000
v -46.000000 1.820801 -47.000000
v -4.000000 1.820801 -47.000000
v -1.000000 1.820801 -45.000000
v 84.000000 1.820801 -48.000000
v -52.000000 1.820801 -52.000000
v -84.000000 1.820801 -53.000000
v -82.000000 1.820801 -53.000000
v -87.000000 1.820801 -63.000000
v -56.000000 1.820801 -56.000000
v 80.000000 1.820801 -55.000000
v 81.000000 1.820801 -56.000000
v -85.000000 1.820801 -57.000000
v -10.000000 1.820801 -54.000000
v -88.000000 1.820801 -59.000000
v -28.000000 1.820801 -60.000000
v -25.000000 1.820801 -60.000000
v 77.000000 1.820801 -57.000000
v 84.000000 1.820801 -59.000000
v -57.000000 1.820801 -62.000000
v -27.000000 1.820801 -63.000000
v -21.000000 1.820801 -62.000000
v -72.000000 1.820801 -68.000000
v -30.000000 1.820801 -63.000000
v 77.000000 1.820801 -64.000000
v -91.000000 1.820801 -66.000000
v -59.000000 1.820801 -66.000000
v -25.000000 1.820801 -65.000000
v 84.000000 1.820801 -64.000000
v 87.000000 1.820801 -67.000000
v -92.000000 1.820801 -67.000000
v -59.000000 1.820801 -68.000000
v 90.000000 1.820801 -69.000000
v -92.000000 1.820801 -69.000000
v -60.000000 1.820801 -69.000000
v -36.425781 1.820801 -68.945312
v -93.000000 1.820801 -71.000000
v -63.000000 1.820801 -70.000000
v -32.000000 1.820801 -73.000000
v -69.000000 1.820801 -74.000000
v -100.000000 1.820801 -76.562500
v 91.000000 1.820801 -77.000000
v -72.000000 1.820801 -79.000000
v -74.000000 1.820801 -84.000000
v -47.000000 1.820801 -85.000000
v -46.995270 1.820801 -85.670349
v -46.000000 1.820801 -88.000000
v 96.000000 1.820801 -86.000000
v -100.000000 1.820801 -82.000000
v -71.000000 1.820801 -88.000000
v 100.000000 1.820801 -88.000000
v -72.167969 1.820801 -90.722656
v -59.570312 1.820801 -90.136719
v -56.494141 1.820801 -85.888672
v -50.000000 1.820801 -89.000000
v -100.000000 1.820801 -100.000000
v -77.000000 1.820801 -95.000000
v -50.000000 1.820801 -91.000000
v -81.000000 1.820801 -100.000000
v -50.000000 1.820801 -93.000000
v -59.000000 1.820801 -96.000000
v -70.507812 1.820801 -96.093750
v -63.867188 1.820801 -98.925781
v -58.000000 1.820801 -98.000000
v -62.000000 1.820801 -99.000000
v -59.000000 1.820801 -100.000000
v -58.000000 1.820801 -100.000000
v -40.458649 1.820801 81.386230
v -34.082611 1.820801 87.212402
v -31.000000 1.820801 87.493591
v -25.395996 1.820801 88.003540
v -10.473633 1.820801 95.043945
v -6.007240 1.820801 97.908508
v -5.000000 1.820801 98.080444
v -4.006153 1.820801 98.231995
v 4.403202 1.820801 85.118164
v 3.822617 1.820801 83.296326
v 3.803234 1.820801 83.203735
v 3.562023 1.820801 81.005981
v 27.832031 1.820801 68.310547
v 29.638672 1.820801 68.945312
v 33.544922 1.820801 69.921875
v 35.791016 1.820801 73.535156
v 48.095703 1.820801 78.027344
v 52.294922 1.820801 77.832031
v 56.103516 1.820801 81.347656
v 56.738281 1.820801 83.154297
v 58.593750 1.820801 83.740234
v 60.595703 1.820801 83.300781
v 62.207031 1.820801 82.470703
v 78.501953 1.820801 86.000000
v 81.384766 1.820801 87.179077
v 89.160278 1.820801 88.865051
v 89.253357 1.820801 88.881226
v -100.000000 1.820801 13.623047
v -94.000000 1.820801 14.364822
v -92.946838 1.820801 16.150360
v -91.924988 1.820801 18.790466
v -88.804077 1.820801 18.235092
v -87.917969 1.820801 18.000000
v -88.000000 1.820801 25.120819
v -88.000000 1.820801 32.142181
v -89.673523 1.820801 47.735260
v -88.330078 1.820801 55.859375
v -85.000000 1.820801 56.369843
v -83.740234 1.820801 61.523438
v -74.000000 1.820801 66.810059
v -73.662354 1.820801 67.000000
v -73.000000 1.820801 67.223572
v -71.386719 1.820801 67.138672
v -66.210938 1.820801 68.310547
v -50.000000 1.820801 72.132324
v -47.167969 1.820801 73.193359
v 35.009766 1.820801 24.511719
v 36.652191 1.820801 25.000000
v 36.404022 1.820801 23.646149
v 35.450531 1.820801 20.410110
v 34.378601 1.820801 16.565491
v 33.803101 1.820801 14.741669
v 32.917908 1.820801 13.145676
v 35.253906 1.820801 12.158203
v 38.232422 1.820801 13.085938
v 39.513794 1.820801 11.544350
v 37.548828 1.820801 9.765625
v 37.011719 1.820801 9.912109
v 36.411896 1.820801 8.109810
v 40.634399 1.820801 6.103516
v 43.906189 1.820801 9.000000
v 44.949554 1.820801 9.000000
v 48.975922 1.820801 3.000000
v 43.000000 1.820801 -4.000000
v 42.000000 1.820801 -4.283409
v 37.909943 1.820801 -8.000000
v 34.033203 1.820801 -5.371098
v 35.937500 1.820801 -5.126957
v 37.353516 1.820801 -4.101566
v 39.843750 1.820801 -1.708986
v 34.667969 1.820801 -4.736332
v 34.000000 1.820801 -6.925686
v 35.115875 1.820801 -8.000000
v 34.321472 1.820801 -9.668915
v 37.792969 1.820801 -11.083984
v 36.962891 1.820801 -12.695312
v 34.570312 1.820801 -15.185547
v 33.007812 1.820801 -18.505859
v 30.712891 1.820801 -23.144531
v 32.910156 1.820801 -27.294922
v 33.154297 1.820801 -25.585938
v 34.667969 1.820801 -24.658203
v 39.404297 1.820801 -19.628906
v 41.406250 1.820801 -19.189453
v 41.811523 1.820801 -20.000000
v 38.598450 1.820801 -23.772079
v 40.565063 1.820801 -23.333725
v 44.339386 1.820801 -20.000000
v 44.238281 1.820801 -22.900391
v 44.384766 1.820801 -24.609375
v 46.044922 1.820801 -23.828125
v 47.900391 1.820801 -24.023438
v 45.410156 1.820801 -26.416016
v 44.091797 1.820801 -26.562500
v 42.735046 1.820801 -29.000000
v 42.000000 1.820801 -29.324158
v 40.966797 1.820801 -29.589844
v 39.648438 1.820801 -29.736328
v 40.917969 1.820801 -30.908203
v 46.582031 1.820801 -30.810547
v 44.628906 1.820801 -30.419922
v 51.074219 1.820801 -32.080078
v 58.984375 1.820801 -32.177734
v 60.888672 1.820801 -31.835938
v 62.939453 1.820801 -31.738281
v 70.849609 1.820801 -27.734375
v 66.308594 1.820801 -20.849609
v 65.771484 1.820801 -19.042969
v 65.771484 1.820801 -16.601562
v 67.000000 1.820801 -13.388954
v 71.927429 1.820801 -14.586853
v 72.274902 1.820801 -2.388342
v 71.435547 1.820801 -0.488282
v 70.000000 1.820801 -3.134779
v 68.127991 1.820801 -2.396181
v 67.051758 1.820801 1.207709
v 67.576172 1.820801 2.000000
v 69.580078 1.820801 3.417967
v 72.714905 1.820801 4.000000
v 76.708984 1.820801 5.664062
v 74.462891 1.820801 9.765625
v 76.949219 1.820801 13.000000
v 79.482422 1.820801 15.000000
v 79.000000 1.820801 15.746780
v 77.099609 1.820801 16.210938
v 77.055969 1.820801 18.000000
v 82.000000 1.820801 17.946381
v 83.000000 1.820801 17.815994
v 84.961182 1.820801 17.679169
v 85.302734 1.820801 18.261719
v 86.960327 1.820801 17.676682
v 82.128906 1.820801 19.970703
v 82.000000 1.820801 20.006516
v 79.021973 1.820801 21.923706
v 79.101562 1.820801 22.119141
v 82.000000 1.820801 21.611816
v 84.000000 1.820801 20.763031
v 83.000000 1.820801 20.925827
v 85.000000 1.820801 22.000000
v 95.953064 1.820801 25.146622
v 96.334839 1.820801 25.957886
v -93.317078 1.820801 -71.161499
v -83.000000 1.820801 -52.081787
v -75.488281 1.820801 -46.386719
v -77.001953 1.820801 -47.314453
v -70.751953 1.820801 -41.357422
v -68.066406 1.820801 -39.160156
v -66.259766 1.820801 -38.525391
v -63.184082 1.820801 -37.251007
v -56.620758 1.820801 -34.336426
v -49.000000 1.820801 -28.890533
v -46.191406 1.820801 -23.730469
v -44.824219 1.820801 -22.656250
v -42.089844 1.820801 -20.605469
v -40.283203 1.820801 -21.142578
v -37.207031 1.820801 -15.234375
v -37.124664 1.820801 -15.000000
v -36.370972 1.820801 -13.000000
v -34.788086 1.820801 -8.000000
v -34.253662 1.820801 -7.000000
v -34.375000 1.820801 -4.589848
v -36.181641 1.820801 -3.955082
v -37.068542 1.820801 -2.000000
v -37.037415 1.820801 0.040710
v -40.429688 1.820801 0.976563
v -47.000000 1.820801 2.723131
v -48.000000 1.820801 3.124729
v -47.827759 1.820801 3.000000
v -50.832336 1.820801 4.188988
v -53.031738 1.820801 4.296474
v -55.175781 1.820801 4.101559
v -60.009766 1.820801 3.662106
v -71.000000 1.820801 8.195305
v -69.332397 1.820801 10.449478
v -65.673828 1.820801 11.279297
v -67.333984 1.820801 10.595703
v -63.867188 1.820801 11.914062
v -61.348633 1.820801 14.000000
v -61.000000 1.820801 14.189171
v -58.251953 1.820801 16.064453
v -50.585938 1.820801 20.507812
v -48.828125 1.820801 21.191406
v -45.166016 1.820801 21.826172
v -43.896484 1.820801 21.533203
v -44.189453 1.820801 11.572266
v -43.310547 1.820801 10.009766
v -41.000000 1.820801 5.088329
v -39.000000 1.820801 5.102680
v -34.000000 1.820801 5.296879
v -33.398438 1.820801 4.394531
v -33.259827 1.820801 4.000000
v -32.000000 1.820801 2.078773
v -31.881836 1.820801 2.000000
v -31.000000 1.820801 1.394933
v -30.000000 1.820801 0.670803
v -29.698639 1.820801 0.000000
v -29.199219 1.820801 -4.785160
v -23.925781 1.820801 -6.835945
v -25.732422 1.820801 -6.201176
v -23.974609 1.820801 -8.642586
v -24.000000 1.820801 -9.023460
v -24.121094 1.820801 -10.839844
v -24.218750 1.820801 -12.988281
v -28.000000 1.820801 -16.262161
v -29.467133 1.820801 -17.000000
v -29.769897 1.820801 -18.891129
v -28.698761 1.820801 -22.084442
v -27.000000 1.820801 -25.403030
v -23.891098 1.820801 -26.794586
v -14.865784 1.820801 -19.000000
v -10.888672 1.820801 -19.677750
v -11.523438 1.820801 -25.390625
v -15.234375 1.820801 -29.003906
v -21.240234 1.820801 -32.763672
v -22.412109 1.820801 -34.033203
v -25.537109 1.820801 -35.791016
v -26.634293 1.820801 -36.000000
v -27.587891 1.820801 -36.181641
v -29.000000 1.820801 -36.579926
v -33.000000 1.820801 -38.656708
v -34.000000 1.820801 -39.127289
v -35.449219 1.820801 -42.187500
v -33.842407 1.820801 -44.000000
v -38.000000 1.820801 -46.365143
v -37.000000 1.820801 -46.501526
v -38.964844 1.820801 -46.240234
v -44.192596 1.820801 -47.000000
v -45.975098 1.820801 -48.016602
v -47.917175 1.820801 -49.390869
v -49.000000 1.820801 -50.114594
v -50.181732 1.820801 -50.946503
v -56.392883 1.820801 -60.485291
v -58.210876 1.820801 -66.063171
v -68.988586 1.820801 -74.757202
v -69.335938 1.820801 -95.019531
v -68.000000 1.820801 -95.707764
v -62.158875 1.820801 -98.627136
v -60.575745 1.820801 -93.662659
v -53.438751 1.820801 -90.000000
v -53.000000 1.820801 -90.715881
v -52.636719 1.820801 -91.308594
v -52.102600 1.820801 -93.000000
v -50.654083 1.820801 -92.000000
v -48.000000 1.820801 -88.209106
v -48.000000 1.820801 -85.708740
v -21.728516 1.820801 -61.328125
v -19.921875 1.820801 -57.958984
v -20.816345 1.820801 -58.570984
v -18.066406 1.820801 -57.666016
v -16.455078 1.820801 -57.031250
v -8.398430 1.820801 -50.439453
v -1.000000 1.820801 -41.673828
v -1.075537 1.820801 -39.884674
v -2.050781 1.820801 -27.587891
v -1.875259 1.820801 -25.000000
v -0.997425 1.820801 -23.230453
v -0.941069 1.820801 -23.171600
v 5.000000 1.820801 -12.517570
v 5.440430 1.820801 -14.000000
v 4.886669 1.820801 -16.000000
v 5.000000 1.820801 -15.817459
v 6.120926 1.820801 -14.000000
v 11.767578 1.820801 -6.445320
v 9.814453 1.820801 -3.515629
v 12.000000 1.820801 -3.336468
v 14.425156 1.820801 -2.013685
v 15.720932 1.820801 1.000000
v 17.340759 1.820801 1.071073
v 18.945312 1.820801 2.392574
v 17.822266 1.820801 3.710934
v 16.601562 1.820801 7.373047
v 17.578125 1.820801 8.740234
v 19.873062 1.820801 11.328125
v 20.654297 1.820801 14.453125
v 19.970718 1.820801 16.210938
v 20.654297 1.820801 17.968750
v 21.142578 1.820801 19.921875
v 27.832031 1.820801 21.630859
v 28.027344 1.820801 23.681641
v 30.308289 1.820801 21.724121
v 57.763672 1.820801 -20.800781
v 54.736328 1.820801 -19.531250
v 65.000000 1.820801 2.261528
v 60.267151 1.820801 18.000000
v 60.582947 1.820801 17.000000
v 59.033203 1.820801 15.673828
v -30.408661 1.820801 -62.362549
v -31.377808 1.820801 -63.477966
v 42.000000 1.820801 34.829010
v 39.294922 1.820801 38.000000
v 39.810089 1.820801 39.000000
v 40.000000 1.820801 39.219055
v 45.000000 1.820801 40.185547
v 47.902100 1.820801 40.567200
v 48.000000 1.820801 40.587311
v 61.425598 1.820801 42.965637
v 65.000000 1.820801 42.706787
v 67.846130 1.820801 40.000000
v 65.185547 1.820801 38.671875
v 59.912170 1.820801 38.136017
v 56.054688 1.820801 38.037109
v 54.443359 1.820801 37.207031
v 47.119141 1.820801 36.425781
v 33.300781 1.820801 25.830078
v 33.544922 1.820801 27.832031
v 35.107422 1.820801 28.710938
v 34.814453 1.820801 25.878906
v 9.326180 1.820801 3.076168
v 12.304688 1.820801 2.734371
v 12.109375 1.820801 -0.390625
v 8.740242 1.820801 0.634766
v 9.472656 1.820801 -1.074220
v -50.591309 1.820801 -85.163208
v -52.243530 1.820801 -85.937378
v 12.345657 1.820801 6.189026
v 11.035156 1.820801 5.908203
v 10.791016 1.820801 7.714844
v 12.000000 1.820801 9.061844
v 13.232422 1.820801 9.472656
v 13.644974 1.820801 7.000000
v 12.424553 1.820801 6.215454
v 86.000000 1.820801 27.958786
v 86.865234 1.820801 25.390625
v 85.000000 1.820801 25.075287
v 84.326172 1.820801 25.488281
v 81.787109 1.820801 28.000000
v 83.000000 1.820801 31.463837
v 54.931641 1.820801 10.449219
v 51.464844 1.820801 5.517578
v 51.708984 1.820801 7.324219
v 63.647461 1.820801 20.141602
v 71.289062 1.820801 7.421875
v 70.000000 1.820801 8.211952
v 74.260071 1.820801 9.000000
v 65.527344 1.820801 -8.691414
v 66.894531 1.820801 -7.714851
v 70.312500 1.820801 -9.570312
v 66.210938 1.820801 -12.695312
v 64.746094 1.820801 -11.718750
v 49.205719 1.820801 -30.000000
v 50.000000 1.820801 -28.750610
v 51.000000 1.820801 -28.313110
v -25.975372 1.820801 -59.033203
v 63.000000 1.820801 -22.018387
v 64.172119 1.820801 -23.000000
v 61.962891 1.820801 -23.291016
v 61.669922 1.820801 -22.021484
v 56.103516 1.820801 17.968750
v 57.076172 1.820801 16.000000
v 57.326172 1.820801 17.000000
v 56.000000 1.820801 16.396912
v 91.143372 1.820801 -79.072998
v 90.848206 1.820801 -70.067932
v 90.866577 1.820801 -68.994263
v 89.530396 1.820801 -66.137390
v 90.549866 1.820801 -67.000000
v 87.402222 1.820801 -66.017822
v 85.786133 1.820801 -65.493164
v 87.309570 1.820801 -66.000977
v 84.036438 1.820801 -57.861145
v 90.039062 1.820801 -39.501953
v 96.875000 1.820801 -37.255859
v 99.280090 1.820801 -37.000000
v 28.662109 1.820801 0.146484
v 24.755859 1.820801 0.439454
v 28.330841 1.820801 2.057865
v 27.000000 1.820801 1.537321
v 32.000000 1.820801 4.410748
v 33.349762 1.820801 2.634151
v 91.601562 1.820801 -33.201874
v 85.896973 1.820801 -34.264069
v 82.812134 1.820801 -33.394287
v 80.677246 1.820801 -33.338013
v 83.105469 1.820801 -27.783203
v 84.875854 1.820801 -27.000000
v 86.132874 1.820801 -25.977753
v 92.529297 1.820801 -25.781250
v 92.773438 1.820801 -26.708984
v 95.605469 1.820801 -29.833984
v -100.000000 -1.820797 100.000000
v -49.000000 -1.820797 100.000000
v -100.000000 -1.820797 72.000000
v -100.000000 -1.820797 62.000000
v -100.000000 -1.820797 63.000000
v -100.000000 -1.820797 56.000000
v -93.692810 -1.820797 56.240875
v -92.178406 -1.820797 57.180481
v -90.523071 -1.820797 57.947815
v -88.525391 -1.820797 57.812500
v -94.488037 -1.820797 54.541656
v -94.714355 -1.820797 52.477936
v -94.463623 -1.820797 54.629822
v -93.642395 -1.820797 51.124969
v -93.000000 -1.820797 50.786987
v -92.042542 -1.820797 50.286499
v -91.011963 -1.820797 48.878296
v -89.673523 -1.820797 47.735260
v -88.332947 -1.820797 46.679352
v -81.443604 -1.820797 64.248840
v -83.440002 -1.820797 63.864441
v -82.812500 -1.820797 63.037109
v -83.740234 -1.820797 61.523438
v -87.158203 -1.820797 60.156250
v -87.768982 -1.820797 59.329346
v -84.228516 -1.820797 59.570312
v -79.833984 -1.820797 66.406250
v -79.891541 -1.820797 65.010010
v -80.272095 -1.820797 64.801880
v -78.515625 -1.820797 65.283203
v -81.356934 -1.820797 64.276978
v -86.952820 -1.820797 58.501404
v -85.986328 -1.820797 58.886719
v -88.330078 -1.820797 55.859375
v -85.536438 -1.820797 58.030457
v -86.230469 -1.820797 55.810547
v -85.000000 -1.820797 56.369843
v -84.639221 -1.820797 56.556519
v -76.464844 -1.820797 65.576172
v -74.922241 -1.820797 66.302063
v -74.804688 -1.820797 66.357422
v -74.000000 -1.820797 66.810059
v -73.662354 -1.820797 67.000000
v -73.000000 -1.820797 67.223572
v -73.242188 -1.820797 67.236328
v -71.386719 -1.820797 67.138672
v -76.978516 -1.820797 65.502808
v -77.244141 -1.820797 65.464844
v -68.212891 -1.820797 68.554688
v -69.433594 -1.820797 67.333984
v -66.210938 -1.820797 68.310547
v -64.404297 -1.820797 67.675781
v -62.548828 -1.820797 67.285156
v -60.791016 -1.820797 67.968750
v -59.082031 -1.820797 68.017578
v -53.564453 -1.820797 69.824219
v -55.468750 -1.820797 69.287109
v -100.000000 -1.820797 43.000000
v -100.000000 -1.820797 13.623047
v -87.110291 -1.820797 45.454285
v -88.813354 -1.820797 31.636871
v -89.693848 -1.820797 30.074463
v -90.268555 -1.820797 28.223114
v -88.000000 -1.820797 32.142181
v -87.313843 -1.820797 32.561035
v -89.639282 -1.820797 26.414337
v -88.000000 -1.820797 25.120819
v -86.820068 -1.820797 24.000000
v -86.898804 -1.820797 24.224106
v -86.972107 -1.820797 24.313202
v -86.155334 -1.820797 44.027954
v -86.115112 -1.820797 43.952881
v -85.418091 -1.820797 42.326416
v -85.379517 -1.820797 42.248077
v -84.542358 -1.820797 40.759735
v -84.510254 -1.820797 40.676544
v -84.475891 -1.820797 36.816620
v -84.615906 -1.820797 34.716583
v -84.463684 -1.820797 36.912354
v -84.090454 -1.820797 38.906708
v -84.642334 -1.820797 34.635925
v -85.661743 -1.820797 33.244873
v -86.294556 -1.820797 22.504395
v -96.139465 -1.820797 13.478241
v -97.999573 -1.820797 13.143257
v -98.092834 -1.820797 13.146255
v -94.000000 -1.820797 14.364822
v -94.394897 -1.820797 14.064491
v -93.191589 -1.820797 15.000000
v -93.027771 -1.820797 15.151688
v -92.990723 -1.820797 15.522064
v -91.055969 -1.820797 20.171143
v -91.924988 -1.820797 18.790466
v -91.965088 -1.820797 18.714508
v -92.586853 -1.820797 17.700043
v -90.135803 -1.820797 19.096695
v -88.804077 -1.820797 18.235092
v -92.940063 -1.820797 16.247543
v -92.946838 -1.820797 16.150360
v -92.866150 -1.820797 17.222916
v -92.973999 -1.820797 15.761627
v -92.980774 -1.820797 15.664444
v -86.232849 -1.820797 22.406448
v -88.723572 -1.820797 18.201401
v -87.917969 -1.820797 18.000000
v -85.269592 -1.820797 21.275665
v -85.040222 -1.820797 21.016830
v -84.851135 -1.820797 20.812012
v -84.100464 -1.820797 19.998779
v -86.862366 -1.820797 17.736099
v -86.782593 -1.820797 17.702072
v -85.351379 -1.820797 16.770508
v -83.964844 -1.820797 17.673080
v -84.989014 -1.820797 16.992798
v -83.995056 -1.820797 19.860809
v -71.269531 -1.820797 7.656258
v -71.285522 -1.820797 7.568626
v -71.278381 -1.820797 7.471489
v -71.134094 -1.820797 5.627464
v -71.000000 -1.820797 8.195305
v -71.032776 -1.820797 5.486332
v -65.673828 -1.820797 11.279297
v -67.333984 -1.820797 10.595703
v -69.332397 -1.820797 10.449478
v -69.828247 -1.820797 9.915848
v -70.500549 -1.820797 9.183098
v -68.906006 -1.820797 2.992392
v -67.041016 -1.820797 2.783199
v -66.113281 -1.820797 4.199215
v -62.646484 -1.820797 13.134766
v -63.867188 -1.820797 11.914062
v -61.181641 -1.820797 14.111328
v -61.348633 -1.820797 14.000000
v -59.472656 -1.820797 14.843750
v -61.000000 -1.820797 14.189171
v -56.250000 -1.820797 16.406250
v -58.251953 -1.820797 16.064453
v -54.345703 -1.820797 16.943359
v -52.734375 -1.820797 17.773438
v -56.835938 -1.820797 4.882812
v -58.642578 -1.820797 4.736328
v -65.087891 -1.820797 2.783199
v -60.009766 -1.820797 3.662106
v -63.183594 -1.820797 2.246090
v -61.572266 -1.820797 2.783199
v -55.175781 -1.820797 4.101559
v -53.031738 -1.820797 4.296474
v -50.927643 -1.820797 4.201435
v -15.000000 -1.820797 100.000000
v -40.458649 -1.820797 81.386230
v -40.497314 -1.820797 81.307678
v -39.668304 -1.820797 82.920410
v -39.000000 -1.820797 84.111755
v -37.359589 -1.820797 85.540405
v -38.763947 -1.820797 84.514526
v -41.258759 -1.820797 79.672974
v -41.545898 -1.820797 77.684570
v -41.543762 -1.820797 77.589600
v -41.240967 -1.820797 76.000000
v -31.000000 -1.820797 87.493591
v -31.884857 -1.820797 87.453369
v -27.491272 -1.820797 87.597656
v -29.736359 -1.820797 87.549866
v -26.220276 -1.820797 87.839539
v -34.169434 -1.820797 87.187134
v -34.082611 -1.820797 87.212402
v -31.981812 -1.820797 87.445801
v -47.167969 -1.820797 73.193359
v -45.751953 -1.820797 73.632812
v -48.925781 -1.820797 72.509766
v -50.732422 -1.820797 71.875000
v -50.000000 -1.820797 72.132324
v -43.652344 -1.820797 73.974609
v -42.000000 -1.820797 75.000000
v -41.174591 -1.820797 75.574463
v -41.950134 -1.820797 74.518555
v -13.912262 -1.820797 92.255127
v -13.111038 -1.820797 92.792053
v -16.219788 -1.820797 91.034424
v -16.304993 -1.820797 91.002869
v -14.608322 -1.820797 91.794983
v -18.177673 -1.820797 90.470886
v -25.395996 -1.820797 88.003540
v -23.676270 -1.820797 88.607788
v -23.587585 -1.820797 88.635803
v -25.486572 -1.820797 87.979309
v -19.837418 -1.820797 89.695312
v -9.277946 -1.820797 96.236450
v -10.473633 -1.820797 95.043945
v -11.743240 -1.820797 93.870117
v -5.000000 -1.820797 100.000000
v -4.100178 -1.820797 98.234070
v -5.000000 -1.820797 98.080444
v -6.007240 -1.820797 97.908508
v -6.098152 -1.820797 97.885132
v -7.869705 -1.820797 97.256714
v -4.006153 -1.820797 98.231995
v 4.000000 -1.820797 100.000000
v -2.097363 -1.820797 97.812988
v -1.000000 -1.820797 97.261414
v -0.447870 -1.820797 96.975952
v 1.076527 -1.820797 96.039429
v -48.828125 -1.820797 21.191406
v -50.585938 -1.820797 20.507812
v -47.070312 -1.820797 21.679688
v -45.166016 -1.820797 21.826172
v -51.562500 -1.820797 19.042969
v -43.896484 -1.820797 21.533203
v -43.896484 -1.820797 19.580078
v -42.724609 -1.820797 18.310547
v -43.310547 -1.820797 14.892578
v -43.896484 -1.820797 13.525391
v -42.285156 -1.820797 16.308594
v -44.189453 -1.820797 11.572266
v -43.310547 -1.820797 10.009766
v -50.832336 -1.820797 4.188988
v -49.971375 -1.820797 4.000000
v -48.000000 -1.820797 3.124729
v -48.923553 -1.820797 3.769993
v -47.827759 -1.820797 3.000000
v -47.448151 -1.820797 2.742174
v -47.000000 -1.820797 2.723131
v -42.822266 -1.820797 8.056641
v -45.458984 -1.820797 2.685543
v -43.603516 -1.820797 2.685543
v -41.845703 -1.820797 6.591797
v -41.000000 -1.820797 5.088329
v -40.951691 -1.820797 5.000000
v -40.136719 -1.820797 3.417967
v -42.003906 -1.820797 2.000000
v -41.894531 -1.820797 1.953121
v -40.429688 -1.820797 0.976563
v -38.302094 -1.820797 6.000000
v -39.000000 -1.820797 5.102680
v -37.000000 -1.820797 6.073441
v -38.168488 -1.820797 6.138889
v -35.921875 -1.820797 6.000000
v -34.375000 -1.820797 5.859375
v -39.257812 -1.820797 2.734371
v -39.208984 -1.820797 4.833984
v -38.000000 -1.820797 0.964965
v -38.818359 -1.820797 1.220703
v -37.260590 -1.820797 0.727586
v -37.037415 -1.820797 0.040710
v -37.083923 -1.820797 0.187934
v -36.990936 -1.820797 -0.106514
v -36.944427 -1.820797 -0.253737
v -36.693176 -1.820797 -1.049436
v -37.068542 -1.820797 -2.000000
v -36.897949 -1.820797 -0.400961
v -36.804962 -1.820797 -0.695396
v -37.402344 -1.820797 -2.734377
v -36.181641 -1.820797 -3.955082
v -34.000000 -1.820797 5.296879
v -33.398438 -1.820797 4.394531
v -33.259827 -1.820797 4.000000
v -32.763672 -1.820797 2.587887
v -32.000000 -1.820797 2.078773
v -31.881836 -1.820797 2.000000
v -31.000000 -1.820797 1.394933
v -31.298828 -1.820797 1.611326
v -30.000000 -1.820797 0.670803
v -29.882812 -1.820797 0.585938
v -34.375000 -1.820797 -4.589848
v -29.698639 -1.820797 0.000000
v -29.345703 -1.820797 -1.123048
v -29.882812 -1.820797 -3.027346
v -29.199219 -1.820797 -4.785160
v -94.649170 -1.820797 -56.965149
v -94.143250 -1.820797 -56.970886
v -92.578125 -1.820797 -57.080078
v -90.988464 -1.820797 -56.863342
v -92.000000 -1.820797 -56.992493
v -87.341064 -1.820797 -56.980591
v -85.887756 -1.820797 -56.001160
v -88.142456 -1.820797 -58.644043
v -77.001953 -1.820797 -47.314453
v -77.978516 -1.820797 -48.779297
v -75.488281 -1.820797 -46.386719
v -74.169922 -1.820797 -45.263672
v -83.731506 -1.820797 -52.369293
v -83.952759 -1.820797 -52.668610
v -84.328064 -1.820797 -53.193085
v -83.535828 -1.820797 -52.104523
v -83.000000 -1.820797 -52.081787
v -81.933594 -1.820797 -52.148438
v -84.679138 -1.820797 -54.792419
v -78.906250 -1.820797 -50.292969
v -80.273438 -1.820797 -51.367188
v -55.810059 -1.820797 -32.777100
v -56.620758 -1.820797 -34.336426
v -55.673767 -1.820797 -32.686737
v -54.257751 -1.820797 -31.891418
v -50.328003 -1.820797 -28.485413
v -51.366821 -1.820797 -29.878967
v -52.547516 -1.820797 -31.148010
v -70.751953 -1.820797 -41.357422
v -69.531250 -1.820797 -40.136719
v -72.021484 -1.820797 -42.529297
v -63.184082 -1.820797 -37.251007
v -63.278381 -1.820797 -37.258423
v -64.990234 -1.820797 -37.353516
v -68.066406 -1.820797 -39.160156
v -66.259766 -1.820797 -38.525391
v -73.437500 -1.820797 -43.554688
v -59.359619 -1.820797 -36.517609
v -61.259094 -1.820797 -37.054413
v -57.546570 -1.820797 -35.853180
v -56.662384 -1.820797 -34.410492
v -54.394562 -1.820797 -55.180511
v -55.369324 -1.820797 -56.652344
v -52.049805 -1.820797 -52.636688
v -50.830688 -1.820797 -51.419830
v -94.140625 -1.820797 -58.251953
v -92.016602 -1.820797 -58.618164
v -91.495728 -1.820797 -58.564209
v -91.066772 -1.820797 -58.472351
v -90.730774 -1.820797 -61.866638
v -91.064453 -1.820797 -59.912109
v -90.740356 -1.820797 -64.103760
v -91.457458 -1.820797 -65.763000
v -92.619507 -1.820797 -67.051331
v -98.334961 -1.820797 -75.668945
v -96.434570 -1.820797 -75.397461
v -98.452637 -1.820797 -75.693542
v -100.000000 -1.820797 -76.562500
v -94.972961 -1.820797 -74.361755
v -93.024109 -1.820797 -69.042053
v -93.317078 -1.820797 -71.161499
v -93.000000 -1.820797 -68.906250
v -93.920227 -1.820797 -73.028259
v -89.062500 -1.820797 -59.472656
v -100.000000 -1.820797 -82.000000
v -100.000000 -1.820797 -100.000000
v -81.000000 -1.820797 -100.000000
v -72.887817 -1.820797 -82.815979
v -72.415710 -1.820797 -81.118530
v -72.948059 -1.820797 -83.123474
v -73.073242 -1.820797 -83.812134
v -73.089294 -1.820797 -83.952087
v -72.954590 -1.820797 -84.298401
v -72.404663 -1.820797 -85.691345
v -72.753906 -1.820797 -92.187500
v -72.167969 -1.820797 -90.722656
v -72.753906 -1.820797 -93.457031
v -75.000000 -1.820797 -100.000000
v -71.923828 -1.820797 -95.068359
v -64.486938 -1.820797 -71.995178
v -63.126160 -1.820797 -70.851013
v -61.467041 -1.820797 -70.134888
v -70.213928 -1.820797 -75.981262
v -68.988586 -1.820797 -74.757202
v -67.443359 -1.820797 -73.807251
v -71.168884 -1.820797 -77.407593
v -71.205444 -1.820797 -77.485779
v -71.763306 -1.820797 -79.252502
v -71.792603 -1.820797 -79.340332
v -65.925232 -1.820797 -72.952148
v -56.881714 -1.820797 -62.435852
v -57.525940 -1.820797 -64.274292
v -58.210876 -1.820797 -66.063171
v -58.553284 -1.820797 -68.103638
v -59.762817 -1.820797 -69.328186
v -58.186646 -1.820797 -65.973206
v -55.872131 -1.820797 -58.638977
v -56.392883 -1.820797 -60.485291
v -56.521973 -1.820797 -61.000000
v -71.014038 -1.820797 -86.515015
v -70.957275 -1.820797 -86.950500
v -70.863831 -1.820797 -88.124878
v -71.869873 -1.820797 -89.366760
v -70.507812 -1.820797 -96.093750
v -68.000000 -1.820797 -95.707764
v -69.335938 -1.820797 -95.019531
v -67.724609 -1.820797 -95.849609
v -67.502502 -1.820797 -96.024170
v -66.357422 -1.820797 -96.923828
v -64.501953 -1.820797 -97.509766
v -63.867188 -1.820797 -98.925781
v -60.575745 -1.820797 -93.662659
v -60.594666 -1.820797 -93.750000
v -60.560425 -1.820797 -95.359558
v -60.526184 -1.820797 -95.979980
v -60.353638 -1.820797 -96.071228
v -62.158875 -1.820797 -98.627136
v -62.254395 -1.820797 -98.641174
v -60.557678 -1.820797 -98.452515
v -63.000000 -1.820797 -100.000000
v -59.376038 -1.820797 -99.487366
v -57.617188 -1.820797 -87.207031
v -56.494141 -1.820797 -85.888672
v -58.642578 -1.820797 -88.623047
v -55.175781 -1.820797 -86.816406
v -54.150391 -1.820797 -87.939453
v -52.249542 -1.820797 -85.843872
v -52.392578 -1.820797 -83.984375
v -51.562500 -1.820797 -82.373047
v -50.830078 -1.820797 -83.300781
v -50.591309 -1.820797 -85.163208
v -52.243530 -1.820797 -85.937378
v -52.137360 -1.820797 -87.755005
v -50.582550 -1.820797 -85.253662
v -51.000000 -1.820797 -88.727600
v -51.082092 -1.820797 -88.895508
v -50.447906 -1.820797 -87.324158
v -59.863281 -1.820797 -92.285156
v -59.570312 -1.820797 -90.136719
v -58.808777 -1.820797 -96.675293
v -58.171570 -1.820797 -98.290405
v -59.000000 -1.820797 -100.000000
v -58.000000 -1.820797 -100.000000
v -53.564453 -1.820797 -89.794922
v -53.438751 -1.820797 -90.000000
v -53.000000 -1.820797 -90.715881
v -52.636719 -1.820797 -91.308594
v -50.542114 -1.820797 -90.917419
v -50.654083 -1.820797 -92.000000
v -52.102600 -1.820797 -93.000000
v -52.050781 -1.820797 -93.164062
v -50.700623 -1.820797 -92.293762
v -37.124664 -1.820797 -15.000000
v -37.207031 -1.820797 -15.234375
v -37.939453 -1.820797 -16.943359
v -38.378906 -1.820797 -18.945312
v -46.191406 -1.820797 -23.730469
v -45.998383 -1.820797 -25.216385
v -44.824219 -1.820797 -22.656250
v -49.000000 -1.820797 -28.890533
v -46.923828 -1.820797 -28.751190
v -48.469757 -1.820797 -29.046112
v -46.161377 -1.820797 -27.139587
v -43.554688 -1.820797 -21.582031
v -40.283203 -1.820797 -21.142578
v -42.089844 -1.820797 -20.605469
v -39.062500 -1.820797 -20.703125
v -34.765625 -1.820797 -7.910164
v -34.253662 -1.820797 -7.000000
v -34.788086 -1.820797 -8.000000
v -35.253906 -1.820797 -9.863281
v -34.000000 -1.820797 -6.549053
v -35.791016 -1.820797 -11.767578
v -36.370972 -1.820797 -13.000000
v -36.773346 -1.820797 -14.000000
v -27.832031 -1.820797 -5.859379
v -26.984116 -1.820797 -5.997414
v -25.732422 -1.820797 -6.201176
v -29.467133 -1.820797 -17.000000
v -29.736328 -1.820797 -17.138672
v -28.000000 -1.820797 -16.262161
v -28.125000 -1.820797 -16.308594
v -26.416016 -1.820797 -15.673828
v -24.218750 -1.820797 -12.988281
v -25.244141 -1.820797 -14.404297
v -24.121094 -1.820797 -10.839844
v -29.760925 -1.820797 -18.000000
v -29.783813 -1.820797 -18.800262
v -29.769897 -1.820797 -18.891129
v -29.165649 -1.820797 -20.610840
v -29.136383 -1.820797 -20.698700
v -28.698761 -1.820797 -22.084442
v -28.556244 -1.820797 -22.521301
v -27.681473 -1.820797 -24.081131
v -27.000000 -1.820797 -25.403030
v -26.851257 -1.820797 -25.676361
v -26.355591 -1.820797 -26.109421
v -26.250778 -1.820797 -26.198700
v -26.141800 -1.820797 -26.291534
v -26.037003 -1.820797 -26.380814
v -25.827393 -1.820797 -26.559357
v -25.670212 -1.820797 -26.693268
v -23.891098 -1.820797 -26.794586
v -49.000000 -1.820797 -50.114594
v -49.380249 -1.820797 -50.368103
v -47.917175 -1.820797 -49.390869
v -46.537933 -1.820797 -48.392761
v -45.975098 -1.820797 -48.016602
v -45.059631 -1.820797 -47.410217
v -49.887909 -1.820797 -50.733765
v -50.000000 -1.820797 -50.814911
v -50.181732 -1.820797 -50.946503
v -49.777466 -1.820797 -50.653778
v -49.602936 -1.820797 -50.527405
v -50.356232 -1.820797 -51.072876
v -50.466675 -1.820797 -51.152863
v -41.404541 -1.820797 -46.249207
v -43.394043 -1.820797 -46.630798
v -44.192596 -1.820797 -47.000000
v -38.964844 -1.820797 -46.240234
v -41.308594 -1.820797 -46.240234
v -38.868073 -1.820797 -46.246765
v -38.000000 -1.820797 -46.365143
v -34.981232 -1.820797 -40.020355
v -34.277344 -1.820797 -39.257812
v -35.449219 -1.820797 -40.527344
v -35.449219 -1.820797 -42.187500
v -33.000000 -1.820797 -38.656708
v -34.000000 -1.820797 -39.127289
v -32.617188 -1.820797 -38.476562
v -25.537109 -1.820797 -35.791016
v -26.000000 -1.820797 -35.879181
v -26.634293 -1.820797 -36.000000
v -31.002930 -1.820797 -37.644684
v -29.000000 -1.820797 -36.579926
v -29.492188 -1.820797 -36.718750
v -27.587891 -1.820797 -36.181641
v -35.000000 -1.820797 -42.462830
v -33.935547 -1.820797 -43.115234
v -37.000000 -1.820797 -46.501526
v -36.815521 -1.820797 -46.526672
v -36.718842 -1.820797 -46.535339
v -34.521484 -1.820797 -46.630859
v -33.740234 -1.820797 -44.970703
v -33.842407 -1.820797 -44.000000
v -23.925781 -1.820797 -6.835945
v -23.974609 -1.820797 -8.642586
v -24.000000 -1.820797 -9.023460
v -14.865784 -1.820797 -19.000000
v -14.733673 -1.820797 -18.851883
v -12.982910 -1.820797 -18.228165
v -19.236557 -1.820797 -24.178894
v -21.227554 -1.820797 -24.562729
v -17.777405 -1.820797 -23.141983
v -22.748215 -1.820797 -25.491547
v -15.813568 -1.820797 -20.209686
v -16.657318 -1.820797 -21.830383
v -15.234375 -1.820797 -29.003906
v -18.164062 -1.820797 -30.957031
v -12.548828 -1.820797 -26.806641
v -13.916016 -1.820797 -27.880859
v -11.474609 -1.820797 -17.822266
v -12.893860 -1.820797 -18.200729
v -10.888672 -1.820797 -19.677750
v -10.498047 -1.820797 -21.728516
v -10.595703 -1.820797 -23.876953
v -11.523438 -1.820797 -25.390625
v -0.997425 -1.820797 -23.230453
v -1.845196 -1.820797 -24.739273
v -0.941069 -1.820797 -23.171600
v -1.875259 -1.820797 -25.000000
v -2.392574 -1.820797 -29.492188
v -2.050781 -1.820797 -27.587891
v -2.001951 -1.820797 -26.562500
v -0.976563 -1.820797 -26.220703
v -22.412109 -1.820797 -34.033203
v -21.240234 -1.820797 -32.763672
v -23.925781 -1.820797 -34.960938
v -24.000000 -1.820797 -35.000000
v -19.824219 -1.820797 -31.738281
v -15.039062 -1.820797 -56.005859
v -12.109375 -1.820797 -54.052734
v -2.148436 -1.820797 -31.494141
v -1.220703 -1.820797 -33.007812
v -1.562498 -1.820797 -34.912109
v -0.927735 -1.820797 -36.718750
v -1.367188 -1.820797 -38.134766
v -1.075537 -1.820797 -39.884674
v -1.037110 -1.820797 -40.000000
v -1.037109 -1.820797 -41.000000
v -1.074220 -1.820797 -41.503906
v -1.052464 -1.820797 -41.588226
v -1.000000 -1.820797 -41.673828
v -0.164256 -1.820797 -43.072815
v -8.398430 -1.820797 -50.439453
v -9.472656 -1.820797 -51.806641
v -7.042961 -1.820797 -50.619141
v -5.811153 -1.820797 -49.410248
v -10.595703 -1.820797 -53.125000
v -4.001102 -1.820797 -46.345673
v -4.766342 -1.820797 -47.958069
v -2.787161 -1.820797 -45.126190
v -4.808353 -1.820797 -48.030060
v -1.039458 -1.820797 -44.430756
v -42.578125 -1.820797 -75.000000
v -43.603516 -1.820797 -76.416016
v -41.357422 -1.820797 -73.779297
v -37.353516 -1.820797 -70.458984
v -38.671875 -1.820797 -71.582031
v -40.087891 -1.820797 -72.607422
v -36.425781 -1.820797 -68.945312
v -29.229828 -1.820797 -60.148132
v -29.043701 -1.820797 -60.295227
v -28.015182 -1.820797 -58.948914
v -31.377808 -1.820797 -63.477966
v -31.520630 -1.820797 -63.663391
v -30.408661 -1.820797 -62.362549
v -28.452545 -1.820797 -63.722534
v -30.028534 -1.820797 -64.481873
v -28.000000 -1.820797 -60.000000
v -28.464569 -1.820797 -61.924255
v -28.369263 -1.820797 -61.911682
v -26.610550 -1.820797 -63.482727
v -26.074219 -1.820797 -60.986328
v -35.595703 -1.820797 -67.333984
v -33.843231 -1.820797 -67.528687
v -31.707672 -1.820797 -67.241028
v -30.144806 -1.820797 -67.620117
v -25.588791 -1.820797 -64.843140
v -28.135101 -1.820797 -67.180420
v -47.265625 -1.820797 -82.226562
v -47.714844 -1.820797 -83.574219
v -47.775055 -1.820797 -83.817200
v -46.370789 -1.820797 -83.462219
v -47.600586 -1.820797 -84.235352
v -48.510254 -1.820797 -85.730164
v -46.995270 -1.820797 -85.670349
v -48.000000 -1.820797 -85.708740
v -44.970703 -1.820797 -79.638672
v -44.433594 -1.820797 -78.027344
v -46.191406 -1.820797 -80.859375
v -50.446472 -1.820797 -87.204102
v -48.862915 -1.820797 -88.019714
v -50.259155 -1.820797 -88.942322
v -48.000000 -1.820797 -88.209106
v -50.299133 -1.820797 -89.012878
v -46.839905 -1.820797 -87.734070
v -47.363281 -1.820797 -88.378906
v -35.000000 -1.820797 -100.000000
v -26.322220 -1.820797 -59.016724
v -25.975372 -1.820797 -59.033203
v -25.099380 -1.820797 -59.011841
v -24.220978 -1.820797 -58.990417
v -23.975876 -1.820797 -59.003723
v -24.031387 -1.820797 -60.387756
v -24.369995 -1.820797 -60.796997
v -24.292969 -1.820797 -60.759766
v -23.685638 -1.820797 -60.394836
v -23.800201 -1.820797 -60.495972
v -22.851562 -1.820797 -61.279297
v -22.000000 -1.820797 -60.000000
v -22.405167 -1.820797 -59.470642
v -21.849609 -1.820797 -58.146790
v -21.044998 -1.820797 -56.951965
v -21.014465 -1.820797 -58.068237
v -19.091797 -1.820797 -56.445312
v -19.921875 -1.820797 -57.958984
v -20.816345 -1.820797 -58.570984
v -20.886703 -1.820797 -58.614624
v -21.728516 -1.820797 -61.328125
v -23.095703 -1.820797 -62.402344
v -21.191406 -1.820797 -60.498047
v -26.416016 -1.820797 -61.816406
v -25.366592 -1.820797 -63.248779
v -26.515381 -1.820797 -63.467590
v -24.218750 -1.820797 -61.962891
v -24.509277 -1.820797 -63.479492
v -24.518921 -1.820797 -63.056335
v -15.893967 -1.820797 -56.624939
v -18.066406 -1.820797 -57.666016
v -18.066406 -1.820797 -56.982422
v -16.455078 -1.820797 -57.031250
v 38.000000 -1.820797 -100.000000
v 2.342733 -1.820797 94.872009
v 3.512779 -1.820797 93.604858
v 4.589371 -1.820797 92.227539
v 5.314869 -1.820797 90.542236
v 5.799061 -1.820797 88.574219
v 5.321354 -1.820797 86.633179
v 3.822617 -1.820797 83.296326
v 3.803234 -1.820797 83.203735
v 4.403202 -1.820797 85.118164
v 3.562023 -1.820797 81.005981
v 3.466801 -1.820797 79.101562
v 4.345707 -1.820797 77.539062
v 3.569820 -1.820797 81.102905
v 5.371098 -1.820797 76.123047
v 7.617195 -1.820797 73.486328
v 8.886726 -1.820797 72.314453
v 12.945976 -1.820797 70.031128
v 13.574219 -1.820797 69.677734
v 17.480469 -1.820797 68.896484
v 15.234375 -1.820797 68.896484
v 19.140625 -1.820797 68.115234
v 20.556641 -1.820797 67.089844
v 25.976562 -1.820797 67.724609
v 22.167969 -1.820797 66.650391
v 36.669922 -1.820797 75.097656
v 38.427734 -1.820797 75.781250
v 40.673828 -1.820797 75.683594
v 42.578125 -1.820797 76.220703
v 45.849609 -1.820797 77.832031
v 44.384766 -1.820797 76.855469
v 48.095703 -1.820797 78.027344
v 50.292969 -1.820797 77.783203
v 52.294922 -1.820797 77.832031
v 31.640625 -1.820797 69.384766
v 29.638672 -1.820797 68.945312
v 26.948700 -1.820797 68.031616
v 27.832031 -1.820797 68.310547
v 35.791016 -1.820797 73.535156
v 36.083984 -1.820797 72.167969
v 33.544922 -1.820797 69.921875
v 35.498047 -1.820797 70.410156
v 7.910164 -1.820797 2.246090
v 8.740242 -1.820797 0.634766
v 12.000000 -1.820797 9.061844
v 11.899925 -1.820797 9.016602
v 10.791016 -1.820797 7.714844
v 11.035156 -1.820797 5.908203
v 12.345657 -1.820797 6.189026
v 13.232422 -1.820797 9.472656
v 14.648438 -1.820797 8.544922
v 13.764893 -1.820797 7.083710
v 12.424553 -1.820797 6.215454
v 13.644974 -1.820797 7.000000
v 10.644531 -1.820797 4.199215
v 12.548828 -1.820797 4.248043
v 9.326180 -1.820797 3.076168
v 8.935555 -1.820797 3.271481
v 12.304688 -1.820797 2.734371
v 12.063217 -1.820797 1.305412
v 12.109375 -1.820797 -0.390625
v 21.142578 -1.820797 19.921875
v 20.654297 -1.820797 17.968750
v 22.705078 -1.820797 20.605469
v 19.970718 -1.820797 16.210938
v 20.654297 -1.820797 14.453125
v 21.093750 -1.820797 12.548828
v 24.002441 -1.820797 20.746323
v 24.261093 -1.820797 18.993256
v 24.287460 -1.820797 18.906723
v 24.754547 -1.820797 18.000000
v 25.927734 -1.820797 18.652344
v 25.094650 -1.820797 17.364288
v 27.099609 -1.820797 19.921875
v 19.873062 -1.820797 11.328125
v 17.578125 -1.820797 8.740234
v 16.601562 -1.820797 7.373047
v 17.236328 -1.820797 5.566406
v 18.798828 -1.820797 9.960938
v 15.793869 -1.820797 1.163745
v 15.720932 -1.820797 1.000000
v 15.283951 -1.820797 -0.476242
v 16.000000 -1.820797 1.157594
v 17.340759 -1.820797 1.071073
v 17.822266 -1.820797 3.710934
v 18.945312 -1.820797 2.392574
v 21.826172 -1.820797 0.878907
v 19.873047 -1.820797 1.367187
v 18.455124 -1.820797 0.653014
v 20.605469 -1.820797 2.783199
v 21.875000 -1.820797 1.611326
v 27.000000 -1.820797 1.537321
v 24.788589 -1.820797 0.688083
v 40.000000 -1.820797 39.219055
v 39.897766 -1.820797 39.155853
v 39.294922 -1.820797 38.000000
v 39.810089 -1.820797 39.000000
v 39.084198 -1.820797 37.552643
v 39.984955 -1.820797 36.332825
v 41.368713 -1.820797 39.969635
v 29.003906 -1.820797 24.951172
v 28.027344 -1.820797 23.681641
v 29.765625 -1.820797 23.427734
v 33.544922 -1.820797 27.832031
v 35.107422 -1.820797 28.710938
v 35.986328 -1.820797 27.148438
v 33.300781 -1.820797 25.830078
v 34.814453 -1.820797 25.878906
v 34.667969 -1.820797 25.732422
v 34.831299 -1.820797 24.065536
v 34.782135 -1.820797 24.000351
v 35.009766 -1.820797 24.511719
v 36.797882 -1.820797 25.034470
v 36.652191 -1.820797 25.000000
v 36.538177 -1.820797 24.075027
v 41.551544 -1.820797 40.003448
v 41.454681 -1.820797 39.994629
v 43.603516 -1.820797 40.185547
v 43.506256 -1.820797 40.181152
v 45.000000 -1.820797 40.185547
v 48.000000 -1.820797 40.587311
v 47.902100 -1.820797 40.567200
v 45.897583 -1.820797 40.190033
v 49.952301 -1.820797 41.028198
v 51.360504 -1.820797 42.041290
v 40.787109 -1.820797 35.000000
v 40.882751 -1.820797 34.880493
v 42.000000 -1.820797 34.829010
v 42.480469 -1.820797 34.814453
v 44.145508 -1.820797 35.299988
v 46.093750 -1.820797 35.205078
v 47.119141 -1.820797 36.425781
v 48.339844 -1.820797 37.646484
v 50.292969 -1.820797 37.158203
v 27.832031 -1.820797 21.630859
v 29.799133 -1.820797 23.344223
v 30.308289 -1.820797 21.724121
v 30.345886 -1.820797 21.649002
v 33.451569 -1.820797 23.043320
v 32.396790 -1.820797 21.709869
v 31.299957 -1.820797 20.433990
v 32.917908 -1.820797 13.145676
v 32.311584 -1.820797 11.329292
v 35.436462 -1.820797 20.316101
v 34.378601 -1.820797 16.565491
v 36.404022 -1.820797 23.646149
v 35.508911 -1.820797 22.185059
v 35.450531 -1.820797 20.410110
v 36.438690 -1.820797 23.726791
v 33.803101 -1.820797 14.741669
v 33.768219 -1.820797 14.660172
v 36.914062 -1.820797 14.208984
v 35.156250 -1.820797 13.720703
v 35.253906 -1.820797 12.158203
v 38.232422 -1.820797 13.085938
v 33.000000 -1.820797 11.351501
v 32.000000 -1.820797 4.410748
v 32.592865 -1.820797 4.958004
v 29.841431 -1.820797 2.886089
v 28.330841 -1.820797 2.057865
v 31.349976 -1.820797 3.814095
v 31.298828 -1.820797 1.318358
v 32.425781 -1.820797 2.539213
v 32.519409 -1.820797 2.590450
v 33.773560 -1.820797 11.380898
v 35.941864 -1.820797 6.605698
v 36.411896 -1.820797 8.109810
v 37.011719 -1.820797 9.912109
v 33.319611 -1.820797 4.580990
v 34.554199 -1.820797 4.000000
v 33.445038 -1.820797 2.646944
v 35.378845 -1.820797 3.112074
v 33.349762 -1.820797 2.634151
v 34.947418 -1.820797 3.807228
v 36.337952 -1.820797 6.110767
v 38.722931 -1.820797 10.267998
v 37.548828 -1.820797 9.765625
v 39.513794 -1.820797 11.544350
v 40.136719 -1.820797 12.646484
v 43.906189 -1.820797 9.000000
v 43.308624 -1.820797 8.300629
v 44.949554 -1.820797 9.000000
v 44.431335 -1.820797 9.597481
v 45.398865 -1.820797 8.434929
v 41.969727 -1.820797 7.000000
v 42.114258 -1.820797 7.104492
v 40.634399 -1.820797 6.103516
v 38.145905 -1.820797 5.461140
v 39.637177 -1.820797 4.660233
v 45.325958 -1.820797 6.604996
v 46.484375 -1.820797 5.517578
v 47.907623 -1.820797 5.327808
v 49.894775 -1.820797 5.484001
v 49.645569 -1.820797 5.743778
v 48.000000 -1.820797 5.000000
v 48.975922 -1.820797 3.000000
v 47.905426 -1.820797 2.534008
v 47.169464 -1.820797 0.814725
v 50.530396 -1.820797 4.737843
v 50.758789 -1.820797 4.443203
v 49.600952 -1.820797 3.274849
v 68.000000 -1.820797 100.000000
v 56.103516 -1.820797 81.347656
v 56.738281 -1.820797 83.154297
v 54.101562 -1.820797 78.466797
v 55.126953 -1.820797 79.882812
v 58.593750 -1.820797 83.740234
v 60.595703 -1.820797 83.300781
v 62.207031 -1.820797 82.470703
v 64.351868 -1.820797 82.532288
v 64.257812 -1.820797 82.518372
v 94.000000 -1.820797 100.000000
v 69.000000 -1.820797 83.555298
v 68.164001 -1.820797 83.591614
v 68.070007 -1.820797 83.580994
v 66.611023 -1.820797 83.169495
v 70.312622 -1.820797 83.498230
v 70.402588 -1.820797 83.513794
v 74.252869 -1.820797 84.474426
v 72.085571 -1.820797 84.227417
v 75.942139 -1.820797 85.253357
v 82.922363 -1.820797 88.037598
v 84.769226 -1.820797 88.561462
v 84.862854 -1.820797 88.578613
v 86.914490 -1.820797 88.765137
v 88.000000 -1.820797 88.814636
v 89.160278 -1.820797 88.865051
v 78.037598 -1.820797 85.607117
v 78.501953 -1.820797 86.000000
v 79.354858 -1.820797 86.711792
v 80.364868 -1.820797 86.942444
v 81.301086 -1.820797 87.147949
v 81.384766 -1.820797 87.179077
v 92.732117 -1.820797 90.241211
v 91.051636 -1.820797 89.450562
v 94.196594 -1.820797 91.202576
v 100.000000 -1.820797 100.000000
v 100.000000 -1.820797 91.000000
v 96.239319 -1.820797 91.448547
v 96.143311 -1.820797 91.449219
v 98.355103 -1.820797 91.152100
v 99.865234 -1.820797 90.304077
v 100.000000 -1.820797 90.234375
v 89.253357 -1.820797 88.881226
v 52.258423 -1.820797 43.175293
v 58.935974 -1.820797 42.972015
v 54.638336 -1.820797 43.549805
v 52.453857 -1.820797 43.394714
v 52.392578 -1.820797 37.011719
v 54.443359 -1.820797 37.207031
v 56.054688 -1.820797 38.037109
v 58.056641 -1.820797 38.183594
v 61.328125 -1.820797 42.968750
v 61.425598 -1.820797 42.965637
v 62.166321 -1.820797 40.422089
v 61.906921 -1.820797 38.426666
v 59.912170 -1.820797 38.136017
v 60.008728 -1.820797 38.141937
v 63.647461 -1.820797 20.141602
v 62.129883 -1.820797 20.592941
v 62.220520 -1.820797 20.410904
v 63.623230 -1.820797 42.825378
v 65.000000 -1.820797 42.706787
v 65.869507 -1.820797 42.631165
v 65.961365 -1.820797 42.611633
v 67.534729 -1.820797 42.056335
v 67.664185 -1.820797 41.731262
v 67.590698 -1.820797 41.995697
v 68.048279 -1.820797 40.290649
v 63.671875 -1.820797 39.599609
v 65.185547 -1.820797 38.671875
v 67.034607 -1.820797 38.979248
v 67.846130 -1.820797 40.000000
v 62.890625 -1.820797 19.238281
v 56.103516 -1.820797 17.968750
v 54.678009 -1.820797 17.763687
v 54.855225 -1.820797 17.535263
v 55.131378 -1.820797 17.231461
v 55.270569 -1.820797 17.078354
v 57.356384 -1.820797 17.171219
v 55.618195 -1.820797 16.700729
v 56.000000 -1.820797 16.396912
v 57.326172 -1.820797 17.000000
v 57.076172 -1.820797 16.000000
v 56.968750 -1.820797 15.642609
v 56.396484 -1.820797 11.132812
v 54.931641 -1.820797 10.449219
v 57.373047 -1.820797 9.667969
v 58.445618 -1.820797 18.241516
v 57.910156 -1.820797 16.992188
v 60.107422 -1.820797 18.505859
v 58.642578 -1.820797 18.701172
v 60.267151 -1.820797 18.000000
v 60.582947 -1.820797 17.000000
v 60.693359 -1.820797 16.650391
v 59.033203 -1.820797 15.673828
v 60.351562 -1.820797 14.648438
v 52.636719 -1.820797 7.861328
v 53.759766 -1.820797 9.179688
v 55.712891 -1.820797 8.886719
v 54.687500 -1.820797 8.447266
v 54.248047 -1.820797 6.640625
v 51.464844 -1.820797 5.517578
v 51.708984 -1.820797 7.324219
v 53.027344 -1.820797 5.419922
v 64.404297 -1.820797 18.310547
v 65.185547 -1.820797 19.189453
v 71.142578 -1.820797 9.228516
v 72.851562 -1.820797 9.863281
v 74.260071 -1.820797 9.000000
v 74.462891 -1.820797 9.765625
v 75.732422 -1.820797 8.789062
v 74.383362 -1.820797 8.911949
v 75.336365 -1.820797 7.673096
v 75.868652 -1.820797 8.640968
v 63.982422 -1.820797 2.294352
v 63.933533 -1.820797 2.159407
v 65.000000 -1.820797 2.261528
v 65.478516 -1.820797 2.246090
v 65.558533 -1.820797 2.135637
v 65.638489 -1.820797 2.025183
v 65.718445 -1.820797 1.914730
v 65.798462 -1.820797 1.804277
v 63.671875 -1.820797 1.025392
v 66.158386 -1.820797 1.307237
v 66.331177 -1.820797 1.068658
v 66.503906 -1.820797 0.830079
v 67.576172 -1.820797 2.000000
v 66.894531 -1.820797 1.318358
v 67.051758 -1.820797 1.207709
v 67.208984 -1.820797 1.097066
v 68.212891 -1.820797 0.390625
v 68.066406 -1.820797 2.490231
v 69.775391 -1.820797 8.349609
v 70.000000 -1.820797 8.211952
v 71.289062 -1.820797 7.421875
v 73.291016 -1.820797 7.275391
v 75.024536 -1.820797 7.366631
v 75.187805 -1.820797 7.435020
v 70.980347 -1.820797 3.560673
v 69.580078 -1.820797 3.417967
v 72.314453 -1.820797 3.222652
v 73.144531 -1.820797 4.833984
v 72.714905 -1.820797 4.000000
v 74.951172 -1.820797 4.980469
v 76.708984 -1.820797 5.664062
v 83.000000 -1.820797 31.463837
v 81.933594 -1.820797 31.591797
v 81.894165 -1.820797 31.026947
v 81.882507 -1.820797 30.859528
v 81.902832 -1.820797 31.151093
v 83.174805 -1.820797 31.420319
v 81.787109 -1.820797 28.000000
v 81.787109 -1.820797 29.492188
v 81.787109 -1.820797 27.832016
v 81.828735 -1.820797 30.088837
v 81.815186 -1.820797 29.894470
v 81.838684 -1.820797 30.231232
v 82.065063 -1.820797 27.415115
v 81.869751 -1.820797 27.708084
v 82.128906 -1.820797 27.319336
v 82.192749 -1.820797 27.223557
v 82.481995 -1.820797 26.789734
v 82.763672 -1.820797 26.367188
v 84.326172 -1.820797 30.175781
v 84.415466 -1.820797 30.070984
v 84.652039 -1.820797 29.793274
v 84.326172 -1.820797 25.488281
v 85.143005 -1.820797 29.216888
v 85.352844 -1.820797 28.970612
v 85.449219 -1.820797 28.857422
v 86.000000 -1.820797 27.958786
v 86.376953 -1.820797 27.343750
v 86.462891 -1.820797 27.000000
v 85.839844 -1.820797 24.560547
v 86.000000 -1.820797 24.690186
v 85.000000 -1.820797 25.075287
v 86.865234 -1.820797 25.390625
v 86.098328 -1.820797 24.769775
v 95.340942 -1.820797 24.033432
v 95.185059 -1.820797 23.795456
v 95.100159 -1.820797 23.665878
v 95.467529 -1.820797 24.226624
v 94.800659 -1.820797 23.208801
v 94.726562 -1.820797 23.095703
v 94.482422 -1.820797 21.777344
v 94.904114 -1.820797 23.366653
v 95.000000 -1.820797 23.513046
v 97.802734 -1.820797 27.246094
v 97.978516 -1.820797 27.304688
v 96.435547 -1.820797 26.171875
v 98.535156 -1.820797 27.490234
v 98.066406 -1.820797 27.333984
v 99.414062 -1.820797 27.783203
v 99.000000 -1.820797 27.645172
v 100.000000 -1.820797 27.783203
v 98.828125 -1.820797 27.587891
v 95.743408 -1.820797 24.701019
v 95.915466 -1.820797 25.066681
v 95.953064 -1.820797 25.146622
v 96.334839 -1.820797 25.957886
v 96.251831 -1.820797 25.781525
v 96.196533 -1.820797 25.663956
v 95.654297 -1.820797 24.511719
v 95.564758 -1.820797 24.375061
v 96.380188 -1.820797 26.054306
v 100.000000 -1.820797 25.000000
v 100.000000 -1.820797 16.000000
v 79.021973 -1.820797 21.923706
v 78.877869 -1.820797 21.570084
v 80.371094 -1.820797 20.458984
v 78.564453 -1.820797 20.800781
v 78.645630 -1.820797 21.000000
v 78.727478 -1.820797 21.200943
v 79.101562 -1.820797 22.119141
v 81.396484 -1.820797 22.265625
v 82.000000 -1.820797 20.006516
v 78.808594 -1.820797 17.822266
v 78.004395 -1.820797 18.000000
v 77.055969 -1.820797 18.000000
v 77.050781 -1.820797 18.212891
v 77.099609 -1.820797 16.210938
v 78.671082 -1.820797 15.729172
v 80.761719 -1.820797 18.115234
v 79.993469 -1.820797 18.000000
v 82.000000 -1.820797 17.946381
v 79.954163 -1.820797 15.707642
v 79.482422 -1.820797 15.000000
v 83.837891 -1.820797 22.949219
v 84.167297 -1.820797 22.158722
v 85.000000 -1.820797 22.000000
v 82.000000 -1.820797 21.000000
v 82.000000 -1.820797 21.611816
v 82.478516 -1.820797 21.093430
v 82.568359 -1.820797 20.996094
v 85.742188 -1.820797 22.802734
v 84.318481 -1.820797 21.795837
v 82.128906 -1.820797 19.970703
v 83.000000 -1.820797 20.925827
v 84.000000 -1.820797 20.763031
v 84.130859 -1.820797 19.531250
v 82.910156 -1.820797 17.822266
v 83.000000 -1.820797 17.815994
v 84.273132 -1.820797 19.377121
v 84.621277 -1.820797 19.000000
v 84.667969 -1.820797 20.654297
v 84.861877 -1.820797 18.739304
v 84.961182 -1.820797 17.679169
v 85.302734 -1.820797 18.261719
v 85.058594 -1.820797 17.675781
v 76.416016 -1.820797 12.695312
v 76.362671 -1.820797 12.452171
v 77.783203 -1.820797 13.476562
v 76.949219 -1.820797 13.000000
v 76.259644 -1.820797 11.982941
v 75.976562 -1.820797 10.693359
v 78.494141 -1.820797 13.968750
v 78.209778 -1.820797 13.771873
v 78.791199 -1.820797 14.174416
v 78.651550 -1.820797 14.077736
v 77.859375 -1.820797 13.529297
v 78.011719 -1.820797 13.634766
v 76.277405 -1.820797 8.196693
v 76.514893 -1.820797 7.938583
v 76.614136 -1.820797 7.830688
v 76.855469 -1.820797 7.568359
v 79.052734 -1.820797 14.355469
v 79.000000 -1.820797 15.746780
v 80.014648 -1.820797 15.819275
v 87.060547 -1.820797 21.679688
v 87.841797 -1.820797 20.214844
v 89.355469 -1.820797 20.458984
v 92.187500 -1.820797 21.923828
v 90.576172 -1.820797 21.093750
v 86.960327 -1.820797 17.676682
v 93.557251 -1.820797 21.826035
v 100.000000 -1.820797 -26.000000
v 9.472656 -1.820797 -1.074220
v 10.888672 -1.820797 -1.318360
v 9.814453 -1.820797 -3.515629
v 10.693359 -1.820797 -5.078129
v 10.562416 -1.820797 -2.602585
v 10.221527 -1.820797 -3.000000
v 12.000000 -1.820797 -3.336468
v 12.151154 -1.820797 -3.436920
v 12.316223 -1.820797 -4.612076
v 11.767578 -1.820797 -6.445320
v 9.960114 -1.820797 -9.128967
v 8.643410 -1.820797 -10.255806
v 11.130699 -1.820797 -7.853172
v 13.000000 -1.820797 -4.000000
v 13.475281 -1.820797 -3.557854
v 3.350332 -1.820797 -13.321220
v 2.580723 -1.820797 -14.948013
v 3.404644 -1.820797 -13.259499
v 4.880188 -1.820797 -12.371727
v 5.000000 -1.820797 -12.517570
v 5.440430 -1.820797 -14.000000
v 4.407009 -1.820797 -14.695404
v 1.585700 -1.820797 -16.325394
v 1.551284 -1.820797 -16.403519
v 1.132072 -1.820797 -18.141510
v 2.000000 -1.820797 -18.289352
v 3.125980 -1.820797 -18.450195
v 3.631886 -1.820797 -16.357681
v 4.109352 -1.820797 -17.407364
v 4.947083 -1.820797 -15.895264
v 4.886669 -1.820797 -16.000000
v 5.000000 -1.820797 -15.817459
v 3.212896 -1.820797 -18.476562
v 4.129753 -1.820797 -18.958191
v 7.476074 -1.820797 -11.521706
v 6.612663 -1.820797 -13.048843
v 5.836571 -1.820797 -13.712051
v 6.571918 -1.820797 -13.124527
v 6.120926 -1.820797 -14.000000
v 5.781609 -1.820797 -14.658676
v 5.739014 -1.820797 -14.730652
v 14.425156 -1.820797 -2.013685
v 14.382538 -1.820797 -2.086285
v 24.755859 -1.820797 0.439454
v 22.949219 -1.820797 0.781251
v 26.806641 -1.820797 0.732422
v 28.662109 -1.820797 0.146484
v 29.638672 -1.820797 1.318358
v 1.851084 -1.820797 -21.149750
v 0.533510 -1.820797 -22.264450
v 3.219561 -1.820797 -20.452988
v 3.503969 -1.820797 -20.000000
v 32.666016 -1.820797 -5.175785
v 31.103516 -1.820797 -6.054691
v 34.667969 -1.820797 -4.736332
v 35.839844 -1.820797 -3.466801
v 35.937500 -1.820797 -5.126957
v 34.033203 -1.820797 -5.371098
v 32.812500 -1.820797 -6.103519
v 34.472656 -1.820797 -6.884773
v 32.368622 -1.820797 -6.410511
v 34.000000 -1.820797 -6.925686
v 34.168701 -1.820797 -6.987583
v 35.000000 -1.820797 -7.299110
v 35.115875 -1.820797 -8.000000
v 35.279327 -1.820797 -8.206818
v 34.321472 -1.820797 -9.668915
v 38.818359 -1.820797 -1.660158
v 37.890625 -1.820797 -3.173832
v 39.843750 -1.820797 -1.708986
v 38.671875 -1.820797 -2.978518
v 37.353516 -1.820797 -4.101566
v 35.839844 -1.820797 -7.958992
v 37.000000 -1.820797 -8.142166
v 39.943207 -1.820797 -5.617027
v 37.909943 -1.820797 -8.000000
v 37.685516 -1.820797 -8.236748
v 41.268219 -1.820797 -4.497868
v 33.129242 -1.820797 -10.884712
v 34.472504 -1.820797 -11.842087
v 35.986328 -1.820797 -14.160156
v 34.570312 -1.820797 -15.185547
v 32.031250 -1.820797 -19.970703
v 30.859375 -1.820797 -21.240234
v 33.007812 -1.820797 -18.505859
v 35.969940 -1.820797 -9.154442
v 35.873352 -1.820797 -10.827049
v 37.695312 -1.820797 -9.521484
v 36.962891 -1.820797 -12.695312
v 37.792969 -1.820797 -11.083984
v 37.744141 -1.820797 -20.410156
v 39.404297 -1.820797 -19.628906
v 41.406250 -1.820797 -19.189453
v 41.811523 -1.820797 -20.000000
v 43.182037 -1.820797 -3.955719
v 45.212524 -1.820797 -3.857533
v 46.384338 -1.820797 -2.579435
v 43.000000 -1.820797 -4.000000
v 42.000000 -1.820797 -4.283409
v 46.977264 -1.820797 -1.172318
v 46.954987 -1.820797 -1.261950
v 41.871094 -1.820797 -20.166672
v 40.338531 -1.820797 -21.048630
v 44.185516 -1.820797 -19.757370
v 42.920105 -1.820797 -20.805679
v 41.845398 -1.820797 -22.164108
v 44.339386 -1.820797 -20.000000
v 30.712891 -1.820797 -23.144531
v 31.201172 -1.820797 -25.097656
v 31.249969 -1.820797 -26.902985
v 34.667969 -1.820797 -24.658203
v 33.154297 -1.820797 -25.585938
v 36.425781 -1.820797 -23.974609
v 32.000000 -1.820797 -27.447388
v 32.910156 -1.820797 -27.294922
v 34.029297 -1.820797 -28.513306
v 32.658844 -1.820797 -27.921875
v 37.304688 -1.820797 -22.412109
v 39.518433 -1.820797 -22.000000
v 39.211914 -1.820797 -22.369461
v 38.598450 -1.820797 -23.772079
v 40.565063 -1.820797 -23.333725
v 44.238281 -1.820797 -22.900391
v 42.578125 -1.820797 -23.681641
v 42.480469 -1.820797 -24.951172
v 44.384766 -1.820797 -24.609375
v 40.966797 -1.820797 -29.589844
v 39.648438 -1.820797 -29.736328
v 42.000000 -1.820797 -29.324158
v 42.629974 -1.820797 -29.162170
v 42.735046 -1.820797 -29.000000
v 42.692444 -1.820797 -29.108124
v 40.917969 -1.820797 -30.908203
v 42.724609 -1.820797 -30.957031
v 45.019531 -1.820797 -21.240234
v 46.044922 -1.820797 -23.828125
v 47.167969 -1.820797 -22.509766
v 48.681641 -1.820797 -22.363281
v 47.900391 -1.820797 -24.023438
v 46.875000 -1.820797 -25.439453
v 45.410156 -1.820797 -26.416016
v 44.091797 -1.820797 -26.562500
v 43.304596 -1.820797 -27.557220
v 44.628906 -1.820797 -30.419922
v 46.582031 -1.820797 -30.810547
v 49.796844 -1.820797 -28.839508
v 49.736786 -1.820797 -28.897064
v 49.687225 -1.820797 -29.000000
v 49.205719 -1.820797 -30.000000
v 51.000000 -1.820797 -28.313110
v 51.313873 -1.820797 -28.194397
v 50.000000 -1.820797 -28.750610
v 52.459259 -1.820797 -29.000000
v 49.133301 -1.820797 -30.184387
v 50.000000 -1.820797 -30.866364
v 50.497101 -1.820797 -31.234711
v 52.716125 -1.820797 -29.213257
v 52.195831 -1.820797 -30.999695
v 51.807617 -1.820797 -31.061523
v 48.046875 -1.820797 -31.787109
v 51.074219 -1.820797 -32.080078
v 49.414062 -1.820797 -32.861328
v 50.713867 -1.820797 -31.217773
v 51.602539 -1.820797 -31.090820
v 53.125000 -1.820797 -31.982422
v 54.248047 -1.820797 -33.300781
v 63.410645 -1.820797 -2.078547
v 63.391602 -1.820797 -1.228065
v 63.451904 -1.820797 -2.540466
v 63.710205 -1.820797 -0.744290
v 66.601562 -1.820797 -1.416017
v 65.478516 -1.820797 -2.734377
v 66.894531 -1.820797 -7.714851
v 65.527344 -1.820797 -8.691414
v 57.031250 -1.820797 -18.408203
v 55.761719 -1.820797 -18.115234
v 63.412720 -1.820797 -9.450127
v 63.370728 -1.820797 -9.520081
v 65.416504 -1.820797 -8.880989
v 63.728760 -1.820797 -9.264717
v 63.638062 -1.820797 -9.299881
v 63.134766 -1.820797 -10.888672
v 64.746094 -1.820797 -11.718750
v 66.210938 -1.820797 -12.695312
v 65.429688 -1.820797 -14.501953
v 65.771484 -1.820797 -16.601562
v 65.925171 -1.820797 -13.472809
v 66.083130 -1.820797 -13.198250
v 67.000000 -1.820797 -13.388954
v 65.771484 -1.820797 -19.042969
v 68.798828 -1.820797 -7.275398
v 68.127991 -1.820797 -2.396181
v 68.135803 -1.820797 -2.478949
v 68.640991 -1.820797 -0.549228
v 68.227478 -1.820797 -2.646055
v 68.870300 -1.820797 -3.818241
v 68.954895 -1.820797 -3.932957
v 70.000000 -1.820797 -3.134779
v 70.257080 -1.820797 -2.920649
v 71.435547 -1.820797 -0.488282
v 70.945557 -1.820797 -1.279433
v 73.364685 -1.820797 -0.394845
v 73.471130 -1.820797 -1.160045
v 72.274902 -1.820797 -2.388342
v 71.660034 -1.820797 -4.088364
v 72.000000 -1.820797 -4.245117
v 73.380676 -1.820797 -4.789078
v 73.927734 -1.820797 -6.397320
v 72.526978 -1.820797 -7.434639
v 68.310547 -1.820797 -12.451172
v 69.384766 -1.820797 -11.083984
v 70.605469 -1.820797 -7.910164
v 70.312500 -1.820797 -9.570312
v 70.067688 -1.820797 -14.063766
v 71.206970 -1.820797 -11.919662
v 72.122437 -1.820797 -13.470863
v 71.636292 -1.820797 -10.738419
v 72.594666 -1.820799 -9.366814
v 71.927429 -1.820797 -14.586853
v 72.021484 -1.820797 -14.599609
v 73.398926 -1.820797 -14.587555
v 54.736328 -1.820797 -19.531250
v 57.373047 -1.820797 -18.261719
v 58.544922 -1.820797 -19.531250
v 55.761719 -1.820797 -20.751953
v 57.763672 -1.820797 -20.800781
v 59.130859 -1.820797 -21.093750
v 62.735291 -1.820797 -21.893814
v 62.654297 -1.820797 -21.880859
v 63.000000 -1.820797 -22.018387
v 61.669922 -1.820797 -22.021484
v 63.574219 -1.820797 -24.121094
v 61.962891 -1.820797 -23.291016
v 64.341309 -1.820797 -22.660690
v 64.172119 -1.820797 -23.000000
v 55.761719 -1.820797 -33.837891
v 58.984375 -1.820797 -32.177734
v 60.888672 -1.820797 -31.835938
v 62.939453 -1.820797 -31.738281
v 64.746094 -1.820797 -28.857422
v 64.550781 -1.820797 -30.908203
v 66.308594 -1.820797 -20.849609
v 66.601562 -1.820797 -22.802734
v 66.650391 -1.820797 -24.609375
v 67.675781 -1.820797 -26.025391
v 69.238281 -1.820797 -26.904297
v 74.364075 -1.820797 -26.269501
v 72.295715 -1.820797 -26.235992
v 72.493408 -1.820797 -26.812943
v 72.551025 -1.820797 -26.873154
v 66.308594 -1.820797 -28.369141
v 68.359375 -1.820797 -28.369141
v 70.410156 -1.820797 -28.662109
v 72.363281 -1.820797 -28.662109
v 70.849609 -1.820797 -27.734375
v 74.229187 -1.820797 -27.594040
v 74.815918 -1.820797 -5.966354
v 80.859375 -1.820797 -25.146484
v 78.808594 -1.820797 -25.537109
v 81.968567 -1.820797 -25.879288
v 81.969849 -1.820797 -26.000000
v 81.396484 -1.820797 -27.539062
v 86.229065 -1.820797 -25.984665
v 86.132874 -1.820797 -25.977753
v 84.191833 -1.820797 -26.041550
v 88.183594 -1.820797 -26.318359
v 90.234375 -1.820797 -25.927734
v 92.529297 -1.820797 -25.781250
v 94.556274 -1.820797 -25.883163
v 76.029785 -1.820797 -26.792679
v 76.119995 -1.820797 -26.809341
v 75.836121 -1.820797 -28.424454
v 77.734375 -1.820797 -26.904297
v 77.242249 -1.820797 -29.444946
v 78.415100 -1.820797 -30.711578
v 83.105469 -1.820797 -27.783203
v 84.875854 -1.820797 -27.000000
v 85.156250 -1.820797 -27.392578
v 79.514648 -1.820797 -32.104431
v 80.677246 -1.820797 -33.338013
v 82.714905 -1.820797 -33.397308
v 82.812134 -1.820797 -33.394287
v 84.460022 -1.820797 -33.262421
v 85.896973 -1.820797 -34.264069
v 94.531250 -1.820797 -26.318359
v 92.773438 -1.820797 -26.708984
v 89.890686 -1.820797 -33.535553
v 89.799377 -1.820797 -33.558960
v 87.971008 -1.820797 -34.130341
v 91.505798 -1.820797 -33.212524
v 93.410706 -1.820797 -33.155487
v 91.601562 -1.820797 -33.201874
v 92.333984 -1.820797 -28.222656
v 93.701172 -1.820797 -29.296875
v 95.605469 -1.820797 -29.833984
v 97.900391 -1.820797 -29.980469
v 97.402344 -1.820797 -31.257935
v 94.401245 -1.820797 -33.094666
v 99.089661 -1.820797 -30.618011
v 100.000000 -1.820797 -33.000000
v 100.000000 -1.820797 -35.000000
v 88.574219 -1.820797 -40.478516
v 90.039062 -1.820797 -39.501953
v 87.060547 -1.820797 -41.406250
v 93.408203 -1.820797 -37.988281
v 91.748047 -1.820797 -38.769531
v 85.986328 -1.820797 -42.773438
v 95.312500 -1.820797 -37.451172
v 100.000000 -1.820797 -36.621094
v 99.036133 -1.820797 -37.111786
v 96.875000 -1.820797 -37.255859
v 99.280090 -1.820797 -37.000000
v 85.156250 -1.820797 -44.384766
v 80.394104 -1.820797 -54.433716
v 80.726013 -1.820797 -53.511932
v 83.913086 -1.820797 -49.438416
v 82.767273 -1.820797 -50.693146
v 82.096863 -1.820797 -52.513428
v 81.744568 -1.820797 -55.518921
v 82.144165 -1.820797 -52.446777
v 83.138306 -1.820797 -56.340607
v 85.346497 -1.820797 -46.191956
v 85.342651 -1.820797 -46.287384
v 85.018677 -1.820797 -47.999725
v 84.986023 -1.820797 -48.077057
v 83.236145 -1.820797 -56.484070
v 84.011658 -1.820797 -57.776611
v 84.036438 -1.820797 -57.861145
v 84.062378 -1.820797 -58.250000
v 84.176453 -1.820797 -59.961182
v 84.179688 -1.820797 -60.058594
v 84.179688 -1.820797 -61.000000
v 84.183472 -1.820797 -62.142639
v 84.908386 -1.820797 -63.856506
v 85.722290 -1.820797 -65.439941
v 85.786133 -1.820797 -65.493164
v 87.309570 -1.820797 -66.000977
v 87.402222 -1.820797 -66.017822
v 88.762207 -1.820797 -66.079651
v 89.427734 -1.820797 -66.109924
v 89.530396 -1.820797 -66.137390
v 90.549866 -1.820797 -67.000000
v 90.760742 -1.820797 -67.201660
v 90.866577 -1.820797 -68.994263
v 90.868164 -1.820797 -69.091797
v 90.848206 -1.820797 -70.067932
v 90.821350 -1.820797 -71.386780
v 90.829285 -1.820797 -71.482666
v 90.965637 -1.820797 -72.198425
v 91.151978 -1.820797 -73.176697
v 91.022522 -1.820797 -78.962585
v 91.143372 -1.820797 -79.072998
v 91.456238 -1.820797 -74.774231
v 91.298584 -1.820797 -77.634583
v 91.315430 -1.820797 -77.540039
v 100.000000 -1.820797 -100.000000
v 91.592590 -1.820797 -75.489990
v 91.594727 -1.820797 -75.584961
v 92.309265 -1.820797 -80.155273
v 93.393921 -1.820797 -81.455383
v 93.386963 -1.820797 -81.678650
v 93.283203 -1.820797 -83.042358
v 94.853149 -1.820797 -83.876465
v 96.152161 -1.820797 -85.054993
v 97.932007 -1.820797 -85.686584
v 100.000000 -1.820797 -86.083984
v 100.000000 -1.820797 -88.000000
vt 1.000000 0.048828
vt 1.000000 0.361084
vt 0.656500 0.397830
vt 0.218750 0.417969
vt 0.063295 0.784903
vt 0.367920 0.809082
vt 0.906505 0.064260
vt 0.313202 0.072298
vt 0.031788 0.244375
vt 0.875123 0.463167
vt 0.749474 0.472580
vt 0.562744 0.478760
vt 0.312988 0.513672
vt 0.844351 0.519091
vt 0.656250 0.634515
vt 0.184369 0.854255
vt 0.434445 0.036040
vt 0.125389 0.168490
vt 0.625473 0.413179
vt 0.656750 0.480930
vt 0.906982 0.637695
vt 0.341462 0.836205
vt 0.469509 0.010574
vt 0.063431 0.337195
vt 0.781982 0.444336
vt 0.875939 0.462825
vt 0.844774 0.519665
vt 0.688428 0.541184
vt 0.813272 0.609404
vt 0.029284 0.784854
vt 0.255685 0.940099
vt 0.564730 0.149844
vt 0.125977 0.168213
vt 0.688477 0.547607
vt 0.250560 0.753669
vt 0.409112 0.047645
vt 0.906982 0.388672
vt 0.313697 0.496362
vt 0.688721 0.602051
vt 0.813676 0.609469
vt 0.344985 0.688223
vt 0.251113 0.753269
vt 0.188728 0.993206
vt 0.404541 0.782227
vt 0.065236 0.207493
vt 0.064448 0.272729
vt 0.720727 0.323500
vt 0.533063 0.565244
vt 0.532860 0.565623
vt 0.400879 0.658691
vt 0.374503 0.795059
vt 0.281982 0.882080
vt 0.814453 0.403809
vt 0.876682 0.461635
vt 0.720928 0.598787
vt 0.283030 0.733154
vt 0.251985 0.752637
vt 0.090332 0.760742
vt 0.220639 0.793195
vt 0.752652 0.476311
vt 0.314580 0.499060
vt 0.752486 0.656174
vt 0.220950 0.663885
vt 0.939855 0.670652
vt 0.470944 0.747051
vt 0.377405 0.815282
vt 0.377454 0.817398
vt 0.970983 0.043987
vt 0.595703 0.159424
vt 0.187256 0.163574
vt 0.816854 0.547600
vt 0.846191 0.634521
vt 0.221631 0.663434
vt 0.908723 0.777595
vt 0.093215 0.178615
vt 0.031536 0.218796
vt 0.908936 0.360840
vt 0.065139 0.378434
vt 0.315045 0.500533
vt 0.816958 0.506140
vt 0.253099 0.751840
vt 0.658203 0.153076
vt 0.909349 0.361460
vt 0.315278 0.501269
vt 0.817053 0.510393
vt 0.815674 0.554443
vt 0.502668 0.611322
vt 0.439453 0.770264
vt 0.378906 0.809814
vt 0.281738 0.130127
vt 0.909514 0.344245
vt 0.909471 0.344865
vt 0.909413 0.345702
vt 0.908936 0.352539
vt 0.065688 0.411319
vt 0.035130 0.421192
vt 0.722157 0.452013
vt 0.690729 0.472694
vt 0.315510 0.502005
vt 0.972006 0.665473
vt 0.378150 0.803985
vt 0.287109 0.875000
vt 0.692139 0.121094
vt 0.909668 0.342041
vt 0.909193 0.348844
vt 0.035300 0.418762
vt 0.784844 0.421787
vt 0.035096 0.421678
vt 0.035047 0.422390
vt 0.786865 0.451660
vt 0.846924 0.555420
vt 0.909843 0.629396
vt 0.315922 0.732633
vt 0.409668 0.784912
vt 0.378535 0.803799
vt 0.909144 0.349556
vt 0.909076 0.350528
vt 0.034861 0.424242
vt 0.878662 0.456055
vt 0.753794 0.477784
vt 0.315975 0.503477
vt 0.129150 0.726318
vt 0.910325 0.362924
vt 0.910645 0.363403
vt 0.785156 0.592041
vt 0.660156 0.599854
vt 0.972781 0.629416
vt 0.972656 0.631592
vt 0.316406 0.732677
vt 0.943811 0.830398
vt 0.879711 0.073733
vt 0.316534 0.505247
vt 0.879181 0.642122
vt 0.910484 0.762567
vt 0.064209 0.199219
vt 0.910964 0.363882
vt 0.910000 0.395000
vt 0.035669 0.413885
vt 0.817259 0.512702
vt 0.753569 0.656089
vt 0.910721 0.762234
vt 0.224121 0.934082
vt 0.285889 0.459717
vt 0.817064 0.547251
vt 0.316133 0.570000
vt 0.223153 0.783262
vt 0.378895 0.794952
vt 0.379843 0.801939
vt 0.972412 0.391113
vt 0.037066 0.411500
vt 0.567376 0.517789
vt 0.035000 0.844531
vt 0.441284 0.030649
vt 0.973633 0.384521
vt 0.286377 0.408447
vt 0.848877 0.458252
vt 0.661843 0.532053
vt 0.442627 0.589111
vt 0.880149 0.633963
vt 0.380121 0.795019
vt 0.222656 0.153564
vt 0.879883 0.446533
vt 0.661558 0.443354
vt 0.255382 0.481150
vt 0.818190 0.546499
vt 0.380371 0.674805
vt 0.942871 0.702393
vt 0.349276 0.838100
vt 0.505383 0.019803
vt 0.567871 0.151611
vt 0.629883 0.161377
vt 0.070068 0.205566
vt 0.974003 0.383956
vt 0.661984 0.391451
vt 0.786782 0.414144
vt 0.881298 0.440085
vt 0.662129 0.487304
vt 0.599365 0.493164
vt 0.505660 0.590708
vt 0.880600 0.634047
vt 0.036903 0.835257
vt 0.161377 0.979248
vt 0.818359 0.302002
vt 0.912410 0.366051
vt 0.818551 0.503721
vt 0.693359 0.514893
vt 0.537380 0.557608
vt 0.037109 0.785400
vt 0.380999 0.802480
vt 0.974266 0.919382
vt 0.980761 0.925275
vt 0.721924 0.115723
vt 0.100542 0.174950
vt 0.069223 0.279860
vt 0.818116 0.285873
vt 0.913818 0.368164
vt 0.068527 0.387478
vt 0.068836 0.387968
vt 0.912392 0.394533
vt 0.696490 0.451471
vt 0.818644 0.546324
vt 0.193705 0.685272
vt 0.192665 0.850674
vt 0.751465 0.111084
vt 0.974520 0.383167
vt 0.568824 0.464581
vt 0.662597 0.487048
vt 0.725098 0.606201
vt 0.756569 0.640972
vt 0.381619 0.056961
vt 0.158936 0.157227
vt 0.634743 0.159842
vt 0.756802 0.289794
vt 0.912842 0.395020
vt 0.194092 0.429443
vt 0.786865 0.591309
vt 0.162783 0.869036
vt 0.538086 0.132568
vt 0.881813 0.437739
vt 0.662964 0.475210
vt 0.350586 0.497070
vt 0.850338 0.570319
vt 0.663294 0.639609
vt 0.381572 0.801974
vt 0.914612 0.059812
vt 0.351318 0.062251
vt 0.255371 0.137451
vt 0.039108 0.214098
vt 0.069424 0.280236
vt 0.882080 0.436523
vt 0.879343 0.456795
vt 0.351081 0.594001
vt 0.098633 0.756836
vt 0.975000 0.382435
vt 0.288574 0.418457
vt 0.315000 0.469633
vt 0.819912 0.488528
vt 0.851285 0.514603
vt 0.913574 0.666987
vt 0.476168 0.739790
vt 0.475958 0.740150
vt 0.975501 0.381671
vt 0.040174 0.406427
vt 0.818359 0.494873
vt 0.726063 0.519288
vt 0.664062 0.530518
vt 0.257651 0.645230
vt 0.913836 0.753466
vt 0.070561 0.780006
vt 0.349857 0.822410
vt 0.007737 0.878468
vt 0.257449 0.928651
vt 0.851563 0.082509
vt 0.100830 0.167969
vt 0.695421 0.312237
vt 0.726630 0.466975
vt 0.507928 0.581627
vt 0.507756 0.582018
vt 0.132812 0.717773
vt 0.134634 0.919061
vt 0.162488 0.980121
vt 0.914551 0.410889
vt 0.726994 0.457825
vt 0.852051 0.643311
vt 0.758013 0.655454
vt 0.135260 0.915617
vt 0.196045 0.160156
vt 0.039787 0.248568
vt 0.164795 0.486084
vt 0.321045 0.558838
vt 0.696060 0.611847
vt 0.821289 0.087408
vt 0.290249 0.127407
vt 0.133789 0.163818
vt 0.975925 0.381023
vt 0.352539 0.683594
vt 0.228027 0.775903
vt 0.883071 0.460847
vt 0.634033 0.496338
vt 0.509255 0.605749
vt 0.511714 0.025640
vt 0.761292 0.284123
vt 0.976705 0.379833
vt 0.946777 0.397705
vt 0.881387 0.459017
vt 0.882574 0.460307
vt 0.884277 0.462158
vt 0.290527 0.490234
vt 0.665646 0.554424
vt 0.821707 0.613303
vt 0.817871 0.620605
vt 0.039917 0.793091
vt 0.197027 0.968750
vt 0.197198 0.976798
vt 0.576172 0.155518
vt 0.071691 0.333776
vt 0.915874 0.342898
vt 0.978717 0.376495
vt 0.978271 0.377441
vt 0.977824 0.378125
vt 0.009536 0.434269
vt 0.290771 0.467041
vt 0.353271 0.505615
vt 0.571913 0.510431
vt 0.447021 0.619385
vt 0.447021 0.765625
vt 0.947139 0.830550
vt 0.197212 0.992262
vt 0.977338 0.378867
vt 0.789551 0.415039
vt 0.228711 0.659457
vt 0.353851 0.800741
vt 0.072318 0.209848
vt 0.010002 0.434284
vt 0.447510 0.608643
vt 0.759038 0.655308
vt 0.322754 0.702637
vt 0.915691 0.781703
vt 0.134554 0.919760
vt 0.197369 0.979900
vt 0.072910 0.288368
vt 0.885254 0.408936
vt 0.666598 0.477095
vt 0.886211 0.647225
vt 0.729488 0.299050
vt 0.979577 0.374667
vt 0.635498 0.400391
vt 0.073243 0.416147
vt 0.856035 0.559598
vt 0.354172 0.603054
vt 0.416713 0.609152
vt 0.135561 0.914080
vt 0.261125 0.919086
vt 0.479499 0.008830
vt 0.418475 0.044986
vt 0.292271 0.111577
vt 0.760979 0.654998
vt 0.387974 0.797353
vt 0.292281 0.112052
vt 0.980983 0.371680
vt 0.822021 0.408447
vt 0.573242 0.457275
vt 0.698186 0.476699
vt 0.854902 0.482197
vt 0.667225 0.486765
vt 0.854728 0.506397
vt 0.008325 0.878345
vt 0.261426 0.917871
vt 0.980716 0.042754
vt 0.073102 0.288760
vt 0.667258 0.384783
vt 0.323730 0.549316
vt 0.386259 0.627458
vt 0.823730 0.644287
vt 0.479994 0.731728
vt 0.042521 0.792821
vt 0.042713 0.828815
vt 0.382062 0.056821
vt 0.762269 0.283026
vt 0.981259 0.371092
vt 0.073652 0.393622
vt 0.792725 0.597656
vt 0.948997 0.667795
vt 0.105469 0.751465
vt 0.821759 0.087339
vt 0.699489 0.304221
vt 0.730469 0.323975
vt 0.793213 0.406494
vt 0.792228 0.408792
vt 0.543217 0.551279
vt 0.237262 0.655740
vt 0.354781 0.801476
vt 0.168213 0.984619
vt 0.923846 0.057193
vt 0.761963 0.314941
vt 0.855713 0.453857
vt 0.699716 0.528085
vt 0.949453 0.667678
vt 0.135227 0.921492
vt 0.293706 0.101635
vt 0.074799 0.394916
vt 0.354318 0.603494
vt 0.293457 0.731201
vt 0.293213 0.868896
vt 0.229248 0.939697
vt 0.044940 0.255609
vt 0.699925 0.318336
vt 0.981901 0.369729
vt 0.668868 0.443096
vt 0.294127 0.122128
vt 0.668841 0.426699
vt 0.262759 0.486289
vt 0.137977 0.928457
vt 0.418901 0.044828
vt 0.077288 0.296201
vt 0.731922 0.512897
vt 0.512904 0.574740
vt 0.357219 0.612607
vt 0.420530 0.783125
vt 0.137921 0.905593
vt 0.198232 0.980356
vt 0.794680 0.285140
vt 0.982178 0.369141
vt 0.075744 0.395940
vt 0.044720 0.399144
vt 0.200684 0.961426
vt 0.852013 0.082431
vt 0.232178 0.150879
vt 0.544678 0.483643
vt 0.044666 0.792362
vt 0.017827 0.876987
vt 0.232178 0.948975
vt 0.107422 0.173584
vt 0.732422 0.472412
vt 0.576420 0.502381
vt 0.326172 0.539551
vt 0.951172 0.629639
vt 0.670146 0.642567
vt 0.763581 0.646066
vt 0.916181 0.782420
vt 0.045058 0.784317
vt 0.201186 0.846641
vt 0.888916 0.432617
vt 0.295241 0.475000
vt 0.858182 0.553692
vt 0.920058 0.788883
vt 0.920312 0.791250
vt 0.920882 0.799806
vt 0.384521 0.812012
vt 0.357677 0.809621
vt 0.357737 0.818613
vt 0.170374 0.864761
vt 0.261997 0.921177
vt 0.136230 0.960938
vt 0.858300 0.520442
vt 0.827148 0.572510
vt 0.701693 0.605243
vt 0.888672 0.634521
vt 0.076804 0.217217
vt 0.076921 0.326417
vt 0.076788 0.326820
vt 0.670843 0.534938
vt 0.827082 0.544405
vt 0.420932 0.601048
vt 0.076604 0.773962
vt 0.264648 0.391602
vt 0.920654 0.402344
vt 0.889297 0.432354
vt 0.700684 0.436768
vt 0.920959 0.630208
vt 0.919565 0.747192
vt 0.044678 0.799561
vt 0.920898 0.800293
vt 0.920917 0.810713
vt 0.610840 0.166748
vt 0.077449 0.296617
vt 0.921631 0.349121
vt 0.139893 0.712646
vt 0.327393 0.733154
vt 0.890188 0.071964
vt 0.077621 0.315917
vt 0.825928 0.404053
vt 0.202637 0.425781
vt 0.765137 0.472900
vt 0.827393 0.488770
vt 0.795654 0.605469
vt 0.452637 0.759033
vt 0.046298 0.820519
vt 0.047385 0.210261
vt 0.077682 0.315438
vt 0.919189 0.385254
vt 0.952881 0.394531
vt 0.921366 0.403114
vt 0.827793 0.489322
vt 0.609131 0.495605
vt 0.265381 0.643756
vt 0.390752 0.790734
vt 0.359324 0.835902
vt 0.140381 0.975342
vt 0.921592 0.391021
vt 0.923106 0.405000
vt 0.763184 0.460693
vt 0.359375 0.581543
vt 0.515630 0.592251
vt 0.734375 0.627197
vt 0.765625 0.659912
vt 0.203202 0.682588
vt 0.078360 0.765965
vt 0.924542 0.819283
vt 0.263184 0.941895
vt 0.453610 0.018818
vt 0.981197 0.042757
vt 0.079498 0.400006
vt 0.828192 0.489874
vt 0.922300 0.666312
vt 0.110107 0.743896
vt 0.924930 0.740385
vt 0.080236 0.763343
vt 0.359924 0.794745
vt 0.263672 0.911133
vt 0.265800 0.938670
vt 0.203120 0.997437
vt 0.922077 0.349645
vt 0.890059 0.431826
vt 0.169434 0.479004
vt 0.828592 0.490426
vt 0.578969 0.494181
vt 0.734886 0.505862
vt 0.734775 0.506310
vt 0.829626 0.567364
vt 0.516064 0.592383
vt 0.516098 0.602265
vt 0.175049 0.686768
vt 0.141183 0.896262
vt 0.141037 0.896702
vt 0.297513 0.093462
vt 0.078857 0.202148
vt 0.920836 0.389206
vt 0.893637 0.393995
vt 0.893228 0.395000
vt 0.245362 0.478993
vt 0.672363 0.559210
vt 0.860107 0.572998
vt 0.953804 0.836008
vt 0.322021 0.836670
vt 0.205956 0.983376
vt 0.329153 0.064064
vt 0.544434 0.138428
vt 0.204590 0.159912
vt 0.079548 0.305467
vt 0.894389 0.392150
vt 0.892076 0.653558
vt 0.954146 0.857413
vt 0.829348 0.286844
vt 0.704414 0.325598
vt 0.174561 0.486084
vt 0.860612 0.567354
vt 0.954341 0.845459
vt 0.954107 0.856934
vt 0.113779 0.172676
vt 0.673340 0.371338
vt 0.891049 0.431141
vt 0.735847 0.495926
vt 0.861478 0.631180
vt 0.486064 0.725631
vt 0.267310 0.741964
vt 0.385742 0.806396
vt 0.517334 0.104492
vt 0.829807 0.286942
vt 0.080025 0.400696
vt 0.924309 0.406303
vt 0.081342 0.761846
vt 0.358154 0.809558
vt 0.954828 0.860992
vt 0.517564 0.031976
vt 0.426958 0.041025
vt 0.955258 0.052747
vt 0.923260 0.351034
vt 0.673911 0.379998
vt 0.828992 0.490979
vt 0.827393 0.513672
vt 0.830416 0.565991
vt 0.894043 0.627686
vt 0.390000 0.800000
vt 0.268146 0.917311
vt 0.517849 0.094485
vt 0.674156 0.379672
vt 0.892822 0.395996
vt 0.049321 0.404517
vt 0.080158 0.411605
vt 0.892471 0.430156
vt 0.361593 0.620406
vt 0.330322 0.715576
vt 0.082180 0.760714
vt 0.924314 0.057107
vt 0.893355 0.421354
vt 0.299316 0.482910
vt 0.518159 0.581788
vt 0.862467 0.634065
vt 0.987012 0.656290
vt 0.893258 0.429611
vt 0.768799 0.454102
vt 0.143608 0.462643
vt 0.674737 0.480964
vt 0.144930 0.932575
vt 0.143652 0.461719
vt 0.143572 0.462157
vt 0.706341 0.522489
vt 0.549801 0.545645
vt 0.771240 0.666504
vt 0.362544 0.062012
vt 0.800043 0.309290
vt 0.923340 0.396729
vt 0.893956 0.429128
vt 0.144330 0.471863
vt 0.830792 0.493464
vt 0.862635 0.537173
vt 0.393862 0.622814
vt 0.331299 0.724854
vt 0.894043 0.410889
vt 0.925293 0.411621
vt 0.143973 0.887429
vt 0.956493 0.888173
vt 0.269043 0.904297
vt 0.703369 0.121582
vt 0.706844 0.300152
vt 0.800537 0.407471
vt 0.019303 0.432609
vt 0.862973 0.546834
vt 0.520547 0.587037
vt 0.238037 0.919922
vt 0.206787 0.943115
vt 0.048657 0.358884
vt 0.675781 0.431396
vt 0.831656 0.494657
vt 0.552812 0.513013
vt 0.054688 0.797363
vt 0.207234 0.840518
vt 0.707273 0.300027
vt 0.613525 0.396973
vt 0.426332 0.594259
vt 0.270008 0.626082
vt 0.925781 0.636963
vt 0.394775 0.784760
vt 0.394043 0.802490
vt 0.955760 0.865883
vt 0.082800 0.180678
vt 0.051531 0.349628
vt 0.832520 0.495850
vt 0.957529 0.666063
vt 0.395566 0.793073
vt 0.144156 0.887038
vt 0.895264 0.428223
vt 0.676396 0.541034
vt 0.330784 0.837644
vt 0.957281 0.873871
vt 0.238752 0.929219
vt 0.239313 0.938775
vt 0.140650 0.946834
vt 0.301658 0.085398
vt 0.770508 0.107666
vt 0.925715 0.353916
vt 0.051804 0.367928
vt 0.645020 0.375244
vt 0.801758 0.426758
vt 0.739527 0.487330
vt 0.833008 0.507080
vt 0.833008 0.614014
vt 0.926732 0.730960
vt 0.925093 0.739999
vt 0.239751 0.763183
vt 0.177565 0.859976
vt 0.957963 0.877450
vt 0.957974 0.877925
vt 0.956577 0.887700
vt 0.489513 0.010935
vt 0.739538 0.473361
vt 0.520649 0.594791
vt 0.926713 0.731437
vt 0.299561 0.863037
vt 0.989660 0.928433
vt 0.145681 0.940624
vt 0.926764 0.355147
vt 0.927246 0.355713
vt 0.989014 0.363770
vt 0.677545 0.389075
vt 0.677182 0.398419
vt 0.144836 0.472568
vt 0.614746 0.496094
vt 0.521729 0.112305
vt 0.236328 0.411133
vt 0.771240 0.466797
vt 0.740000 0.475000
vt 0.896774 0.066441
vt 0.989893 0.363477
vt 0.177490 0.987549
vt 0.648193 0.493408
vt 0.709355 0.600833
vt 0.709227 0.610821
vt 0.490774 0.623696
vt 0.055933 0.341816
vt 0.990332 0.363330
vt 0.865723 0.475830
vt 0.553223 0.479004
vt 0.365744 0.628382
vt 0.862755 0.634366
vt 0.209142 0.991452
vt 0.460651 0.013716
vt 0.340091 0.062771
vt 0.803467 0.416748
vt 0.834473 0.493408
vt 0.553467 0.525391
vt 0.522035 0.573477
vt 0.145214 0.934752
vt 0.928711 0.385986
vt 0.303955 0.475830
vt 0.928612 0.827200
vt 0.148930 0.879906
vt 0.677490 0.147949
vt 0.522947 0.038862
vt 0.991776 0.044239
vt 0.400813 0.051523
vt 0.773192 0.282251
vt 0.835173 0.305104
vt 0.866823 0.501974
vt 0.679199 0.517334
vt 0.866903 0.523945
vt 0.679199 0.539795
vt 0.679367 0.554135
vt 0.115107 0.172486
vt 0.773390 0.411182
vt 0.710571 0.464478
vt 0.679709 0.466972
vt 0.836045 0.494515
vt 0.866995 0.572938
vt 0.897573 0.660522
vt 0.366947 0.817414
vt 0.960938 0.390381
vt 0.867356 0.505800
vt 0.304688 0.603516
vt 0.492188 0.674561
vt 0.929199 0.377197
vt 0.242188 0.404785
vt 0.841064 0.498047
vt 0.679850 0.545772
vt 0.679932 0.570801
vt 0.929932 0.713867
vt 0.372056 0.824216
vt 0.961546 0.900776
vt 0.648828 0.382861
vt 0.648996 0.383279
vt 0.147497 0.454084
vt 0.489990 0.632812
vt 0.860428 0.078863
vt 0.707758 0.299983
vt 0.992676 0.362549
vt 0.774276 0.412324
vt 0.649207 0.485570
vt 0.555653 0.539266
vt 0.430420 0.639404
vt 0.243166 0.649395
vt 0.394928 0.790341
vt 0.025135 0.871809
vt 0.524401 0.561859
vt 0.524735 0.579476
vt 0.368222 0.630547
vt 0.305660 0.731234
vt 0.117676 0.172119
vt 0.899771 0.421462
vt 0.305908 0.493896
vt 0.743408 0.611816
vt 0.274702 0.737051
vt 0.209067 0.829866
vt 0.963661 0.048794
vt 0.306180 0.077427
vt 0.712402 0.325928
vt 0.368746 0.630993
vt 0.961670 0.641113
vt 0.212370 0.821372
vt 0.837674 0.289718
vt 0.056382 0.408993
vt 0.900073 0.420904
vt 0.712891 0.118896
vt 0.806641 0.285156
vt 0.994141 0.362061
vt 0.930000 0.376549
vt 0.775657 0.413843
vt 0.681690 0.469446
vt 0.778809 0.590576
vt 0.712891 0.618408
vt 0.871146 0.637970
vt 0.368389 0.795084
vt 0.306641 0.857910
vt 0.211914 0.936035
vt 0.931885 0.363281
vt 0.869639 0.531987
vt 0.713150 0.645811
vt 0.275146 0.898193
vt 0.244590 0.944478
vt 0.775635 0.100586
vt 0.092782 0.178756
vt 0.837954 0.290022
vt 0.682193 0.381366
vt 0.369291 0.631458
vt 0.713462 0.645541
vt 0.494629 0.707520
vt 0.494738 0.707941
vt 0.494803 0.722154
vt 0.430439 0.038724
vt 0.620012 0.396268
vt 0.495117 0.631104
vt 0.026754 0.784826
vt 0.526607 0.066834
vt 0.369815 0.631904
vt 0.745667 0.650922
vt 0.212267 0.679266
vt 0.367423 0.817338
vt 0.026428 0.237610
vt 0.838321 0.291344
vt 0.995000 0.361774
vt 0.651729 0.391755
vt 0.495361 0.683594
vt 0.995181 0.685559
vt 0.526574 0.047289
vt 0.368899 0.060802
vt 0.840350 0.082095
vt 0.526855 0.119385
vt 0.058335 0.266603
vt 0.776353 0.414608
vt 0.308105 0.594727
vt 0.683350 0.124512
vt 0.682691 0.379625
vt 0.714601 0.604028
vt 0.370863 0.632797
vt 0.464785 0.753096
vt 0.901971 0.772169
vt 0.242188 0.911865
vt 0.871264 0.077628
vt 0.778091 0.416496
vt 0.183608 0.686292
vt 0.152344 0.700684
vt 0.246338 0.140625
vt 0.027560 0.227292
vt 0.683989 0.374828
vt 0.621305 0.405034
vt 0.621437 0.405466
vt 0.309158 0.469306
vt 0.246497 0.961469
vt 0.840241 0.298547
vt 0.028026 0.429678
vt 0.841137 0.513230
vt 0.371649 0.633466
vt 0.215591 0.812179
vt 0.277832 0.890137
vt 0.340576 0.062733
vt 0.930491 0.376151
vt 0.871917 0.455440
vt 0.840679 0.512395
vt 0.871821 0.631348
vt 0.424805 0.780029
vt 0.059288 0.793220
vt 0.245850 0.916504
vt 0.934572 0.056174
vt 0.840820 0.082042
vt 0.997070 0.361084
vt 0.559500 0.454917
vt 0.560316 0.493473
vt 0.715910 0.519779
vt 0.747070 0.664307
vt 0.903630 0.767560
vt 0.247087 0.926268
vt 0.247768 0.936021
vt 0.245000 0.943638
vt 0.247289 0.954587
vt 0.809534 0.307867
vt 0.810649 0.397035
vt 0.811103 0.397945
vt 0.778564 0.455566
vt 0.245847 0.757099
vt 1.000000 0.930420
vt 0.248504 0.945064
vt 0.497761 0.015120
vt 0.940000 0.055927
vt 0.372567 0.060103
vt 0.027682 0.226851
vt 0.810832 0.297889
vt 0.903809 0.409424
vt 0.716543 0.458497
vt 0.528908 0.573293
vt 0.528695 0.573653
vt 0.435085 0.591141
vt 0.403817 0.620894
vt 0.716523 0.637786
vt 0.935303 0.707031
vt 0.029297 0.791260
vt 0.313232 0.852295
vt 0.247761 0.936621
vt 0.528995 0.057129
vt 0.901824 0.065288
vt 0.061155 0.203353
vt 0.935303 0.391602
vt 0.748005 0.483626
vt 0.310303 0.584717
vt 0.247667 0.755764
vt 0.966416 0.915212
vt 0.529183 0.568560
vt 0.435531 0.591004
vt 0.654297 0.606201
vt 0.248360 0.642427
vt 0.966970 0.907277
vt 0.592276 0.496735
vt 0.560756 0.517185
vt 0.967041 0.689941
vt 0.248219 0.755364
vt 0.717531 0.299094
vt 0.748228 0.471281
vt 0.342397 0.818317
vt 0.587402 0.155518
vt 0.623943 0.496560
vt 0.373779 0.572021
vt 0.748684 0.644485
vt 0.967054 0.665777
vt 0.248704 0.944712
vt 0.967786 0.390870
vt 0.155470 0.485038
vt 0.686523 0.612061
vt 0.748984 0.644197
vt 0.968506 0.646484
vt 0.373167 0.816244
vt 0.718018 0.299072
vt 0.280518 0.402100
vt 0.280518 0.432373
vt 0.186768 0.434326
vt 0.561581 0.523060
vt 0.499179 0.715364
vt 0.217390 0.805000
vt 0.030399 0.865141
vt 0.966935 0.908393
vt 0.749761 0.294859
vt 0.843205 0.502746
vt 0.343506 0.491943
vt 0.250000 0.754075
vt 0.425000 0.000000
vt 0.475000 0.000000
vt 0.520000 0.000000
vt 0.970000 0.000000
vt 1.000000 0.000000
vt 0.450000 0.015000
vt 0.470000 0.010000
vt 0.505000 0.015000
vt 0.520000 0.030000
vt 0.960000 0.045000
vt 0.980000 0.040000
vt 1.000000 0.045000
vt 0.380000 0.055000
vt 0.330000 0.060000
vt 0.340000 0.060000
vt 0.370000 0.060000
vt 0.530000 0.060000
vt 0.305000 0.079441
vt 0.530000 0.070000
vt 0.860000 0.075000
vt 0.880000 0.070000
vt 0.840000 0.080000
vt 0.850000 0.080000
vt 0.520000 0.095000
vt 0.729248 0.110840
vt 0.271240 0.131836
vt 0.293795 0.120000
vt 0.240000 0.140000
vt 0.602783 0.164551
vt 0.085000 0.175000
vt 0.115000 0.170000
vt 0.000000 0.190000
vt 0.080000 0.180000
vt 0.040000 0.210000
vt 0.057373 0.210938
vt 0.070000 0.210000
vt 0.068848 0.220947
vt 0.025000 0.245000
vt 0.040000 0.250000
vt 0.055000 0.270000
vt 0.000000 0.220000
vt 0.070000 0.290000
vt 0.775000 0.285000
vt 0.810000 0.295000
vt 0.710000 0.305000
vt 0.720000 0.300000
vt 0.730000 0.300000
vt 0.795000 0.290000
vt 0.741699 0.311768
vt 0.751465 0.314209
vt 0.075000 0.325000
vt 0.720000 0.320000
vt 0.920000 0.355000
vt 0.915000 0.360000
vt 0.985000 0.370000
vt 0.680000 0.380000
vt 0.980000 0.380000
vt 0.620000 0.400000
vt 0.939209 0.398926
vt 0.066087 0.411490
vt 0.075000 0.410000
vt 0.890022 0.410000
vt 0.899967 0.410000
vt 0.890000 0.415000
vt 0.900000 0.420000
vt 0.020000 0.430000
vt 0.623773 0.410000
vt 0.560000 0.460000
vt 0.570000 0.460000
vt 0.593994 0.450195
vt 0.640000 0.485000
vt 0.660000 0.445000
vt 0.720000 0.460000
vt 0.864258 0.450684
vt 0.866455 0.463623
vt 0.308490 0.470000
vt 0.320391 0.470000
vt 0.680000 0.470000
vt 0.885000 0.525000
vt 0.328125 0.470703
vt 0.289980 0.490000
vt 0.315000 0.495000
vt 0.539551 0.488770
vt 0.680000 0.485000
vt 0.710000 0.470000
vt 0.819668 0.489203
vt 0.840332 0.487549
vt 0.554443 0.506592
vt 0.580000 0.505000
vt 0.590000 0.500000
vt 0.575000 0.510000
vt 0.610000 0.525000
vt 0.663330 0.525879
vt 0.730000 0.510000
vt 0.845000 0.505000
vt 0.340000 0.495000
vt 0.705000 0.520000
vt 0.870000 0.520000
vt 0.330000 0.540000
vt 0.672363 0.534424
vt 0.853027 0.539551
vt 0.865000 0.540000
vt 0.550000 0.550000
vt 0.680000 0.550000
vt 0.841553 0.562256
vt 0.540000 0.560000
vt 0.860000 0.555000
vt 0.367920 0.578369
vt 0.520000 0.570000
vt 0.360000 0.580000
vt 0.510000 0.585000
vt 0.525000 0.580000
vt 0.351195 0.590000
vt 0.510000 0.591447
vt 0.525000 0.590000
vt 0.350000 0.605000
vt 0.517520 0.600000
vt 0.778809 0.603760
vt 0.320000 0.625000
vt 0.833252 0.623047
vt 0.360000 0.620000
vt 0.695000 0.620000
vt 0.975000 0.625000
vt 0.390000 0.630000
vt 0.415000 0.620000
vt 0.437256 0.634033
vt 0.656006 0.625488
vt 0.860000 0.630000
vt 0.890000 0.625000
vt 0.920000 0.630000
vt 0.940918 0.631592
vt 0.495000 0.645000
vt 0.660000 0.637237
vt 0.870000 0.640000
vt 0.260000 0.650000
vt 0.750000 0.654332
vt 0.740000 0.675000
vt 0.740234 0.658936
vt 0.815000 0.660000
vt 0.370000 0.679396
vt 0.950000 0.670000
vt 0.220000 0.675000
vt 0.225000 0.665000
vt 0.915000 0.670000
vt 0.330000 0.685000
vt 0.713623 0.654785
vt 0.160000 0.710000
vt 0.195000 0.690000
vt 0.494814 0.705000
vt 0.305000 0.730000
vt 0.280000 0.730000
vt 0.265000 0.740000
vt 0.245000 0.750000
vt 0.480000 0.740000
vt 0.100000 0.760000
vt 0.475000 0.750000
vt 0.080000 0.775000
vt 0.425000 0.785000
vt 0.215000 0.800000
vt 0.920000 0.790000
vt 0.369629 0.804932
vt 0.920000 0.800000
vt 0.046346 0.809333
vt 0.360000 0.815000
vt 0.920000 0.810000
vt 0.350000 0.820000
vt 0.380000 0.820000
vt 0.925000 0.830000
vt 0.340000 0.840000
vt 0.350000 0.840000
vt 0.360000 0.840000
vt 0.950000 0.855000
vt 0.170000 0.860000
vt 0.950000 0.890000
vt 0.030000 0.880000
vt 0.160000 0.865000
vt 0.010000 0.880000
vt 0.020000 0.880000
vt 0.955000 0.880000
vt 0.890000 0.965000
vt 0.970000 0.920000
vt 0.110000 0.930000
vt 0.240000 0.930000
vt 0.990000 0.930000
vt 0.140000 0.945000
vt 1.000000 1.000000
vt 0.200000 0.970000
vt 0.575000 0.790000
vt 0.125000 1.000000
vt 0.185000 1.000000
vt 0.325000 1.000000
vt 0.690000 1.000000
vt 0.460000 0.010000
vt 0.480000 0.005000
vt 0.515000 0.025000
vt 0.275000 0.055000
vt 0.400000 0.050000
vt 0.410000 0.045000
vt 0.850000 0.025000
vt 0.945000 0.055000
vt 0.970000 0.040000
vt 0.999326 0.048480
vt 0.330000 0.025000
vt 0.890000 0.035000
vt 0.915000 0.055000
vt 0.930000 0.050000
vt 0.310000 0.070000
vt 0.560000 0.060000
vt 0.895000 0.065000
vt 0.525000 0.075000
vt 0.855000 0.075000
vt 0.820000 0.085000
vt 0.290000 0.100000
vt 0.535000 0.120000
vt 0.565000 0.145000
vt 0.135000 0.150000
vt 0.680420 0.139160
vt 0.090000 0.175000
vt 0.085938 0.184814
vt 0.060000 0.205000
vt 0.030000 0.215000
vt 0.025000 0.225000
vt 0.060000 0.275000
vt 0.830000 0.290000
vt 0.075000 0.305000
vt 0.790283 0.309082
vt 0.703936 0.325000
vt 0.050000 0.350000
vt 0.910000 0.345000
vt 0.925000 0.355000
vt 0.915000 0.365000
vt 0.932314 0.365000
vt 0.995000 0.365000
vt 0.065900 0.380000
vt 0.645000 0.385000
vt 0.975000 0.385000
vt 0.980000 0.385000
vt 0.070000 0.395000
vt 0.901855 0.397705
vt 0.925000 0.395000
vt 0.629639 0.406738
vt 0.925000 0.405000
vt 0.034042 0.425000
vt 0.035000 0.415000
vt 0.075055 0.415036
vt 0.625000 0.415000
vt 0.915000 0.415000
vt 0.970000 0.395000
vt 0.025000 0.425000
vt 0.665000 0.425000
vt 0.925000 0.415000
vt 0.885000 0.440000
vt 0.280000 0.450000
vt 0.885000 0.445000
vt 0.150859 0.450421
vt 0.215820 0.475586
vt 0.145000 0.465000
vt 0.192139 0.486084
vt 0.290000 0.475000
vt 0.586182 0.472168
vt 0.675000 0.465000
vt 0.250143 0.480000
vt 0.281982 0.486572
vt 0.665000 0.465000
vt 0.672771 0.480000
vt 0.676894 0.484440
vt 0.874756 0.475098
vt 0.272705 0.486572
vt 0.325000 0.485000
vt 0.645000 0.485000
vt 0.690000 0.475000
vt 0.855000 0.485000
vt 0.336182 0.487061
vt 0.585000 0.495000
vt 0.694092 0.508301
vt 0.735000 0.495000
vt 0.825000 0.495000
vt 0.861572 0.483887
vt 0.320000 0.505000
vt 0.350586 0.515137
vt 0.656494 0.493408
vt 0.850000 0.505000
vt 0.335000 0.530000
vt 0.551108 0.515000
vt 0.689453 0.515869
vt 0.700000 0.525000
vt 0.845000 0.515000
vt 0.865000 0.515000
vt 0.560000 0.525000
vt 0.365000 0.535000
vt 0.675000 0.536496
vt 0.875000 0.535000
vt 0.350000 0.560000
vt 0.560000 0.540000
vt 0.545000 0.555000
vt 0.665000 0.555000
vt 0.843994 0.536377
vt 0.517023 0.566297
vt 0.535000 0.565000
vt 0.675000 0.565000
vt 0.320000 0.580000
vt 0.355000 0.575000
vt 0.515000 0.575000
vt 0.860000 0.575000
vt 0.515000 0.590000
vt 0.525000 0.585000
vt 0.890000 0.580000
vt 0.435000 0.595000
vt 0.425000 0.605000
vt 0.650000 0.605000
vt 0.715000 0.605000
vt 0.355000 0.615000
vt 0.505000 0.615000
vt 0.735840 0.612549
vt 0.904297 0.625732
vt 0.838379 0.630127
vt 0.930000 0.625000
vt 0.395000 0.625000
vt 0.411113 0.615710
vt 0.645000 0.645000
vt 0.712402 0.624756
vt 0.350000 0.675000
vt 0.370000 0.635000
vt 0.831543 0.641846
vt 0.975000 0.640000
vt 0.989502 0.649902
vt 0.995448 0.653090
vt 0.822754 0.654541
vt 0.885000 0.650000
vt 0.995000 0.655000
vt 0.990000 0.660000
vt 1.000000 0.675000
vt 0.216688 0.672053
vt 0.328613 0.696289
vt 0.380000 0.670000
vt 0.510000 0.700000
vt 0.861816 0.643311
vt 1.000000 0.683105
vt 0.345000 0.685000
vt 0.205000 0.685000
vt 0.325000 0.675000
vt 0.495000 0.695000
vt 0.320000 0.700000
vt 0.930000 0.675000
vt 0.505000 0.720000
vt 0.315000 0.730000
vt 0.230000 0.740000
vt 0.250000 0.750000
vt 0.275000 0.735000
vt 0.910000 0.750000
vt 0.245000 0.755000
vt 0.465000 0.755000
vt 0.900000 0.765000
vt 0.225000 0.775000
vt 0.910000 0.760000
vt 0.040000 0.784962
vt 0.065000 0.785000
vt 0.490000 0.745000
vt 0.395000 0.795000
vt 0.915000 0.785000
vt 0.920898 0.805000
vt 0.050000 0.820000
vt 0.355000 0.815000
vt 0.390000 0.830000
vt 0.945000 0.835000
vt 0.034879 0.845210
vt 0.140000 0.885000
vt 0.035000 0.865000
vt 0.025000 0.875000
vt 0.955000 0.875000
vt 0.145000 0.880000
vt 0.135000 0.905000
vt 0.280000 0.900000
vt 0.955000 0.920000
vt 0.955000 0.900000
vt 0.955113 0.894813
vt 0.965000 0.915000
vt 0.245000 0.925000
vt 0.270000 0.920000
vt 0.135000 0.930000
vt 0.240000 0.935000
vt 0.230000 0.950000
vt 0.136230 0.967285
vt 0.239746 0.965820
vt 0.235000 0.965000
vt 0.195000 0.995000
vt 0.255000 0.000000
vt 0.470000 0.005000
vt 0.495000 0.013693
vt 0.840000 0.000000
vt 0.500000 0.015000
vt 0.420000 0.040000
vt 0.825000 0.055000
vt 0.425000 0.040000
vt 0.525000 0.040000
vt 0.780000 0.080000
vt 0.995000 0.040000
vt 0.530000 0.045000
vt 0.955000 0.050000
vt 0.095000 0.140000
vt 0.370000 0.050000
vt 0.530000 0.055000
vt 0.845000 0.082224
vt 0.905000 0.060000
vt 0.925000 0.055000
vt 0.305000 0.075000
vt 0.870000 0.075000
vt 0.890000 0.070000
vt 0.895000 0.055000
vt 0.520000 0.085000
vt 0.833055 0.084153
vt 0.295000 0.090000
vt 0.670000 0.115000
vt 0.250000 0.090000
vt 0.290000 0.110000
vt 0.000000 0.000000
vt 0.290000 0.125000
vt 0.195000 0.150000
vt 0.050000 0.185000
vt 0.125000 0.165000
vt 0.152832 0.163330
vt 0.177979 0.161621
vt 0.635000 0.155000
vt 0.000000 0.140000
vt 0.098640 0.175991
vt 0.000000 0.185000
vt 0.060000 0.200000
vt 0.045000 0.210000
vt 0.065000 0.210000
vt 0.025000 0.240000
vt 0.030000 0.245000
vt 0.045000 0.260000
vt 0.035000 0.246065
vt 0.065000 0.280000
vt 0.075000 0.295000
vt 0.740000 0.300000
vt 0.760000 0.290000
vt 0.805000 0.290000
vt 0.835000 0.300000
vt 0.050000 0.325000
vt 0.075000 0.315000
vt 0.750000 0.300000
vt 0.800000 0.305000
vt 0.000000 0.285000
vt 0.700000 0.315000
vt 0.045000 0.360000
vt 0.060000 0.335000
vt 0.055000 0.340000
vt 0.915000 0.350000
vt 0.679932 0.364258
vt 0.050000 0.370000
vt 0.990000 0.365000
vt 0.065506 0.378879
vt 0.675000 0.385000
vt 0.980000 0.375000
vt 1.000000 0.375000
vt 0.045000 0.395000
vt 0.065000 0.390000
vt 0.670000 0.385000
vt 0.665000 0.395000
vt 0.675000 0.390000
vt 1.000000 0.420000
vt 0.050000 0.400000
vt 0.075000 0.400000
vt 0.650000 0.395000
vt 0.675000 0.400000
vt 0.815000 0.400000
vt 0.025000 0.410000
vt 0.040000 0.405000
vt 0.055000 0.405000
vt 0.065000 0.410000
vt 0.245000 0.410000
vt 0.620000 0.405000
vt 0.655000 0.400000
vt 0.905000 0.420000
vt 0.940000 0.420000
vt 0.035000 0.420000
vt 0.283447 0.425537
vt 0.630000 0.415000
vt 0.780000 0.415000
vt 0.895000 0.420000
vt 0.010000 0.430000
vt 0.605469 0.437256
vt 0.684570 0.428955
vt 0.905000 0.425000
vt 0.895000 0.430000
vt 0.200000 0.440000
vt 0.228271 0.415283
vt 0.660000 0.435000
vt 0.690000 0.445000
vt 0.890000 0.435000
vt 0.206787 0.476318
vt 0.150000 0.455000
vt 0.670000 0.445000
vt 0.725000 0.460000
vt 0.773438 0.457764
vt 0.880000 0.455000
vt 0.885000 0.455000
vt 0.245000 0.475000
vt 0.310000 0.490000
vt 0.560000 0.465000
vt 0.665000 0.443242
vt 0.709849 0.465000
vt 0.705000 0.470000
vt 0.725000 0.470000
vt 0.895000 0.470000
vt 0.255000 0.480000
vt 0.265000 0.485000
vt 0.603027 0.486084
vt 0.655000 0.480000
vt 0.675000 0.480000
vt 0.740000 0.485000
vt 0.745000 0.480000
vt 0.160000 0.485000
vt 0.184082 0.488770
vt 0.295000 0.490000
vt 0.303711 0.486328
vt 0.310000 0.495175
vt 0.555000 0.490000
vt 0.609375 0.491943
vt 0.625000 0.495000
vt 0.665000 0.490000
vt 0.735000 0.490000
vt 0.320000 0.500000
vt 0.580000 0.494212
vt 0.700000 0.480000
vt 0.715000 0.515000
vt 0.730000 0.505000
vt 0.820000 0.505000
vt 0.865000 0.500000
vt 0.870000 0.505000
vt 0.570000 0.520000
vt 0.565000 0.520000
vt 0.850000 0.515000
vt 0.860000 0.521226
vt 0.365079 0.529987
vt 0.874080 0.529832
vt 0.330000 0.532745
vt 0.360840 0.529297
vt 0.685000 0.540711
vt 0.830000 0.545000
vt 0.870000 0.535000
vt 0.351318 0.585693
vt 0.670000 0.545000
vt 0.820000 0.550000
vt 0.865000 0.545000
vt 0.655518 0.530273
vt 0.660000 0.555000
vt 0.680000 0.555000
vt 0.975000 0.520000
vt 0.865000 0.565000
vt 0.516752 0.566606
vt 0.515000 0.580000
vt 0.530000 0.575000
vt 0.555000 0.600000
vt 0.580000 0.560000
vt 0.870000 0.575000
vt 0.350000 0.595000
vt 0.525000 0.595000
vt 0.630000 0.540000
vt 0.697592 0.610000
vt 0.850000 0.575000
vt 1.000000 0.630000
vt 0.282227 0.607910
vt 0.420000 0.610000
vt 0.510000 0.610000
vt 0.520000 0.605000
vt 0.700000 0.605000
vt 0.695000 0.610000
vt 0.275000 0.625000
vt 0.710000 0.615000
vt 0.705000 0.620000
vt 0.855000 0.590000
vt 0.931145 0.629923
vt 0.340000 0.630000
vt 0.365000 0.630000
vt 0.495000 0.620000
vt 0.682129 0.619873
vt 0.880000 0.630000
vt 0.915000 0.625000
vt 0.909849 0.630000
vt 0.409180 0.654785
vt 0.405000 0.625000
vt 0.695000 0.645000
vt 0.715000 0.635000
vt 0.860000 0.635000
vt 0.910000 0.635000
vt 0.245000 0.650000
vt 0.275000 0.650000
vt 0.265000 0.645000
vt 0.269193 0.635698
vt 0.365000 0.635000
vt 0.385000 0.640000
vt 0.488037 0.647461
vt 0.660000 0.640000
vt 0.670000 0.645000
vt 0.748436 0.645000
vt 0.762296 0.645000
vt 0.841797 0.641846
vt 0.880000 0.645000
vt 0.240000 0.660000
vt 0.250000 0.645000
vt 0.380000 0.635000
vt 0.489258 0.657471
vt 0.685000 0.665000
vt 0.760000 0.655000
vt 0.890000 0.655000
vt 1.000000 0.665000
vt 0.230000 0.660000
vt 0.365000 0.675000
vt 0.493896 0.665039
vt 0.890000 0.670000
vt 0.905000 0.670000
vt 0.920000 0.670000
vt 0.960000 0.670000
vt 0.975000 0.670000
vt 0.215000 0.680000
vt 0.275000 0.720000
vt 0.336914 0.692383
vt 0.380000 0.675000
vt 0.185000 0.690000
vt 0.295000 0.730000
vt 0.493164 0.690674
vt 0.778809 0.669189
vt 0.958740 0.693848
vt 0.940000 0.675000
vt 0.976562 0.687256
vt 0.325094 0.700102
vt 0.494814 0.700000
vt 0.292977 0.731246
vt 0.500000 0.715000
vt 0.925781 0.721924
vt 0.185000 0.790000
vt 0.325000 0.712314
vt 0.490000 0.730000
vt 0.925000 0.730000
vt 0.270000 0.735000
vt 0.480000 0.735000
vt 0.495000 0.725000
vt 0.920000 0.740000
vt 0.240000 0.760000
vt 0.080000 0.765000
vt 0.090000 0.765000
vt 0.065000 0.815000
vt 0.220000 0.780000
vt 0.900000 0.775000
vt 0.905000 0.780000
vt 0.075000 0.785000
vt 0.450000 0.770000
vt 0.060000 0.795000
vt 0.360000 0.800000
vt 0.375000 0.800000
vt 0.885000 0.785000
vt 0.920000 0.795000
vt 0.215000 0.810000
vt 0.365000 0.815000
vt 0.395000 0.810000
vt 0.140000 0.840000
vt 0.350000 0.815000
vt 0.885000 0.820000
vt 0.045000 0.830000
vt 0.205000 0.830000
vt 0.375000 0.825000
vt 0.920000 0.820000
vt 0.935000 0.835000
vt 0.040000 0.835000
vt 0.205000 0.840000
vt 0.950000 0.845000
vt 0.040000 0.845000
vt 0.200000 0.845000
vt 0.317871 0.844727
vt 0.035000 0.855000
vt 0.185000 0.850000
vt 0.340000 0.865000
vt 0.155000 0.870000
vt 0.000000 0.882812
vt 0.955000 0.885000
vt 0.140000 0.895000
vt 0.130000 0.920000
vt 0.265000 0.925000
vt 0.265024 0.928352
vt 0.270000 0.940000
vt 0.980000 0.930000
vt 0.000000 0.910000
vt 0.145000 0.940000
vt 1.000000 0.940000
vt 0.139160 0.953613
vt 0.202148 0.950684
vt 0.217529 0.929443
vt 0.250000 0.945000
vt 0.000000 1.000000
vt 0.115000 0.975000
vt 0.250000 0.955000
vt 0.095000 1.000000
vt 0.250000 0.965000
vt 0.205000 0.980000
vt 0.147461 0.980469
vt 0.180664 0.994629
vt 0.210000 0.990000
vt 0.190000 0.995000
vt 0.205000 1.000000
vt 0.210000 1.000000
vt 0.297707 0.093069
vt 0.329587 0.063938
vt 0.345000 0.062532
vt 0.373020 0.059982
vt 0.447632 0.024780
vt 0.469964 0.010458
vt 0.475000 0.009598
vt 0.479969 0.008840
vt 0.522016 0.074409
vt 0.519113 0.083518
vt 0.519016 0.083981
vt 0.517810 0.094970
vt 0.639160 0.158447
vt 0.648193 0.155273
vt 0.667725 0.150391
vt 0.678955 0.132324
vt 0.740479 0.109863
vt 0.761475 0.110840
vt 0.780518 0.093262
vt 0.783691 0.084229
vt 0.792969 0.081299
vt 0.802979 0.083496
vt 0.811035 0.087646
vt 0.892510 0.070000
vt 0.906924 0.064105
vt 0.945801 0.055675
vt 0.946267 0.055594
vt 0.000000 0.431885
vt 0.030000 0.428176
vt 0.035266 0.419248
vt 0.040375 0.406048
vt 0.055980 0.408825
vt 0.060410 0.410000
vt 0.060000 0.374396
vt 0.060000 0.339289
vt 0.051632 0.261324
vt 0.058350 0.220703
vt 0.075000 0.218151
vt 0.081299 0.192383
vt 0.130000 0.165950
vt 0.131688 0.165000
vt 0.135000 0.163882
vt 0.143066 0.164307
vt 0.168945 0.158447
vt 0.250000 0.139338
vt 0.264160 0.134033
vt 0.675049 0.377441
vt 0.683261 0.375000
vt 0.682020 0.381769
vt 0.677253 0.397949
vt 0.671893 0.417173
vt 0.669015 0.426292
vt 0.664590 0.434272
vt 0.676270 0.439209
vt 0.691162 0.434570
vt 0.697569 0.442278
vt 0.690619 0.453983
vt 0.685059 0.450439
vt 0.682059 0.459451
vt 0.703172 0.469482
vt 0.719531 0.455000
vt 0.724748 0.455000
vt 0.744880 0.485000
vt 0.715000 0.520000
vt 0.710000 0.521417
vt 0.689550 0.540000
vt 0.670166 0.526855
vt 0.679688 0.525635
vt 0.686768 0.520508
vt 0.699219 0.508545
vt 0.673340 0.523682
vt 0.670000 0.534628
vt 0.675579 0.540000
vt 0.671607 0.548345
vt 0.688965 0.555420
vt 0.684814 0.563477
vt 0.672852 0.575928
vt 0.665039 0.592529
vt 0.653564 0.615723
vt 0.664551 0.636475
vt 0.665771 0.627930
vt 0.673340 0.623291
vt 0.697021 0.598145
vt 0.707031 0.595947
vt 0.709058 0.600000
vt 0.692992 0.618860
vt 0.702825 0.616669
vt 0.721697 0.600000
vt 0.721191 0.614502
vt 0.721924 0.623047
vt 0.730225 0.619141
vt 0.739502 0.620117
vt 0.727051 0.632080
vt 0.720459 0.632812
vt 0.713675 0.645000
vt 0.710000 0.646621
vt 0.704834 0.647949
vt 0.698242 0.648682
vt 0.704590 0.654541
vt 0.732910 0.654053
vt 0.723145 0.652100
vt 0.755371 0.660400
vt 0.794922 0.660889
vt 0.804443 0.659180
vt 0.814697 0.658691
vt 0.854248 0.638672
vt 0.831543 0.604248
vt 0.828857 0.595215
vt 0.828857 0.583008
vt 0.835000 0.566945
vt 0.859637 0.572934
vt 0.861374 0.511942
vt 0.857178 0.502441
vt 0.850000 0.515674
vt 0.840640 0.511981
vt 0.835259 0.493961
vt 0.837881 0.490000
vt 0.847900 0.482910
vt 0.863575 0.480000
vt 0.883545 0.471680
vt 0.872314 0.451172
vt 0.884746 0.435000
vt 0.897412 0.425000
vt 0.895000 0.421266
vt 0.885498 0.418945
vt 0.885280 0.410000
vt 0.910000 0.410268
vt 0.915000 0.410920
vt 0.924806 0.411604
vt 0.926514 0.408691
vt 0.934802 0.411617
vt 0.910645 0.400146
vt 0.910000 0.399967
vt 0.895110 0.390381
vt 0.895508 0.389404
vt 0.910000 0.391941
vt 0.920000 0.396185
vt 0.915000 0.395371
vt 0.925000 0.390000
vt 0.979765 0.374267
vt 0.981674 0.370211
vt 0.033414 0.855808
vt 0.085000 0.760409
vt 0.122559 0.731934
vt 0.114990 0.736572
vt 0.146240 0.706787
vt 0.159668 0.695801
vt 0.168701 0.692627
vt 0.184080 0.686255
vt 0.216896 0.671682
vt 0.255000 0.644453
vt 0.269043 0.618652
vt 0.275879 0.613281
vt 0.289551 0.603027
vt 0.298584 0.605713
vt 0.313965 0.576172
vt 0.314377 0.575000
vt 0.318145 0.565000
vt 0.326060 0.540000
vt 0.328732 0.535000
vt 0.328125 0.522949
vt 0.319092 0.519775
vt 0.314657 0.510000
vt 0.314813 0.499796
vt 0.297852 0.495117
vt 0.265000 0.486384
vt 0.260000 0.484376
vt 0.260861 0.485000
vt 0.245838 0.479055
vt 0.234841 0.478518
vt 0.224121 0.479492
vt 0.199951 0.481689
vt 0.145000 0.459024
vt 0.153338 0.447753
vt 0.171631 0.443604
vt 0.163330 0.447021
vt 0.180664 0.440430
vt 0.193257 0.430000
vt 0.195000 0.429054
vt 0.208740 0.419678
vt 0.247070 0.397461
vt 0.255859 0.394043
vt 0.274170 0.390869
vt 0.280518 0.392334
vt 0.279053 0.442139
vt 0.283447 0.449951
vt 0.295000 0.474558
vt 0.305000 0.474487
vt 0.330000 0.473516
vt 0.333008 0.478027
vt 0.333701 0.480000
vt 0.340000 0.489606
vt 0.340591 0.490000
vt 0.345000 0.493025
vt 0.350000 0.496646
vt 0.351507 0.500000
vt 0.354004 0.523926
vt 0.380371 0.534180
vt 0.371338 0.531006
vt 0.380127 0.543213
vt 0.380000 0.545117
vt 0.379395 0.554199
vt 0.378906 0.564941
vt 0.360000 0.581311
vt 0.352664 0.585000
vt 0.351151 0.594456
vt 0.356506 0.610422
vt 0.365000 0.627015
vt 0.380544 0.633973
vt 0.425671 0.595000
vt 0.445557 0.598389
vt 0.442383 0.626953
vt 0.423828 0.645020
vt 0.393799 0.663818
vt 0.387939 0.670166
vt 0.372314 0.678955
vt 0.366829 0.680000
vt 0.362061 0.680908
vt 0.355000 0.682900
vt 0.335000 0.693284
vt 0.330000 0.695637
vt 0.322754 0.710938
vt 0.330788 0.720000
vt 0.310000 0.731826
vt 0.315000 0.732508
vt 0.305176 0.731201
vt 0.279037 0.735000
vt 0.270124 0.740083
vt 0.260414 0.746954
vt 0.255000 0.750573
vt 0.249091 0.754733
vt 0.218036 0.802426
vt 0.208946 0.830316
vt 0.155057 0.873786
vt 0.153320 0.975098
vt 0.160000 0.978539
vt 0.189206 0.993136
vt 0.197121 0.968313
vt 0.232806 0.950000
vt 0.235000 0.953579
vt 0.236816 0.956543
vt 0.239487 0.965000
vt 0.246730 0.960000
vt 0.260000 0.941046
vt 0.260000 0.928544
vt 0.391357 0.806641
vt 0.400391 0.789795
vt 0.395918 0.792855
vt 0.409668 0.788330
vt 0.417725 0.785156
vt 0.458008 0.752197
vt 0.495000 0.708369
vt 0.494622 0.699423
vt 0.489746 0.637939
vt 0.490624 0.625000
vt 0.495013 0.616152
vt 0.495295 0.615858
vt 0.525000 0.562588
vt 0.527202 0.570000
vt 0.524433 0.580000
vt 0.525000 0.579087
vt 0.530605 0.570000
vt 0.558838 0.532227
vt 0.549072 0.517578
vt 0.560000 0.516682
vt 0.572126 0.510068
vt 0.578605 0.495000
vt 0.586704 0.494645
vt 0.594727 0.488037
vt 0.589111 0.481445
vt 0.583008 0.463135
vt 0.587891 0.456299
vt 0.599365 0.443359
vt 0.603271 0.427734
vt 0.599854 0.418945
vt 0.603271 0.410156
vt 0.605713 0.400391
vt 0.639160 0.391846
vt 0.640137 0.381592
vt 0.651541 0.391379
vt 0.788818 0.604004
vt 0.773682 0.597656
vt 0.825000 0.488692
vt 0.801336 0.410000
vt 0.802915 0.415000
vt 0.795166 0.421631
vt 0.347957 0.811813
vt 0.343111 0.817390
vt 0.710000 0.325855
vt 0.696475 0.310000
vt 0.699050 0.305000
vt 0.700000 0.303905
vt 0.725000 0.299072
vt 0.739511 0.297164
vt 0.740000 0.297063
vt 0.807128 0.285172
vt 0.825000 0.286466
vt 0.839231 0.300000
vt 0.825928 0.306641
vt 0.799561 0.309320
vt 0.780273 0.309814
vt 0.772217 0.313965
vt 0.735596 0.317871
vt 0.666504 0.370850
vt 0.667725 0.360840
vt 0.675537 0.356445
vt 0.674072 0.370605
vt 0.546631 0.484619
vt 0.561523 0.486328
vt 0.560547 0.501953
vt 0.543701 0.496826
vt 0.547363 0.505371
vt 0.247043 0.925816
vt 0.238782 0.929687
vt 0.561728 0.469055
vt 0.555176 0.470459
vt 0.553955 0.461426
vt 0.560000 0.454691
vt 0.566162 0.452637
vt 0.568225 0.465000
vt 0.562123 0.468923
vt 0.930000 0.360206
vt 0.934326 0.373047
vt 0.925000 0.374624
vt 0.921631 0.372559
vt 0.908936 0.360000
vt 0.915000 0.342681
vt 0.774658 0.447754
vt 0.757324 0.472412
vt 0.758545 0.463379
vt 0.818237 0.399292
vt 0.856445 0.462891
vt 0.850000 0.458940
vt 0.871300 0.455000
vt 0.827637 0.543457
vt 0.834473 0.538574
vt 0.851562 0.547852
vt 0.831055 0.563477
vt 0.823730 0.558594
vt 0.746029 0.650000
vt 0.750000 0.643753
vt 0.755000 0.641566
vt 0.370123 0.795166
vt 0.815000 0.610092
vt 0.820861 0.615000
vt 0.809814 0.616455
vt 0.808350 0.610107
vt 0.780518 0.410156
vt 0.785381 0.420000
vt 0.786631 0.415000
vt 0.780000 0.418015
vt 0.955717 0.895365
vt 0.954241 0.850340
vt 0.954333 0.844971
vt 0.947652 0.830687
vt 0.952749 0.835000
vt 0.937011 0.830089
vt 0.928931 0.827466
vt 0.936548 0.830005
vt 0.920182 0.789306
vt 0.950195 0.697510
vt 0.984375 0.686279
vt 0.996400 0.685000
vt 0.643311 0.499268
vt 0.623779 0.497803
vt 0.641654 0.489711
vt 0.635000 0.492313
vt 0.660000 0.477946
vt 0.666749 0.486829
vt 0.958008 0.666009
vt 0.929485 0.671320
vt 0.914061 0.666971
vt 0.903386 0.666690
vt 0.915527 0.638916
vt 0.924379 0.635000
vt 0.930664 0.629889
vt 0.962646 0.628906
vt 0.963867 0.633545
vt 0.978027 0.649170
vt 0.000000 0.000000
vt 1.000000 0.000000
vt 1.000000 1.000000
vt 0.000000 1.000000
vt 0.000000 0.000000
vt 1.000000 0.000000
vt 1.000000 1.000000
vt 0.000000 1.000000
vt 0.000000 0.000000
vt 1.000000 0.000000
vt 1.000000 1.000000
vt 0.000000 1.000000
vt 0.000000 0.000000
vt 1.000000 0.000000
vt 1.000000 1.000000
vt 0.000000 1.000000
vt 0.000000 0.000000
vt 1.000000 0.000000
vt 1.000000 1.000000
vt 0.000000 1.000000
vt 0.000000 0.000000
vt 1.000000 0.000000
vt 1.000000 1.000000
vt 0.000000 1.000000
vt 0.000000 0.000000
vt 1.000000 0.000000
vt 1.000000 1.000000
vt 0.000000 1.000000
vt 0.000000 0.000000
vt 1.000000 0.000000
vt 1.000000 1.000000
vt 0.000000 1.000000
vt 0.000000 0.000000
vt 1.000000 0.000000
vt 1.000000 1.000000
vt 0.000000 1.000000
vt 0.000000 0.000000
vt 1.000000 0.000000
vt 1.000000 1.000000
vt 0.000000 1.000000
vt 0.000000 0.000000
vt 1.000000 0.000000
vt 1.000000 1.000000
vt 0.000000 1.000000
vt 0.000000 0.000000
vt 1.000000 0.000000
vt 1.000000 1.000000
vt 0.000000 1.000000
vt 0.000000 0.000000
vt 1.000000 0.000000
vt 1.000000 1.000000
vt 0.000000 1.000000
vt 0.000000 0.000000
vt 1.000000 0.000000
vt 1.000000 1.000000
vt 0.000000 1.000000
vt 0.000000 0.000000
vt 1.000000 0.000000
vt 1.000000 1.000000
vt 0.000000 1.000000
vt 0.000000 0.000000
vt 1.000000 0.000000
vt 1.000000 1.000000
vt 0.000000 1.000000
vt 0.000000 0.000000
vt 1.000000 0.000000
vt 1.000000 1.000000
vt 0.000000 1.000000
vt 0.000000 0.000000
vt 1.000000 0.000000
vt 1.000000 1.000000
vt 0.000000 1.000000
vt 0.000000 0.000000
vt 1.000000 0.000000
vt 1.000000 1.000000
vt 0.000000 1.000000
vt 0.000000 0.000000
vt 1.000000 0.000000
vt 1.000000 1.000000
vt 0.000000 1.000000
vt 0.000000 0.000000
vt 1.000000 0.000000
vt 1.000000 1.000000
vt 0.000000 1.000000
vt 0.000000 0.000000
vt 1.000000 0.000000
vt 1.000000 1.000000
vt 0.000000 1.000000
vt 0.000000 0.000000
vt 1.000000 0.000000
vt 1.000000 1.000000
vt 0.000000 1.000000
vt 0.000000 0.000000
vt 1.000000 0.000000
vt 1.000000 1.000000
vt 0.000000 1.000000
vt 0.000000 0.000000
vt 1.000000 0.000000
vt 1.000000 1.000000
vt 0.000000 1.000000
vt 0.000000 0.000000
vt 1.000000 0.000000
vt 1.000000 1.000000
vt 0.000000 1.000000
vt 0.000000 0.000000
vt 1.000000 0.000000
vt 1.000000 1.000000
vt 0.000000 1.000000
vt 0.000000 0.000000
vt 1.000000 0.000000
vt 1.000000 1.000000
vt 0.000000 1.000000
vt 0.000000 0.000000
vt 1.000000 0.000000
vt 1.000000 1.000000
vt 0.000000 1.000000
vt 0.000000 0.000000
vt 1.000000 0.000000
vt 1.000000 1.000000
vt 0.000000 1.000000
vt 0.000000 0.000000
vt 1.000000 0.000000
vt 1.000000 1.000000
vt 0.000000 1.000000
vt 0.000000 0.000000
vt 1.000000 0.000000
vt 1.000000 1.000000
vt 0.000000 1.000000
vt 0.000000 0.000000
vt 1.000000 0.000000
vt 1.000000 1.000000
vt 0.000000 1.000000
vt 0.000000 0.000000
vt 1.000000 0.000000
vt 1.000000 1.000000
vt 0.000000 1.000000
vt 0.000000 0.000000
vt 1.000000 0.000000
vt 1.000000 1.000000
vt 0.000000 1.000000
vt 0.000000 0.000000
vt 1.000000 0.000000
vt 1.000000 1.000000
vt 0.000000 1.000000
vt 0.000000 0.000000
vt 1.000000 0.000000
vt 1.000000 1.000000
vt 0.000000 1.000000
vt 0.000000 0.000000
vt 1.000000 0.000000
vt 1.000000 1.000000
vt 0.000000 1.000000
vt 0.000000 0.000000
vt 1.000000 0.000000
vt 1.000000 1.000000
vt 0.000000 1.000000
vt 0.000000 0.000000
vt 1.000000 0.000000
vt 1.000000 1.000000
vt 0.000000 1.000000
vt 0.000000 0.000000
vt 1.000000 0.000000
vt 1.000000 1.000000
vt 0.000000 1.000000
vt 0.000000 0.000000
vt 1.000000 0.000000
vt 1.000000 1.000000
vt 0.000000 1.000000
vt 0.000000 0.000000
vt 1.000000 0.000000
vt 1.000000 1.000000
vt 0.000000 1.000000
vt 0.000000 0.000000
vt 1.000000 0.000000
vt 1.000000 1.000000
vt 0.000000 1.000000
vt 0.000000 0.000000
vt 1.000000 0.000000
vt 1.000000 1.000000
vt 0.000000 1.000000
vt 0.000000 0.000000
vt 1.000000 0.000000
vt 1.000000 1.000000
vt 0.000000 1.000000
vt 0.000000 0.000000
vt 1.000000 0.000000
vt 1.000000 1.000000
vt 0.000000 1.000000
vt 0.000000 0.000000
vt 1.000000 0.000000
vt 1.000000 1.000000
vt 0.000000 1.000000
vt 0.000000 0.000000
vt 1.000000 0.000000
vt 1.000000 1.000000
vt 0.000000 1.000000
vt 0.000000 0.000000
vt 1.000000 0.000000
vt 1.000000 1.000000
vt 0.000000 1.000000
vt 0.000000 0.000000
vt 1.000000 0.000000
vt 1.000000 1.000000
vt 0.000000 1.000000
vt 0.000000 0.000000
vt 1.000000 0.000000
vt 1.000000 1.000000
vt 0.000000 1.000000
vt 0.000000 0.000000
vt 1.000000 0.000000
vt 1.000000 1.000000
vt 0.000000 1.000000
vt 0.000000 0.000000
vt 1.000000 0.000000
vt 1.000000 1.000000
vt 0.000000 1.000000
vt 0.000000 0.000000
vt 1.000000 0.000000
vt 1.000000 1.000000
vt 0.000000 1.000000
vt 0.000000 0.000000
vt 1.000000 0.000000
vt 1.000000 1.000000
vt 0.000000 1.000000
vt 0.000000 0.000000
vt 1.000000 0.000000
vt 1.000000 1.000000
vt 0.000000 1.000000
vt 0.000000 0.000000
vt 1.000000 0.000000
vt 1.000000 1.000000
vt 0.000000 1.000000
vt 0.000000 0.000000
vt 1.000000 0.000000
vt 1.000000 1.000000
vt 0.000000 1.000000
vt 0.000000 0.000000
vt 1.000000 0.000000
vt 1.000000 1.000000
vt 0.000000 1.000000
vt 0.000000 0.000000
vt 1.000000 0.000000
vt 1.000000 1.000000
vt 0.000000 1.000000
vt 0.000000 0.000000
vt 1.000000 0.000000
vt 1.000000 1.000000
vt 0.000000 1.000000
vt 0.000000 0.000000
vt 1.000000 0.000000
vt 1.000000 1.000000
vt 0.000000 1.000000
vt 0.000000 0.000000
vt 1.000000 0.000000
vt 1.000000 1.000000
vt 0.000000 1.000000
vt 0.000000 0.000000
vt 1.000000 0.000000
vt 1.000000 1.000000
vt 0.000000 1.000000
vt 0.000000 0.000000
vt 1.000000 0.000000
vt 1.000000 1.000000
vt 0.000000 1.000000
vt 0.000000 0.000000
vt 1.000000 0.000000
vt 1.000000 1.000000
vt 0.000000 1.000000
vt 0.000000 0.000000
vt 1.000000 0.000000
vt 1.000000 1.000000
vt 0.000000 1.000000
vt 0.000000 0.000000
vt 1.000000 0.000000
vt 1.000000 1.000000
vt 0.000000 1.000000
vt 0.000000 0.000000
vt 1.000000 0.000000
vt 1.000000 1.000000
vt 0.000000 1.000000
vt 0.000000 0.000000
vt 1.000000 0.000000
vt 1.000000 1.000000
vt 0.000000 1.000000
vt 0.000000 0.000000
vt 1.000000 0.000000
vt 1.000000 1.000000
vt 0.000000 1.000000
vt 0.000000 0.000000
vt 1.000000 0.000000
vt 1.000000 1.000000
vt 0.000000 1.000000
vt 0.000000 0.000000
vt 1.000000 0.000000
vt 1.000000 1.000000
vt 0.000000 1.000000
vt 0.000000 0.000000
vt 1.000000 0.000000
vt 1.000000 1.000000
vt 0.000000 1.000000
vt 0.000000 0.000000
vt 1.000000 0.000000
vt 1.000000 1.000000
vt 0.000000 1.000000
vt 0.000000 0.000000
vt 1.000000 0.000000
vt 1.000000 1.000000
vt 0.000000 1.000000
vt 0.000000 0.000000
vt 1.000000 0.000000
vt 1.000000 1.000000
vt 0.000000 1.000000
vt 0.000000 0.000000
vt 1.000000 0.000000
vt 1.000000 1.000000
vt 0.000000 1.000000
vt 0.000000 0.000000
vt 1.000000 0.000000
vt 1.000000 1.000000
vt 0.000000 1.000000
vt 0.000000 0.000000
vt 1.000000 0.000000
vt 1.000000 1.000000
vt 0.000000 1.000000
vt 0.000000 0.000000
vt 1.000000 0.000000
vt 1.000000 1.000000
vt 0.000000 1.000000
vt 0.000000 0.000000
vt 1.000000 0.000000
vt 1.000000 1.000000
vt 0.000000 1.000000
vt 0.000000 0.000000
vt 1.000000 0.000000
vt 1.000000 1.000000
vt 0.000000 1.000000
vt 0.000000 0.000000
vt 1.000000 0.000000
vt 1.000000 1.000000
vt 0.000000 1.000000
vt 0.000000 0.000000
vt 1.000000 0.000000
vt 1.000000 1.000000
vt 0.000000 1.000000
vt 0.000000 0.000000
vt 1.000000 0.000000
vt 1.000000 1.000000
vt 0.000000 1.000000
vt 0.000000 0.000000
vt 1.000000 0.000000
vt 1.000000 1.000000
vt 0.000000 1.000000
vt 0.000000 0.000000
vt 1.000000 0.000000
vt 1.000000 1.000000
vt 0.000000 1.000000
vt 0.000000 0.000000
vt 1.000000 0.000000
vt 1.000000 1.000000
vt 0.000000 1.000000
vt 0.000000 0.000000
vt 1.000000 0.000000
vt 1.000000 1.000000
vt 0.000000 1.000000
vt 0.000000 0.000000
vt 1.000000 0.000000
vt 1.000000 1.000000
vt 0.000000 1.000000
vt 0.000000 0.000000
vt 1.000000 0.000000
vt 1.000000 1.000000
vt 0.000000 1.000000
vt 0.000000 0.000000
vt 1.000000 0.000000
vt 1.000000 1.000000
vt 0.000000 1.000000
vt 0.000000 0.000000
vt 1.000000 0.000000
vt 1.000000 1.000000
vt 0.000000 1.000000
vt 0.000000 0.000000
vt 1.000000 0.000000
vt 1.000000 1.000000
vt 0.000000 1.000000
vt 0.000000 0.000000
vt 1.000000 0.000000
vt 1.000000 1.000000
vt 0.000000 1.000000
vt 0.000000 0.000000
vt 1.000000 0.000000
vt 1.000000 1.000000
vt 0.000000 1.000000
vt 0.000000 0.000000
vt 1.000000 0.000000
vt 1.000000 1.000000
vt 0.000000 1.000000
vt 0.000000 0.000000
vt 1.000000 0.000000
vt 1.000000 1.000000
vt 0.000000 1.000000
vt 0.000000 0.000000
vt 1.000000 0.000000
vt 1.000000 1.000000
vt 0.000000 1.000000
vt 0.000000 0.000000
vt 1.000000 0.000000
vt 1.000000 1.000000
vt 0.000000 1.000000
vt 0.000000 0.000000
vt 1.000000 0.000000
vt 1.000000 1.000000
vt 0.000000 1.000000
vt 0.000000 0.000000
vt 1.000000 0.000000
vt 1.000000 1.000000
vt 0.000000 1.000000
vt 0.000000 0.000000
vt 1.000000 0.000000
vt 1.000000 1.000000
vt 0.000000 1.000000
vt 0.000000 0.000000
vt 1.000000 0.000000
vt 1.000000 1.000000
vt 0.000000 1.000000
vt 0.000000 0.000000
vt 1.000000 0.000000
vt 1.000000 1.000000
vt 0.000000 1.000000
vt 0.000000 0.000000
vt 1.000000 0.000000
vt 1.000000 1.000000
vt 0.000000 1.000000
vt 0.000000 0.000000
vt 1.000000 0.000000
vt 1.000000 1.000000
vt 0.000000 1.000000
vt 0.000000 0.000000
vt 1.000000 0.000000
vt 1.000000 1.000000
vt 0.000000 1.000000
vt 0.000000 0.000000
vt 1.000000 0.000000
vt 1.000000 1.000000
vt 0.000000 1.000000
vt 0.000000 0.000000
vt 1.000000 0.000000
vt 1.000000 1.000000
vt 0.000000 1.000000
vt 0.000000 0.000000
vt 1.000000 0.000000
vt 1.000000 1.000000
vt 0.000000 1.000000
vt 0.000000 0.000000
vt 1.000000 0.000000
vt 1.000000 1.000000
vt 0.000000 1.000000
vt 0.000000 0.000000
vt 1.000000 0.000000
vt 1.000000 1.000000
vt 0.000000 1.000000
vt 0.000000 0.000000
vt 1.000000 0.000000
vt 1.000000 1.000000
vt 0.000000 1.000000
vt 0.000000 0.000000
vt 1.000000 0.000000
vt 1.000000 1.000000
vt 0.000000 1.000000
vt 0.000000 0.000000
vt 1.000000 0.000000
vt 1.000000 1.000000
vt 0.000000 1.000000
vt 0.000000 0.000000
vt 1.000000 0.000000
vt 1.000000 1.000000
vt 0.000000 1.000000
vt 0.000000 0.000000
vt 1.000000 0.000000
vt 1.000000 1.000000
vt 0.000000 1.000000
vt 0.000000 0.000000
vt 1.000000 0.000000
vt 1.000000 1.000000
vt 0.000000 1.000000
vt 0.000000 0.000000
vt 1.000000 0.000000
vt 1.000000 1.000000
vt 0.000000 1.000000
vt 0.000000 0.000000
vt 1.000000 0.000000
vt 1.000000 1.000000
vt 0.000000 1.000000
vt 0.000000 0.000000
vt 1.000000 0.000000
vt 1.000000 1.000000
vt 0.000000 1.000000
vt 0.000000 0.000000
vt 1.000000 0.000000
vt 1.000000 1.000000
vt 0.000000 1.000000
vt 0.000000 0.000000
vt 1.000000 0.000000
vt 1.000000 1.000000
vt 0.000000 1.000000
vt 0.000000 0.000000
vt 1.000000 0.000000
vt 1.000000 1.000000
vt 0.000000 1.000000
vt 0.000000 0.000000
vt 1.000000 0.000000
vt 1.000000 1.000000
vt 0.000000 1.000000
vt 0.000000 0.000000
vt 1.000000 0.000000
vt 1.000000 1.000000
vt 0.000000 1.000000
vt 0.000000 0.000000
vt 1.000000 0.000000
vt 1.000000 1.000000
vt 0.000000 1.000000
vt 0.000000 0.000000
vt 1.000000 0.000000
vt 1.000000 1.000000
vt 0.000000 1.000000
vt 0.000000 0.000000
vt 1.000000 0.000000
vt 1.000000 1.000000
vt 0.000000 1.000000
vt 0.000000 0.000000
vt 1.000000 0.000000
vt 1.000000 1.000000
vt 0.000000 1.000000
vt 0.000000 0.000000
vt 1.000000 0.000000
vt 1.000000 1.000000
vt 0.000000 1.000000
vt 0.000000 0.000000
vt 1.000000 0.000000
vt 1.000000 1.000000
vt 0.000000 1.000000
vt 0.000000 0.000000
vt 1.000000 0.000000
vt 1.000000 1.000000
vt 0.000000 1.000000
vt 0.000000 0.000000
vt 1.000000 0.000000
vt 1.000000 1.000000
vt 0.000000 1.000000
vt 0.000000 0.000000
vt 1.000000 0.000000
vt 1.000000 1.000000
vt 0.000000 1.000000
vt 0.000000 0.000000
vt 1.000000 0.000000
vt 1.000000 1.000000
vt 0.000000 1.000000
vt 0.000000 0.000000
vt 1.000000 0.000000
vt 1.000000 1.000000
vt 0.000000 1.000000
vt 0.000000 0.000000
vt 1.000000 0.000000
vt 1.000000 1.000000
vt 0.000000 1.000000
vt 0.000000 0.000000
vt 1.000000 0.000000
vt 1.000000 1.000000
vt 0.000000 1.000000
vt 0.000000 0.000000
vt 1.000000 0.000000
vt 1.000000 1.000000
vt 0.000000 1.000000
vt 0.000000 0.000000
vt 1.000000 0.000000
vt 1.000000 1.000000
vt 0.000000 1.000000
vt 0.000000 0.000000
vt 1.000000 0.000000
vt 1.000000 1.000000
vt 0.000000 1.000000
vt 0.000000 0.000000
vt 1.000000 0.000000
vt 1.000000 1.000000
vt 0.000000 1.000000
vt 0.000000 0.000000
vt 1.000000 0.000000
vt 1.000000 1.000000
vt 0.000000 1.000000
vt 0.000000 0.000000
vt 1.000000 0.000000
vt 1.000000 1.000000
vt 0.000000 1.000000
vt 0.000000 0.000000
vt 1.000000 0.000000
vt 1.000000 1.000000
vt 0.000000 1.000000
vt 0.000000 0.000000
vt 1.000000 0.000000
vt 1.000000 1.000000
vt 0.000000 1.000000
vt 0.000000 0.000000
vt 1.000000 0.000000
vt 1.000000 1.000000
vt 0.000000 1.000000
vt 0.000000 0.000000
vt 1.000000 0.000000
vt 1.000000 1.000000
vt 0.000000 1.000000
vt 0.000000 0.000000
vt 1.000000 0.000000
vt 1.000000 1.000000
vt 0.000000 1.000000
vt 0.000000 0.000000
vt 1.000000 0.000000
vt 1.000000 1.000000
vt 0.000000 1.000000
vt 0.000000 0.000000
vt 1.000000 0.000000
vt 1.000000 1.000000
vt 0.000000 1.000000
vt 0.000000 0.000000
vt 1.000000 0.000000
vt 1.000000 1.000000
vt 0.000000 1.000000
vt 0.000000 0.000000
vt 1.000000 0.000000
vt 1.000000 1.000000
vt 0.000000 1.000000
vt 0.000000 0.000000
vt 1.000000 0.000000
vt 1.000000 1.000000
vt 0.000000 1.000000
vt 0.000000 0.000000
vt 1.000000 0.000000
vt 1.000000 1.000000
vt 0.000000 1.000000
vt 0.000000 0.000000
vt 1.000000 0.000000
vt 1.000000 1.000000
vt 0.000000 1.000000
vt 0.000000 0.000000
vt 1.000000 0.000000
vt 1.000000 1.000000
vt 0.000000 1.000000
vt 0.000000 0.000000
vt 1.000000 0.000000
vt 1.000000 1.000000
vt 0.000000 1.000000
vt 0.000000 0.000000
vt 1.000000 0.000000
vt 1.000000 1.000000
vt 0.000000 1.000000
vt 0.000000 0.000000
vt 1.000000 0.000000
vt 1.000000 1.000000
vt 0.000000 1.000000
vt 0.000000 0.000000
vt 1.000000 0.000000
vt 1.000000 1.000000
vt 0.000000 1.000000
vt 0.000000 0.000000
vt 1.000000 0.000000
vt 1.000000 1.000000
vt 0.000000 1.000000
vt 0.000000 0.000000
vt 1.000000 0.000000
vt 1.000000 1.000000
vt 0.000000 1.000000
vt 0.000000 0.000000
vt 1.000000 0.000000
vt 1.000000 1.000000
vt 0.000000 1.000000
vt 0.000000 0.000000
vt 1.000000 0.000000
vt 1.000000 1.000000
vt 0.000000 1.000000
vt 0.000000 0.000000
vt 1.000000 0.000000
vt 1.000000 1.000000
vt 0.000000 1.000000
vt 0.000000 0.000000
vt 1.000000 0.000000
vt 1.000000 1.000000
vt 0.000000 1.000000
vt 0.000000 0.000000
vt 1.000000 0.000000
vt 1.000000 1.000000
vt 0.000000 1.000000
vt 0.000000 0.000000
vt 1.000000 0.000000
vt 1.000000 1.000000
vt 0.000000 1.000000
vt 0.000000 0.000000
vt 1.000000 0.000000
vt 1.000000 1.000000
vt 0.000000 1.000000
vt 0.000000 0.000000
vt 1.000000 0.000000
vt 1.000000 1.000000
vt 0.000000 1.000000
vt 0.000000 0.000000
vt 1.000000 0.000000
vt 1.000000 1.000000
vt 0.000000 1.000000
vt 0.000000 0.000000
vt 1.000000 0.000000
vt 1.000000 1.000000
vt 0.000000 1.000000
vt 0.000000 0.000000
vt 1.000000 0.000000
vt 1.000000 1.000000
vt 0.000000 1.000000
vt 0.000000 0.000000
vt 1.000000 0.000000
vt 1.000000 1.000000
vt 0.000000 1.000000
vt 0.000000 0.000000
vt 1.000000 0.000000
vt 1.000000 1.000000
vt 0.000000 1.000000
vt 0.000000 0.000000
vt 1.000000 0.000000
vt 1.000000 1.000000
vt 0.000000 1.000000
vt 0.000000 0.000000
vt 1.000000 0.000000
vt 1.000000 1.000000
vt 0.000000 1.000000
vt 0.000000 0.000000
vt 1.000000 0.000000
vt 1.000000 1.000000
vt 0.000000 1.000000
vt 0.000000 0.000000
vt 1.000000 0.000000
vt 1.000000 1.000000
vt 0.000000 1.000000
vt 0.000000 0.000000
vt 1.000000 0.000000
vt 1.000000 1.000000
vt 0.000000 1.000000
vt 0.000000 0.000000
vt 1.000000 0.000000
vt 1.000000 1.000000
vt 0.000000 1.000000
vt 0.000000 0.000000
vt 1.000000 0.000000
vt 1.000000 1.000000
vt 0.000000 1.000000
vt 0.000000 0.000000
vt 1.000000 0.000000
vt 1.000000 1.000000
vt 0.000000 1.000000
vt 0.000000 0.000000
vt 1.000000 0.000000
vt 1.000000 1.000000
vt 0.000000 1.000000
vt 0.000000 0.000000
vt 1.000000 0.000000
vt 1.000000 1.000000
vt 0.000000 1.000000
vt 0.000000 0.000000
vt 1.000000 0.000000
vt 1.000000 1.000000
vt 0.000000 1.000000
vt 0.000000 0.000000
vt 1.000000 0.000000
vt 1.000000 1.000000
vt 0.000000 1.000000
vt 0.000000 0.000000
vt 1.000000 0.000000
vt 1.000000 1.000000
vt 0.000000 1.000000
vt 0.000000 0.000000
vt 1.000000 0.000000
vt 1.000000 1.000000
vt 0.000000 1.000000
vt 0.000000 0.000000
vt 1.000000 0.000000
vt 1.000000 1.000000
vt 0.000000 1.000000
vt 0.000000 0.000000
vt 1.000000 0.000000
vt 1.000000 1.000000
vt 0.000000 1.000000
vt 0.000000 0.000000
vt 1.000000 0.000000
vt 1.000000 1.000000
vt 0.000000 1.000000
vt 0.000000 0.000000
vt 1.000000 0.000000
vt 1.000000 1.000000
vt 0.000000 1.000000
vt 0.000000 0.000000
vt 1.000000 0.000000
vt 1.000000 1.000000
vt 0.000000 1.000000
vt 0.000000 0.000000
vt 1.000000 0.000000
vt 1.000000 1.000000
vt 0.000000 1.000000
vt 0.000000 0.000000
vt 1.000000 0.000000
vt 1.000000 1.000000
vt 0.000000 1.000000
vt 0.000000 0.000000
vt 1.000000 0.000000
vt 1.000000 1.000000
vt 0.000000 1.000000
vt 0.000000 0.000000
vt 1.000000 0.000000
vt 1.000000 1.000000
vt 0.000000 1.000000
vt 0.000000 0.000000
vt 1.000000 0.000000
vt 1.000000 1.000000
vt 0.000000 1.000000
vt 0.000000 0.000000
vt 1.000000 0.000000
vt 1.000000 1.000000
vt 0.000000 1.000000
vt 0.000000 0.000000
vt 1.000000 0.000000
vt 1.000000 1.000000
vt 0.000000 1.000000
vt 0.000000 0.000000
vt 1.000000 0.000000
vt 1.000000 1.000000
vt 0.000000 1.000000
vt 0.000000 0.000000
vt 1.000000 0.000000
vt 1.000000 1.000000
vt 0.000000 1.000000
vt 0.000000 0.000000
vt 1.000000 0.000000
vt 1.000000 1.000000
vt 0.000000 1.000000
vt 0.000000 0.000000
vt 1.000000 0.000000
vt 1.000000 1.000000
vt 0.000000 1.000000
vt 0.000000 0.000000
vt 1.000000 0.000000
vt 1.000000 1.000000
vt 0.000000 1.000000
vt 0.000000 0.000000
vt 1.000000 0.000000
vt 1.000000 1.000000
vt 0.000000 1.000000
vt 0.000000 0.000000
vt 1.000000 0.000000
vt 1.000000 1.000000
vt 0.000000 1.000000
vt 0.000000 0.000000
vt 1.000000 0.000000
vt 1.000000 1.000000
vt 0.000000 1.000000
vt 0.000000 0.000000
vt 1.000000 0.000000
vt 1.000000 1.000000
vt 0.000000 1.000000
vt 0.000000 0.000000
vt 1.000000 0.000000
vt 1.000000 1.000000
vt 0.000000 1.000000
vt 0.000000 0.000000
vt 1.000000 0.000000
vt 1.000000 1.000000
vt 0.000000 1.000000
vt 0.000000 0.000000
vt 1.000000 0.000000
vt 1.000000 1.000000
vt 0.000000 1.000000
vt 0.000000 0.000000
vt 1.000000 0.000000
vt 1.000000 1.000000
vt 0.000000 1.000000
vt 0.000000 0.000000
vt 1.000000 0.000000
vt 1.000000 1.000000
vt 0.000000 1.000000
vt 0.000000 0.000000
vt 1.000000 0.000000
vt 1.000000 1.000000
vt 0.000000 1.000000
vt 0.000000 0.000000
vt 1.000000 0.000000
vt 1.000000 1.000000
vt 0.000000 1.000000
vt 0.000000 0.000000
vt 1.000000 0.000000
vt 1.000000 1.000000
vt 0.000000 1.000000
vt 0.000000 0.000000
vt 1.000000 0.000000
vt 1.000000 1.000000
vt 0.000000 1.000000
vt 0.000000 0.000000
vt 1.000000 0.000000
vt 1.000000 1.000000
vt 0.000000 1.000000
vt 0.000000 0.000000
vt 1.000000 0.000000
vt 1.000000 1.000000
vt 0.000000 1.000000
vt 0.000000 0.000000
vt 1.000000 0.000000
vt 1.000000 1.000000
vt 0.000000 1.000000
vt 0.000000 0.000000
vt 1.000000 0.000000
vt 1.000000 1.000000
vt 0.000000 1.000000
vt 0.000000 0.000000
vt 1.000000 0.000000
vt 1.000000 1.000000
vt 0.000000 1.000000
vt 0.000000 0.000000
vt 1.000000 0.000000
vt 1.000000 1.000000
vt 0.000000 1.000000
vt 0.000000 0.000000
vt 1.000000 0.000000
vt 1.000000 1.000000
vt 0.000000 1.000000
vt 0.000000 0.000000
vt 1.000000 0.000000
vt 1.000000 1.000000
vt 0.000000 1.000000
vt 0.000000 0.000000
vt 1.000000 0.000000
vt 1.000000 1.000000
vt 0.000000 1.000000
vt 0.000000 0.000000
vt 1.000000 0.000000
vt 1.000000 1.000000
vt 0.000000 1.000000
vt 0.000000 0.000000
vt 1.000000 0.000000
vt 1.000000 1.000000
vt 0.000000 1.000000
vt 0.000000 0.000000
vt 1.000000 0.000000
vt 1.000000 1.000000
vt 0.000000 1.000000
vt 0.000000 0.000000
vt 1.000000 0.000000
vt 1.000000 1.000000
vt 0.000000 1.000000
vt 0.000000 0.000000
vt 1.000000 0.000000
vt 1.000000 1.000000
vt 0.000000 1.000000
vt 0.000000 0.000000
vt 1.000000 0.000000
vt 1.000000 1.000000
vt 0.000000 1.000000
vt 0.000000 0.000000
vt 1.000000 0.000000
vt 1.000000 1.000000
vt 0.000000 1.000000
vt 0.000000 0.000000
vt 1.000000 0.000000
vt 1.000000 1.000000
vt 0.000000 1.000000
vt 0.000000 0.000000
vt 1.000000 0.000000
vt 1.000000 1.000000
vt 0.000000 1.000000
vt 0.000000 0.000000
vt 1.000000 0.000000
vt 1.000000 1.000000
vt 0.000000 1.000000
vt 0.000000 0.000000
vt 1.000000 0.000000
vt 1.000000 1.000000
vt 0.000000 1.000000
vt 0.000000 0.000000
vt 1.000000 0.000000
vt 1.000000 1.000000
vt 0.000000 1.000000
vt 0.000000 0.000000
vt 1.000000 0.000000
vt 1.000000 1.000000
vt 0.000000 1.000000
vt 0.000000 0.000000
vt 1.000000 0.000000
vt 1.000000 1.000000
vt 0.000000 1.000000
vt 0.000000 0.000000
vt 1.000000 0.000000
vt 1.000000 1.000000
vt 0.000000 1.000000
vt 0.000000 0.000000
vt 1.000000 0.000000
vt 1.000000 1.000000
vt 0.000000 1.000000
vt 0.000000 0.000000
vt 1.000000 0.000000
vt 1.000000 1.000000
vt 0.000000 1.000000
vt 0.000000 0.000000
vt 1.000000 0.000000
vt 1.000000 1.000000
vt 0.000000 1.000000
vt 0.000000 0.000000
vt 1.000000 0.000000
vt 1.000000 1.000000
vt 0.000000 1.000000
vt 0.000000 0.000000
vt 1.000000 0.000000
vt 1.000000 1.000000
vt 0.000000 1.000000
vt 0.000000 0.000000
vt 1.000000 0.000000
vt 1.000000 1.000000
vt 0.000000 1.000000
vt 0.000000 0.000000
vt 1.000000 0.000000
vt 1.000000 1.000000
vt 0.000000 1.000000
vt 0.000000 0.000000
vt 1.000000 0.000000
vt 1.000000 1.000000
vt 0.000000 1.000000
vt 0.000000 0.000000
vt 1.000000 0.000000
vt 1.000000 1.000000
vt 0.000000 1.000000
vt 0.000000 0.000000
vt 1.000000 0.000000
vt 1.000000 1.000000
vt 0.000000 1.000000
vt 0.000000 0.000000
vt 1.000000 0.000000
vt 1.000000 1.000000
vt 0.000000 1.000000
vt 0.000000 0.000000
vt 1.000000 0.000000
vt 1.000000 1.000000
vt 0.000000 1.000000
vt 0.000000 0.000000
vt 1.000000 0.000000
vt 1.000000 1.000000
vt 0.000000 1.000000
vt 0.000000 0.000000
vt 1.000000 0.000000
vt 1.000000 1.000000
vt 0.000000 1.000000
vt 0.000000 0.000000
vt 1.000000 0.000000
vt 1.000000 1.000000
vt 0.000000 1.000000
vt 0.000000 0.000000
vt 1.000000 0.000000
vt 1.000000 1.000000
vt 0.000000 1.000000
vt 0.000000 0.000000
vt 1.000000 0.000000
vt 1.000000 1.000000
vt 0.000000 1.000000
vt 0.000000 0.000000
vt 1.000000 0.000000
vt 1.000000 1.000000
vt 0.000000 1.000000
vt 0.000000 0.000000
vt 1.000000 0.000000
vt 1.000000 1.000000
vt 0.000000 1.000000
vt 0.000000 0.000000
vt 1.000000 0.000000
vt 1.000000 1.000000
vt 0.000000 1.000000
vt 0.000000 0.000000
vt 1.000000 0.000000
vt 1.000000 1.000000
vt 0.000000 1.000000
vt 0.000000 0.000000
vt 1.000000 0.000000
vt 1.000000 1.000000
vt 0.000000 1.000000
vt 0.000000 0.000000
vt 1.000000 0.000000
vt 1.000000 1.000000
vt 0.000000 1.000000
vt 0.000000 0.000000
vt 1.000000 0.000000
vt 1.000000 1.000000
vt 0.000000 1.000000
vt 0.000000 0.000000
vt 1.000000 0.000000
vt 1.000000 1.000000
vt 0.000000 1.000000
vt 0.000000 0.000000
vt 1.000000 0.000000
vt 1.000000 1.000000
vt 0.000000 1.000000
vt 0.000000 0.000000
vt 1.000000 0.000000
vt 1.000000 1.000000
vt 0.000000 1.000000
vt 0.000000 0.000000
vt 1.000000 0.000000
vt 1.000000 1.000000
vt 0.000000 1.000000
vt 0.000000 0.000000
vt 1.000000 0.000000
vt 1.000000 1.000000
vt 0.000000 1.000000
vt 0.000000 0.000000
vt 1.000000 0.000000
vt 1.000000 1.000000
vt 0.000000 1.000000
vt 0.000000 0.000000
vt 1.000000 0.000000
vt 1.000000 1.000000
vt 0.000000 1.000000
vt 0.000000 0.000000
vt 1.000000 0.000000
vt 1.000000 1.000000
vt 0.000000 1.000000
vt 0.000000 0.000000
vt 1.000000 0.000000
vt 1.000000 1.000000
vt 0.000000 1.000000
vt 0.000000 0.000000
vt 1.000000 0.000000
vt 1.000000 1.000000
vt 0.000000 1.000000
vt 0.000000 0.000000
vt 1.000000 0.000000
vt 1.000000 1.000000
vt 0.000000 1.000000
vt 0.000000 0.000000
vt 1.000000 0.000000
vt 1.000000 1.000000
vt 0.000000 1.000000
vt 0.000000 0.000000
vt 1.000000 0.000000
vt 1.000000 1.000000
vt 0.000000 1.000000
vt 0.000000 0.000000
vt 1.000000 0.000000
vt 1.000000 1.000000
vt 0.000000 1.000000
vt 0.000000 0.000000
vt 1.000000 0.000000
vt 1.000000 1.000000
vt 0.000000 1.000000
vt 0.000000 0.000000
vt 1.000000 0.000000
vt 1.000000 1.000000
vt 0.000000 1.000000
vt 0.000000 0.000000
vt 1.000000 0.000000
vt 1.000000 1.000000
vt 0.000000 1.000000
vt 0.000000 0.000000
vt 1.000000 0.000000
vt 1.000000 1.000000
vt 0.000000 1.000000
vt 0.000000 0.000000
vt 1.000000 0.000000
vt 1.000000 1.000000
vt 0.000000 1.000000
vt 0.000000 0.000000
vt 1.000000 0.000000
vt 1.000000 1.000000
vt 0.000000 1.000000
vt 0.000000 0.000000
vt 1.000000 0.000000
vt 1.000000 1.000000
vt 0.000000 1.000000
vt 0.000000 0.000000
vt 1.000000 0.000000
vt 1.000000 1.000000
vt 0.000000 1.000000
vt 0.000000 0.000000
vt 1.000000 0.000000
vt 1.000000 1.000000
vt 0.000000 1.000000
vt 0.000000 0.000000
vt 1.000000 0.000000
vt 1.000000 1.000000
vt 0.000000 1.000000
vt 0.000000 0.000000
vt 1.000000 0.000000
vt 1.000000 1.000000
vt 0.000000 1.000000
vt 0.000000 0.000000
vt 1.000000 0.000000
vt 1.000000 1.000000
vt 0.000000 1.000000
vt 0.000000 0.000000
vt 1.000000 0.000000
vt 1.000000 1.000000
vt 0.000000 1.000000
vt 0.000000 0.000000
vt 1.000000 0.000000
vt 1.000000 1.000000
vt 0.000000 1.000000
vt 0.000000 0.000000
vt 1.000000 0.000000
vt 1.000000 1.000000
vt 0.000000 1.000000
vt 0.000000 0.000000
vt 1.000000 0.000000
vt 1.000000 1.000000
vt 0.000000 1.000000
vt 0.000000 0.000000
vt 1.000000 0.000000
vt 1.000000 1.000000
vt 0.000000 1.000000
vt 0.000000 0.000000
vt 1.000000 0.000000
vt 1.000000 1.000000
vt 0.000000 1.000000
vt 0.000000 0.000000
vt 1.000000 0.000000
vt 1.000000 1.000000
vt 0.000000 1.000000
vt 0.000000 0.000000
vt 1.000000 0.000000
vt 1.000000 1.000000
vt 0.000000 1.000000
vt 0.000000 0.000000
vt 1.000000 0.000000
vt 1.000000 1.000000
vt 0.000000 1.000000
vt 0.000000 0.000000
vt 1.000000 0.000000
vt 1.000000 1.000000
vt 0.000000 1.000000
vt 0.000000 0.000000
vt 1.000000 0.000000
vt 1.000000 1.000000
vt 0.000000 1.000000
vt 0.000000 0.000000
vt 1.000000 0.000000
vt 1.000000 1.000000
vt 0.000000 1.000000
vt 0.000000 0.000000
vt 1.000000 0.000000
vt 1.000000 1.000000
vt 0.000000 1.000000
vt 0.000000 0.000000
vt 1.000000 0.000000
vt 1.000000 1.000000
vt 0.000000 1.000000
vt 0.000000 0.000000
vt 1.000000 0.000000
vt 1.000000 1.000000
vt 0.000000 1.000000
vt 0.000000 0.000000
vt 1.000000 0.000000
vt 1.000000 1.000000
vt 0.000000 1.000000
vt 0.000000 0.000000
vt 1.000000 0.000000
vt 1.000000 1.000000
vt 0.000000 1.000000
vt 0.000000 0.000000
vt 1.000000 0.000000
vt 1.000000 1.000000
vt 0.000000 1.000000
vt 0.000000 0.000000
vt 1.000000 0.000000
vt 1.000000 1.000000
vt 0.000000 1.000000
vt 0.000000 0.000000
vt 1.000000 0.000000
vt 1.000000 1.000000
vt 0.000000 1.000000
vt 0.000000 0.000000
vt 1.000000 0.000000
vt 1.000000 1.000000
vt 0.000000 1.000000
vt 0.000000 0.000000
vt 1.000000 0.000000
vt 1.000000 1.000000
vt 0.000000 1.000000
vt 0.000000 0.000000
vt 1.000000 0.000000
vt 1.000000 1.000000
vt 0.000000 1.000000
vt 0.000000 0.000000
vt 1.000000 0.000000
vt 1.000000 1.000000
vt 0.000000 1.000000
vt 0.000000 0.000000
vt 1.000000 0.000000
vt 1.000000 1.000000
vt 0.000000 1.000000
vt 0.000000 0.000000
vt 1.000000 0.000000
vt 1.000000 1.000000
vt 0.000000 1.000000
vt 0.000000 0.000000
vt 1.000000 0.000000
vt 1.000000 1.000000
vt 0.000000 1.000000
vt 0.000000 0.000000
vt 1.000000 0.000000
vt 1.000000 1.000000
vt 0.000000 1.000000
vt 0.000000 0.000000
vt 1.000000 0.000000
vt 1.000000 1.000000
vt 0.000000 1.000000
vt 0.000000 0.000000
vt 1.000000 0.000000
vt 1.000000 1.000000
vt 0.000000 1.000000
vt 0.000000 0.000000
vt 1.000000 0.000000
vt 1.000000 1.000000
vt 0.000000 1.000000
vt 0.000000 0.000000
vt 1.000000 0.000000
vt 1.000000 1.000000
vt 0.000000 1.000000
vt 0.000000 0.000000
vt 1.000000 0.000000
vt 1.000000 1.000000
vt 0.000000 1.000000
vt 0.000000 0.000000
vt 1.000000 0.000000
vt 1.000000 1.000000
vt 0.000000 1.000000
vt 0.000000 0.000000
vt 1.000000 0.000000
vt 1.000000 1.000000
vt 0.000000 1.000000
vt 0.000000 0.000000
vt 1.000000 0.000000
vt 1.000000 1.000000
vt 0.000000 1.000000
vt 0.000000 0.000000
vt 1.000000 0.000000
vt 1.000000 1.000000
vt 0.000000 1.000000
vt 0.000000 0.000000
vt 1.000000 0.000000
vt 1.000000 1.000000
vt 0.000000 1.000000
vt 0.000000 0.000000
vt 1.000000 0.000000
vt 1.000000 1.000000
vt 0.000000 1.000000
vt 0.000000 0.000000
vt 1.000000 0.000000
vt 1.000000 1.000000
vt 0.000000 1.000000
vt 0.000000 0.000000
vt 1.000000 0.000000
vt 1.000000 1.000000
vt 0.000000 1.000000
vt 0.000000 0.000000
vt 1.000000 0.000000
vt 1.000000 1.000000
vt 0.000000 1.000000
vt 0.000000 0.000000
vt 1.000000 0.000000
vt 1.000000 1.000000
vt 0.000000 1.000000
vt 0.000000 0.000000
vt 1.000000 0.000000
vt 1.000000 1.000000
vt 0.000000 1.000000
vt 0.000000 0.000000
vt 1.000000 0.000000
vt 1.000000 1.000000
vt 0.000000 1.000000
vt 0.000000 0.000000
vt 1.000000 0.000000
vt 1.000000 1.000000
vt 0.000000 1.000000
vt 0.000000 0.000000
vt 1.000000 0.000000
vt 1.000000 1.000000
vt 0.000000 1.000000
vt 0.000000 0.000000
vt 1.000000 0.000000
vt 1.000000 1.000000
vt 0.000000 1.000000
vt 0.000000 0.000000
vt 1.000000 0.000000
vt 1.000000 1.000000
vt 0.000000 1.000000
vt 0.000000 0.000000
vt 1.000000 0.000000
vt 1.000000 1.000000
vt 0.000000 1.000000
vt 0.000000 0.000000
vt 1.000000 0.000000
vt 1.000000 1.000000
vt 0.000000 1.000000
vt 0.000000 0.000000
vt 1.000000 0.000000
vt 1.000000 1.000000
vt 0.000000 1.000000
vt 0.000000 0.000000
vt 1.000000 0.000000
vt 1.000000 1.000000
vt 0.000000 1.000000
vt 0.000000 0.000000
vt 1.000000 0.000000
vt 1.000000 1.000000
vt 0.000000 1.000000
vt 0.000000 0.000000
vt 1.000000 0.000000
vt 1.000000 1.000000
vt 0.000000 1.000000
vt 0.000000 0.000000
vt 1.000000 0.000000
vt 1.000000 1.000000
vt 0.000000 1.000000
vt 0.000000 0.000000
vt 1.000000 0.000000
vt 1.000000 1.000000
vt 0.000000 1.000000
vt 0.000000 0.000000
vt 1.000000 0.000000
vt 1.000000 1.000000
vt 0.000000 1.000000
vt 0.000000 0.000000
vt 1.000000 0.000000
vt 1.000000 1.000000
vt 0.000000 1.000000
vt 0.000000 0.000000
vt 1.000000 0.000000
vt 1.000000 1.000000
vt 0.000000 1.000000
vt 0.000000 0.000000
vt 1.000000 0.000000
vt 1.000000 1.000000
vt 0.000000 1.000000
vt 0.000000 0.000000
vt 1.000000 0.000000
vt 1.000000 1.000000
vt 0.000000 1.000000
vt 0.000000 0.000000
vt 1.000000 0.000000
vt 1.000000 1.000000
vt 0.000000 1.000000
vt 0.000000 0.000000
vt 1.000000 0.000000
vt 1.000000 1.000000
vt 0.000000 1.000000
vt 0.000000 0.000000
vt 1.000000 0.000000
vt 1.000000 1.000000
vt 0.000000 1.000000
vt 0.000000 0.000000
vt 1.000000 0.000000
vt 1.000000 1.000000
vt 0.000000 1.000000
vt 0.000000 0.000000
vt 1.000000 0.000000
vt 1.000000 1.000000
vt 0.000000 1.000000
vt 0.000000 0.000000
vt 1.000000 0.000000
vt 1.000000 1.000000
vt 0.000000 1.000000
vt 0.000000 0.000000
vt 1.000000 0.000000
vt 1.000000 1.000000
vt 0.000000 1.000000
vt 0.000000 0.000000
vt 1.000000 0.000000
vt 1.000000 1.000000
vt 0.000000 1.000000
vt 0.000000 0.000000
vt 1.000000 0.000000
vt 1.000000 1.000000
vt 0.000000 1.000000
vt 0.000000 0.000000
vt 1.000000 0.000000
vt 1.000000 1.000000
vt 0.000000 1.000000
vt 0.000000 0.000000
vt 1.000000 0.000000
vt 1.000000 1.000000
vt 0.000000 1.000000
vt 0.000000 0.000000
vt 1.000000 0.000000
vt 1.000000 1.000000
vt 0.000000 1.000000
vt 0.000000 0.000000
vt 1.000000 0.000000
vt 1.000000 1.000000
vt 0.000000 1.000000
vt 0.000000 0.000000
vt 1.000000 0.000000
vt 1.000000 1.000000
vt 0.000000 1.000000
vt 0.000000 0.000000
vt 1.000000 0.000000
vt 1.000000 1.000000
vt 0.000000 1.000000
vt 0.000000 0.000000
vt 1.000000 0.000000
vt 1.000000 1.000000
vt 0.000000 1.000000
vt 0.000000 0.000000
vt 1.000000 0.000000
vt 1.000000 1.000000
vt 0.000000 1.000000
vt 0.000000 0.000000
vt 1.000000 0.000000
vt 1.000000 1.000000
vt 0.000000 1.000000
vt 0.000000 0.000000
vt 1.000000 0.000000
vt 1.000000 1.000000
vt 0.000000 1.000000
vt 0.000000 0.000000
vt 1.000000 0.000000
vt 1.000000 1.000000
vt 0.000000 1.000000
vt 0.000000 0.000000
vt 1.000000 0.000000
vt 1.000000 1.000000
vt 0.000000 1.000000
vt 0.000000 0.000000
vt 1.000000 0.000000
vt 1.000000 1.000000
vt 0.000000 1.000000
vt 0.000000 0.000000
vt 1.000000 0.000000
vt 1.000000 1.000000
vt 0.000000 1.000000
vt 0.000000 0.000000
vt 1.000000 0.000000
vt 1.000000 1.000000
vt 0.000000 1.000000
vt 0.000000 0.000000
vt 1.000000 0.000000
vt 1.000000 1.000000
vt 0.000000 1.000000
vt 0.000000 0.000000
vt 1.000000 0.000000
vt 1.000000 1.000000
vt 0.000000 1.000000
vt 0.000000 0.000000
vt 1.000000 0.000000
vt 1.000000 1.000000
vt 0.000000 1.000000
vt 0.000000 0.000000
vt 1.000000 0.000000
vt 1.000000 1.000000
vt 0.000000 1.000000
vt 0.000000 0.000000
vt 1.000000 0.000000
vt 1.000000 1.000000
vt 0.000000 1.000000
vt 0.000000 0.000000
vt 1.000000 0.000000
vt 1.000000 1.000000
vt 0.000000 1.000000
vt 0.000000 0.000000
vt 1.000000 0.000000
vt 1.000000 1.000000
vt 0.000000 1.000000
vt 0.000000 0.000000
vt 1.000000 0.000000
vt 1.000000 1.000000
vt 0.000000 1.000000
vt 0.000000 0.000000
vt 1.000000 0.000000
vt 1.000000 1.000000
vt 0.000000 1.000000
vt 0.000000 0.000000
vt 1.000000 0.000000
vt 1.000000 1.000000
vt 0.000000 1.000000
vt 0.000000 0.000000
vt 1.000000 0.000000
vt 1.000000 1.000000
vt 0.000000 1.000000
vt 0.000000 0.000000
vt 1.000000 0.000000
vt 1.000000 1.000000
vt 0.000000 1.000000
vt 0.000000 0.000000
vt 1.000000 0.000000
vt 1.000000 1.000000
vt 0.000000 1.000000
vt 0.000000 0.000000
vt 1.000000 0.000000
vt 1.000000 1.000000
vt 0.000000 1.000000
vt 0.000000 0.000000
vt 1.000000 0.000000
vt 1.000000 1.000000
vt 0.000000 1.000000
vt 0.000000 0.000000
vt 1.000000 0.000000
vt 1.000000 1.000000
vt 0.000000 1.000000
vt 0.000000 0.000000
vt 1.000000 0.000000
vt 1.000000 1.000000
vt 0.000000 1.000000
vt 0.000000 0.000000
vt 1.000000 0.000000
vt 1.000000 1.000000
vt 0.000000 1.000000
vt 0.000000 0.000000
vt 1.000000 0.000000
vt 1.000000 1.000000
vt 0.000000 1.000000
vt 0.000000 0.000000
vt 1.000000 0.000000
vt 1.000000 1.000000
vt 0.000000 1.000000
vt 0.000000 0.000000
vt 1.000000 0.000000
vt 1.000000 1.000000
vt 0.000000 1.000000
vt 0.000000 0.000000
vt 1.000000 0.000000
vt 1.000000 1.000000
vt 0.000000 1.000000
vt 0.000000 0.000000
vt 1.000000 0.000000
vt 1.000000 1.000000
vt 0.000000 1.000000
vt 0.000000 0.000000
vt 1.000000 0.000000
vt 1.000000 1.000000
vt 0.000000 1.000000
vt 0.000000 0.000000
vt 1.000000 0.000000
vt 1.000000 1.000000
vt 0.000000 1.000000
vt 0.000000 0.000000
vt 1.000000 0.000000
vt 1.000000 1.000000
vt 0.000000 1.000000
vt 0.000000 0.000000
vt 1.000000 0.000000
vt 1.000000 1.000000
vt 0.000000 1.000000
vt 0.000000 0.000000
vt 1.000000 0.000000
vt 1.000000 1.000000
vt 0.000000 1.000000
vt 0.000000 0.000000
vt 1.000000 0.000000
vt 1.000000 1.000000
vt 0.000000 1.000000
vt 0.000000 0.000000
vt 1.000000 0.000000
vt 1.000000 1.000000
vt 0.000000 1.000000
vt 0.000000 0.000000
vt 1.000000 0.000000
vt 1.000000 1.000000
vt 0.000000 1.000000
vt 0.000000 0.000000
vt 1.000000 0.000000
vt 1.000000 1.000000
vt 0.000000 1.000000
vt 0.000000 0.000000
vt 1.000000 0.000000
vt 1.000000 1.000000
vt 0.000000 1.000000
vt 0.000000 0.000000
vt 1.000000 0.000000
vt 1.000000 1.000000
vt 0.000000 1.000000
vt 0.000000 0.000000
vt 1.000000 0.000000
vt 1.000000 1.000000
vt 0.000000 1.000000
vt 0.000000 0.000000
vt 1.000000 0.000000
vt 1.000000 1.000000
vt 0.000000 1.000000
vt 0.000000 0.000000
vt 1.000000 0.000000
vt 1.000000 1.000000
vt 0.000000 1.000000
vt 0.000000 0.000000
vt 1.000000 0.000000
vt 1.000000 1.000000
vt 0.000000 1.000000
vt 0.000000 0.000000
vt 1.000000 0.000000
vt 1.000000 1.000000
vt 0.000000 1.000000
vt 0.000000 0.000000
vt 1.000000 0.000000
vt 1.000000 1.000000
vt 0.000000 1.000000
vt 0.000000 0.000000
vt 1.000000 0.000000
vt 1.000000 1.000000
vt 0.000000 1.000000
vt 0.000000 0.000000
vt 1.000000 0.000000
vt 1.000000 1.000000
vt 0.000000 1.000000
vt 0.000000 0.000000
vt 1.000000 0.000000
vt 1.000000 1.000000
vt 0.000000 1.000000
vt 0.000000 0.000000
vt 1.000000 0.000000
vt 1.000000 1.000000
vt 0.000000 1.000000
vt 0.000000 0.000000
vt 1.000000 0.000000
vt 1.000000 1.000000
vt 0.000000 1.000000
vt 0.000000 0.000000
vt 1.000000 0.000000
vt 1.000000 1.000000
vt 0.000000 1.000000
vt 0.000000 0.000000
vt 1.000000 0.000000
vt 1.000000 1.000000
vt 0.000000 1.000000
vt 0.000000 0.000000
vt 1.000000 0.000000
vt 1.000000 1.000000
vt 0.000000 1.000000
vt 0.000000 0.000000
vt 1.000000 0.000000
vt 1.000000 1.000000
vt 0.000000 1.000000
vt 0.000000 0.000000
vt 1.000000 0.000000
vt 1.000000 1.000000
vt 0.000000 1.000000
vt 0.000000 0.000000
vt 1.000000 0.000000
vt 1.000000 1.000000
vt 0.000000 1.000000
vt 0.000000 0.000000
vt 1.000000 0.000000
vt 1.000000 1.000000
vt 0.000000 1.000000
vt 0.000000 0.000000
vt 1.000000 0.000000
vt 1.000000 1.000000
vt 0.000000 1.000000
vt 0.000000 0.000000
vt 1.000000 0.000000
vt 1.000000 1.000000
vt 0.000000 1.000000
vt 0.000000 0.000000
vt 1.000000 0.000000
vt 1.000000 1.000000
vt 0.000000 1.000000
vt 0.000000 0.000000
vt 1.000000 0.000000
vt 1.000000 1.000000
vt 0.000000 1.000000
vt 0.000000 0.000000
vt 1.000000 0.000000
vt 1.000000 1.000000
vt 0.000000 1.000000
vt 0.000000 0.000000
vt 1.000000 0.000000
vt 1.000000 1.000000
vt 0.000000 1.000000
vt 0.000000 0.000000
vt 1.000000 0.000000
vt 1.000000 1.000000
vt 0.000000 1.000000
vt 0.000000 0.000000
vt 1.000000 0.000000
vt 1.000000 1.000000
vt 0.000000 1.000000
vt 0.000000 0.000000
vt 1.000000 0.000000
vt 1.000000 1.000000
vt 0.000000 1.000000
vt 0.000000 0.000000
vt 1.000000 0.000000
vt 1.000000 1.000000
vt 0.000000 1.000000
vt 0.000000 0.000000
vt 1.000000 0.000000
vt 1.000000 1.000000
vt 0.000000 1.000000
vt 0.000000 0.000000
vt 1.000000 0.000000
vt 1.000000 1.000000
vt 0.000000 1.000000
vt 0.000000 0.000000
vt 1.000000 0.000000
vt 1.000000 1.000000
vt 0.000000 1.000000
vt 0.000000 0.000000
vt 1.000000 0.000000
vt 1.000000 1.000000
vt 0.000000 1.000000
vt 0.000000 0.000000
vt 1.000000 0.000000
vt 1.000000 1.000000
vt 0.000000 1.000000
vt 0.000000 0.000000
vt 1.000000 0.000000
vt 1.000000 1.000000
vt 0.000000 1.000000
vt 0.000000 0.000000
vt 1.000000 0.000000
vt 1.000000 1.000000
vt 0.000000 1.000000
vt 0.000000 0.000000
vt 1.000000 0.000000
vt 1.000000 1.000000
vt 0.000000 1.000000
vt 0.000000 0.000000
vt 1.000000 0.000000
vt 1.000000 1.000000
vt 0.000000 1.000000
vt 0.000000 0.000000
vt 1.000000 0.000000
vt 1.000000 1.000000
vt 0.000000 1.000000
vt 0.000000 0.000000
vt 1.000000 0.000000
vt 1.000000 1.000000
vt 0.000000 1.000000
vt 0.000000 0.000000
vt 1.000000 0.000000
vt 1.000000 1.000000
vt 0.000000 1.000000
vt 0.000000 0.000000
vt 1.000000 0.000000
vt 1.000000 1.000000
vt 0.000000 1.000000
vt 0.000000 0.000000
vt 1.000000 0.000000
vt 1.000000 1.000000
vt 0.000000 1.000000
vt 0.000000 0.000000
vt 1.000000 0.000000
vt 1.000000 1.000000
vt 0.000000 1.000000
vt 0.000000 0.000000
vt 1.000000 0.000000
vt 1.000000 1.000000
vt 0.000000 1.000000
vt 0.000000 0.000000
vt 1.000000 0.000000
vt 1.000000 1.000000
vt 0.000000 1.000000
vt 0.000000 0.000000
vt 1.000000 0.000000
vt 1.000000 1.000000
vt 0.000000 1.000000
vt 0.000000 0.000000
vt 1.000000 0.000000
vt 1.000000 1.000000
vt 0.000000 1.000000
vt 0.000000 0.000000
vt 1.000000 0.000000
vt 1.000000 1.000000
vt 0.000000 1.000000
vt 0.000000 0.000000
vt 1.000000 0.000000
vt 1.000000 1.000000
vt 0.000000 1.000000
vt 0.000000 0.000000
vt 1.000000 0.000000
vt 1.000000 1.000000
vt 0.000000 1.000000
vt 0.000000 0.000000
vt 1.000000 0.000000
vt 1.000000 1.000000
vt 0.000000 1.000000
vt 0.000000 0.000000
vt 1.000000 0.000000
vt 1.000000 1.000000
vt 0.000000 1.000000
vt 0.000000 0.000000
vt 1.000000 0.000000
vt 1.000000 1.000000
vt 0.000000 1.000000
vt 0.000000 0.000000
vt 1.000000 0.000000
vt 1.000000 1.000000
vt 0.000000 1.000000
vt 0.000000 0.000000
vt 1.000000 0.000000
vt 1.000000 1.000000
vt 0.000000 1.000000
vt 0.000000 0.000000
vt 1.000000 0.000000
vt 1.000000 1.000000
vt 0.000000 1.000000
vt 0.000000 0.000000
vt 1.000000 0.000000
vt 1.000000 1.000000
vt 0.000000 1.000000
vt 0.000000 0.000000
vt 1.000000 0.000000
vt 1.000000 1.000000
vt 0.000000 1.000000
vt 0.000000 0.000000
vt 1.000000 0.000000
vt 1.000000 1.000000
vt 0.000000 1.000000
vt 0.000000 0.000000
vt 1.000000 0.000000
vt 1.000000 1.000000
vt 0.000000 1.000000
vt 0.000000 0.000000
vt 1.000000 0.000000
vt 1.000000 1.000000
vt 0.000000 1.000000
vt 0.000000 0.000000
vt 1.000000 0.000000
vt 1.000000 1.000000
vt 0.000000 1.000000
vt 0.000000 0.000000
vt 1.000000 0.000000
vt 1.000000 1.000000
vt 0.000000 1.000000
vt 0.000000 0.000000
vt 1.000000 0.000000
vt 1.000000 1.000000
vt 0.000000 1.000000
vt 0.000000 0.000000
vt 1.000000 0.000000
vt 1.000000 1.000000
vt 0.000000 1.000000
vt 0.000000 0.000000
vt 1.000000 0.000000
vt 1.000000 1.000000
vt 0.000000 1.000000
vt 0.000000 0.000000
vt 1.000000 0.000000
vt 1.000000 1.000000
vt 0.000000 1.000000
vt 0.000000 0.000000
vt 1.000000 0.000000
vt 1.000000 1.000000
vt 0.000000 1.000000
vt 0.000000 0.000000
vt 1.000000 0.000000
vt 1.000000 1.000000
vt 0.000000 1.000000
vt 0.000000 0.000000
vt 1.000000 0.000000
vt 1.000000 1.000000
vt 0.000000 1.000000
vt 0.000000 0.000000
vt 1.000000 0.000000
vt 1.000000 1.000000
vt 0.000000 1.000000
vt 0.000000 0.000000
vt 1.000000 0.000000
vt 1.000000 1.000000
vt 0.000000 1.000000
vt 0.000000 0.000000
vt 1.000000 0.000000
vt 1.000000 1.000000
vt 0.000000 1.000000
vt 0.000000 0.000000
vt 1.000000 0.000000
vt 1.000000 1.000000
vt 0.000000 1.000000
vt 0.000000 0.000000
vt 1.000000 0.000000
vt 1.000000 1.000000
vt 0.000000 1.000000
vt 0.000000 0.000000
vt 1.000000 0.000000
vt 1.000000 1.000000
vt 0.000000 1.000000
vt 0.000000 0.000000
vt 1.000000 0.000000
vt 1.000000 1.000000
vt 0.000000 1.000000
vt 0.000000 0.000000
vt 1.000000 0.000000
vt 1.000000 1.000000
vt 0.000000 1.000000
vt 0.000000 0.000000
vt 1.000000 0.000000
vt 1.000000 1.000000
vt 0.000000 1.000000
vt 0.000000 0.000000
vt 1.000000 0.000000
vt 1.000000 1.000000
vt 0.000000 1.000000
vt 0.000000 0.000000
vt 1.000000 0.000000
vt 1.000000 1.000000
vt 0.000000 1.000000
vt 0.000000 0.000000
vt 1.000000 0.000000
vt 1.000000 1.000000
vt 0.000000 1.000000
vt 0.000000 0.000000
vt 1.000000 0.000000
vt 1.000000 1.000000
vt 0.000000 1.000000
vt 0.000000 0.000000
vt 1.000000 0.000000
vt 1.000000 1.000000
vt 0.000000 1.000000
vt 0.000000 0.000000
vt 1.000000 0.000000
vt 1.000000 1.000000
vt 0.000000 1.000000
vt 0.000000 0.000000
vt 1.000000 0.000000
vt 1.000000 1.000000
vt 0.000000 1.000000
vt 0.000000 0.000000
vt 1.000000 0.000000
vt 1.000000 1.000000
vt 0.000000 1.000000
vt 0.000000 0.000000
vt 1.000000 0.000000
vt 1.000000 1.000000
vt 0.000000 1.000000
vt 0.000000 0.000000
vt 1.000000 0.000000
vt 1.000000 1.000000
vt 0.000000 1.000000
vt 0.000000 0.000000
vt 1.000000 0.000000
vt 1.000000 1.000000
vt 0.000000 1.000000
vt 0.000000 0.000000
vt 1.000000 0.000000
vt 1.000000 1.000000
vt 0.000000 1.000000
vt 0.000000 0.000000
vt 1.000000 0.000000
vt 1.000000 1.000000
vt 0.000000 1.000000
vt 0.000000 0.000000
vt 1.000000 0.000000
vt 1.000000 1.000000
vt 0.000000 1.000000
vt 0.000000 0.000000
vt 1.000000 0.000000
vt 1.000000 1.000000
vt 0.000000 1.000000
vt 0.000000 0.000000
vt 1.000000 0.000000
vt 1.000000 1.000000
vt 0.000000 1.000000
vt 0.000000 0.000000
vt 1.000000 0.000000
vt 1.000000 1.000000
vt 0.000000 1.000000
vt 0.000000 0.000000
vt 1.000000 0.000000
vt 1.000000 1.000000
vt 0.000000 1.000000
vt 0.000000 0.000000
vt 1.000000 0.000000
vt 1.000000 1.000000
vt 0.000000 1.000000
vt 0.000000 0.000000
vt 1.000000 0.000000
vt 1.000000 1.000000
vt 0.000000 1.000000
vt 0.000000 0.000000
vt 1.000000 0.000000
vt 1.000000 1.000000
vt 0.000000 1.000000
vt 0.000000 0.000000
vt 1.000000 0.000000
vt 1.000000 1.000000
vt 0.000000 1.000000
vt 0.000000 0.000000
vt 1.000000 0.000000
vt 1.000000 1.000000
vt 0.000000 1.000000
vt 0.000000 0.000000
vt 1.000000 0.000000
vt 1.000000 1.000000
vt 0.000000 1.000000
vt 0.000000 0.000000
vt 1.000000 0.000000
vt 1.000000 1.000000
vt 0.000000 1.000000
vt 0.000000 0.000000
vt 1.000000 0.000000
vt 1.000000 1.000000
vt 0.000000 1.000000
vt 0.000000 0.000000
vt 1.000000 0.000000
vt 1.000000 1.000000
vt 0.000000 1.000000
vt 0.000000 0.000000
vt 1.000000 0.000000
vt 1.000000 1.000000
vt 0.000000 1.000000
vt 0.000000 0.000000
vt 1.000000 0.000000
vt 1.000000 1.000000
vt 0.000000 1.000000
vt 0.000000 0.000000
vt 1.000000 0.000000
vt 1.000000 1.000000
vt 0.000000 1.000000
vt 0.000000 0.000000
vt 1.000000 0.000000
vt 1.000000 1.000000
vt 0.000000 1.000000
vt 0.000000 0.000000
vt 1.000000 0.000000
vt 1.000000 1.000000
vt 0.000000 1.000000
vt 0.000000 0.000000
vt 1.000000 0.000000
vt 1.000000 1.000000
vt 0.000000 1.000000
vt 0.000000 0.000000
vt 1.000000 0.000000
vt 1.000000 1.000000
vt 0.000000 1.000000
vt 0.000000 0.000000
vt 1.000000 0.000000
vt 1.000000 1.000000
vt 0.000000 1.000000
vt 0.000000 0.000000
vt 1.000000 0.000000
vt 1.000000 1.000000
vt 0.000000 1.000000
vt 0.000000 0.000000
vt 1.000000 0.000000
vt 1.000000 1.000000
vt 0.000000 1.000000
vt 0.000000 0.000000
vt 1.000000 0.000000
vt 1.000000 1.000000
vt 0.000000 1.000000
vt 0.000000 0.000000
vt 1.000000 0.000000
vt 1.000000 1.000000
vt 0.000000 1.000000
vt 0.000000 0.000000
vt 1.000000 0.000000
vt 1.000000 1.000000
vt 0.000000 1.000000
vt 0.000000 0.000000
vt 1.000000 0.000000
vt 1.000000 1.000000
vt 0.000000 1.000000
vt 0.000000 0.000000
vt 1.000000 0.000000
vt 1.000000 1.000000
vt 0.000000 1.000000
vt 0.000000 0.000000
vt 1.000000 0.000000
vt 1.000000 1.000000
vt 0.000000 1.000000
vt 0.000000 0.000000
vt 1.000000 0.000000
vt 1.000000 1.000000
vt 0.000000 1.000000
vt 0.000000 0.000000
vt 1.000000 0.000000
vt 1.000000 1.000000
vt 0.000000 1.000000
vt 0.000000 0.000000
vt 1.000000 0.000000
vt 1.000000 1.000000
vt 0.000000 1.000000
vt 0.000000 0.000000
vt 1.000000 0.000000
vt 1.000000 1.000000
vt 0.000000 1.000000
vt 0.000000 0.000000
vt 1.000000 0.000000
vt 1.000000 1.000000
vt 0.000000 1.000000
vt 0.000000 0.000000
vt 1.000000 0.000000
vt 1.000000 1.000000
vt 0.000000 1.000000
vt 0.000000 0.000000
vt 1.000000 0.000000
vt 1.000000 1.000000
vt 0.000000 1.000000
vt 0.000000 0.000000
vt 1.000000 0.000000
vt 1.000000 1.000000
vt 0.000000 1.000000
vt 0.000000 0.000000
vt 1.000000 0.000000
vt 1.000000 1.000000
vt 0.000000 1.000000
vt 0.000000 0.000000
vt 1.000000 0.000000
vt 1.000000 1.000000
vt 0.000000 1.000000
vt 0.000000 0.000000
vt 1.000000 0.000000
vt 1.000000 1.000000
vt 0.000000 1.000000
vt 0.000000 0.000000
vt 1.000000 0.000000
vt 1.000000 1.000000
vt 0.000000 1.000000
vt 0.000000 0.000000
vt 1.000000 0.000000
vt 1.000000 1.000000
vt 0.000000 1.000000
vt 0.000000 0.000000
vt 1.000000 0.000000
vt 1.000000 1.000000
vt 0.000000 1.000000
vt 0.000000 0.000000
vt 1.000000 0.000000
vt 1.000000 1.000000
vt 0.000000 1.000000
vt 0.000000 0.000000
vt 1.000000 0.000000
vt 1.000000 1.000000
vt 0.000000 1.000000
vt 0.000000 0.000000
vt 1.000000 0.000000
vt 1.000000 1.000000
vt 0.000000 1.000000
vt 0.000000 0.000000
vt 1.000000 0.000000
vt 1.000000 1.000000
vt 0.000000 1.000000
vt 0.000000 0.000000
vt 1.000000 0.000000
vt 1.000000 1.000000
vt 0.000000 1.000000
vt 0.000000 0.000000
vt 1.000000 0.000000
vt 1.000000 1.000000
vt 0.000000 1.000000
vt 0.000000 0.000000
vt 1.000000 0.000000
vt 1.000000 1.000000
vt 0.000000 1.000000
vt 0.000000 0.000000
vt 1.000000 0.000000
vt 1.000000 1.000000
vt 0.000000 1.000000
vt 0.000000 0.000000
vt 1.000000 0.000000
vt 1.000000 1.000000
vt 0.000000 1.000000
vt 0.000000 0.000000
vt 1.000000 0.000000
vt 1.000000 1.000000
vt 0.000000 1.000000
vt 0.000000 0.000000
vt 1.000000 0.000000
vt 1.000000 1.000000
vt 0.000000 1.000000
vt 0.000000 0.000000
vt 1.000000 0.000000
vt 1.000000 1.000000
vt 0.000000 1.000000
vt 0.000000 0.000000
vt 1.000000 0.000000
vt 1.000000 1.000000
vt 0.000000 1.000000
vt 0.000000 0.000000
vt 1.000000 0.000000
vt 1.000000 1.000000
vt 0.000000 1.000000
vt 0.000000 0.000000
vt 1.000000 0.000000
vt 1.000000 1.000000
vt 0.000000 1.000000
vt 0.000000 0.000000
vt 1.000000 0.000000
vt 1.000000 1.000000
vt 0.000000 1.000000
vt 0.000000 0.000000
vt 1.000000 0.000000
vt 1.000000 1.000000
vt 0.000000 1.000000
vt 0.000000 0.000000
vt 1.000000 0.000000
vt 1.000000 1.000000
vt 0.000000 1.000000
vt 0.000000 0.000000
vt 1.000000 0.000000
vt 1.000000 1.000000
vt 0.000000 1.000000
vt 0.000000 0.000000
vt 1.000000 0.000000
vt 1.000000 1.000000
vt 0.000000 1.000000
vt 0.000000 0.000000
vt 1.000000 0.000000
vt 1.000000 1.000000
vt 0.000000 1.000000
vt 0.000000 0.000000
vt 1.000000 0.000000
vt 1.000000 1.000000
vt 0.000000 1.000000
vt 0.000000 0.000000
vt 1.000000 0.000000
vt 1.000000 1.000000
vt 0.000000 1.000000
vt 0.000000 0.000000
vt 1.000000 0.000000
vt 1.000000 1.000000
vt 0.000000 1.000000
vt 0.000000 0.000000
vt 1.000000 0.000000
vt 1.000000 1.000000
vt 0.000000 1.000000
vt 0.000000 0.000000
vt 1.000000 0.000000
vt 1.000000 1.000000
vt 0.000000 1.000000
vt 0.000000 0.000000
vt 1.000000 0.000000
vt 1.000000 1.000000
vt 0.000000 1.000000
vt 0.000000 0.000000
vt 1.000000 0.000000
vt 1.000000 1.000000
vt 0.000000 1.000000
vt 0.000000 0.000000
vt 1.000000 0.000000
vt 1.000000 1.000000
vt 0.000000 1.000000
vt 0.000000 0.000000
vt 1.000000 0.000000
vt 1.000000 1.000000
vt 0.000000 1.000000
vt 0.000000 0.000000
vt 1.000000 0.000000
vt 1.000000 1.000000
vt 0.000000 1.000000
vt 0.000000 0.000000
vt 1.000000 0.000000
vt 1.000000 1.000000
vt 0.000000 1.000000
vt 0.000000 0.000000
vt 1.000000 0.000000
vt 1.000000 1.000000
vt 0.000000 1.000000
vt 0.000000 0.000000
vt 1.000000 0.000000
vt 1.000000 1.000000
vt 0.000000 1.000000
vt 0.000000 0.000000
vt 1.000000 0.000000
vt 1.000000 1.000000
vt 0.000000 1.000000
vt 0.000000 0.000000
vt 1.000000 0.000000
vt 1.000000 1.000000
vt 0.000000 1.000000
vt 0.000000 0.000000
vt 1.000000 0.000000
vt 1.000000 1.000000
vt 0.000000 1.000000
vt 0.000000 0.000000
vt 1.000000 0.000000
vt 1.000000 1.000000
vt 0.000000 1.000000
vt 0.000000 0.000000
vt 1.000000 0.000000
vt 1.000000 1.000000
vt 0.000000 1.000000
vt 0.000000 0.000000
vt 1.000000 0.000000
vt 1.000000 1.000000
vt 0.000000 1.000000
vt 0.000000 0.000000
vt 1.000000 0.000000
vt 1.000000 1.000000
vt 0.000000 1.000000
vt 0.000000 0.000000
vt 1.000000 0.000000
vt 1.000000 1.000000
vt 0.000000 1.000000
vt 0.000000 0.000000
vt 1.000000 0.000000
vt 1.000000 1.000000
vt 0.000000 1.000000
vt 0.000000 0.000000
vt 1.000000 0.000000
vt 1.000000 1.000000
vt 0.000000 1.000000
vt 0.000000 0.000000
vt 1.000000 0.000000
vt 1.000000 1.000000
vt 0.000000 1.000000
vt 0.000000 0.000000
vt 1.000000 0.000000
vt 1.000000 1.000000
vt 0.000000 1.000000
vt 0.000000 0.000000
vt 1.000000 0.000000
vt 1.000000 1.000000
vt 0.000000 1.000000
vt 0.000000 0.000000
vt 1.000000 0.000000
vt 1.000000 1.000000
vt 0.000000 1.000000
vt 0.000000 0.000000
vt 1.000000 0.000000
vt 1.000000 1.000000
vt 0.000000 1.000000
vt 0.000000 0.000000
vt 1.000000 0.000000
vt 1.000000 1.000000
vt 0.000000 1.000000
vt 0.000000 0.000000
vt 1.000000 0.000000
vt 1.000000 1.000000
vt 0.000000 1.000000
vt 0.000000 0.000000
vt 1.000000 0.000000
vt 1.000000 1.000000
vt 0.000000 1.000000
vt 0.000000 0.000000
vt 1.000000 0.000000
vt 1.000000 1.000000
vt 0.000000 1.000000
vt 0.000000 0.000000
vt 1.000000 0.000000
vt 1.000000 1.000000
vt 0.000000 1.000000
vt 0.000000 0.000000
vt 1.000000 0.000000
vt 1.000000 1.000000
vt 0.000000 1.000000
vt 0.000000 0.000000
vt 1.000000 0.000000
vt 1.000000 1.000000
vt 0.000000 1.000000
vt 0.000000 0.000000
vt 1.000000 0.000000
vt 1.000000 1.000000
vt 0.000000 1.000000
vt 0.000000 0.000000
vt 1.000000 0.000000
vt 1.000000 1.000000
vt 0.000000 1.000000
vt 0.000000 0.000000
vt 1.000000 0.000000
vt 1.000000 1.000000
vt 0.000000 1.000000
vt 0.000000 0.000000
vt 1.000000 0.000000
vt 1.000000 1.000000
vt 0.000000 1.000000
vt 0.000000 0.000000
vt 1.000000 0.000000
vt 1.000000 1.000000
vt 0.000000 1.000000
vt 0.000000 0.000000
vt 1.000000 0.000000
vt 1.000000 1.000000
vt 0.000000 1.000000
vt 0.000000 0.000000
vt 1.000000 0.000000
vt 1.000000 1.000000
vt 0.000000 1.000000
vt 0.000000 0.000000
vt 1.000000 0.000000
vt 1.000000 1.000000
vt 0.000000 1.000000
vt 0.000000 0.000000
vt 1.000000 0.000000
vt 1.000000 1.000000
vt 0.000000 1.000000
vt 0.000000 0.000000
vt 1.000000 0.000000
vt 1.000000 1.000000
vt 0.000000 1.000000
vt 0.000000 0.000000
vt 1.000000 0.000000
vt 1.000000 1.000000
vt 0.000000 1.000000
vt 0.000000 0.000000
vt 1.000000 0.000000
vt 1.000000 1.000000
vt 0.000000 1.000000
vt 0.000000 0.000000
vt 1.000000 0.000000
vt 1.000000 1.000000
vt 0.000000 1.000000
vt 0.000000 0.000000
vt 1.000000 0.000000
vt 1.000000 1.000000
vt 0.000000 1.000000
vt 0.000000 0.000000
vt 1.000000 0.000000
vt 1.000000 1.000000
vt 0.000000 1.000000
vt 0.000000 0.000000
vt 1.000000 0.000000
vt 1.000000 1.000000
vt 0.000000 1.000000
vt 0.000000 0.000000
vt 1.000000 0.000000
vt 1.000000 1.000000
vt 0.000000 1.000000
vt 0.000000 0.000000
vt 1.000000 0.000000
vt 1.000000 1.000000
vt 0.000000 1.000000
vt 0.000000 0.000000
vt 1.000000 0.000000
vt 1.000000 1.000000
vt 0.000000 1.000000
vt 0.000000 0.000000
vt 1.000000 0.000000
vt 1.000000 1.000000
vt 0.000000 1.000000
vt 0.000000 0.000000
vt 1.000000 0.000000
vt 1.000000 1.000000
vt 0.000000 1.000000
vt 0.000000 0.000000
vt 1.000000 0.000000
vt 1.000000 1.000000
vt 0.000000 1.000000
vt 0.000000 0.000000
vt 1.000000 0.000000
vt 1.000000 1.000000
vt 0.000000 1.000000
vt 0.000000 0.000000
vt 1.000000 0.000000
vt 1.000000 1.000000
vt 0.000000 1.000000
vt 0.000000 0.000000
vt 1.000000 0.000000
vt 1.000000 1.000000
vt 0.000000 1.000000
vt 0.000000 0.000000
vt 1.000000 0.000000
vt 1.000000 1.000000
vt 0.000000 1.000000
vt 0.000000 0.000000
vt 1.000000 0.000000
vt 1.000000 1.000000
vt 0.000000 1.000000
vt 0.000000 0.000000
vt 1.000000 0.000000
vt 1.000000 1.000000
vt 0.000000 1.000000
vt 0.000000 0.000000
vt 1.000000 0.000000
vt 1.000000 1.000000
vt 0.000000 1.000000
vt 0.000000 0.000000
vt 1.000000 0.000000
vt 1.000000 1.000000
vt 0.000000 1.000000
vt 0.000000 0.000000
vt 1.000000 0.000000
vt 1.000000 1.000000
vt 0.000000 1.000000
vt 0.000000 0.000000
vt 1.000000 0.000000
vt 1.000000 1.000000
vt 0.000000 1.000000
vt 0.000000 0.000000
vt 1.000000 0.000000
vt 1.000000 1.000000
vt 0.000000 1.000000
vt 0.000000 0.000000
vt 1.000000 0.000000
vt 1.000000 1.000000
vt 0.000000 1.000000
vt 0.000000 0.000000
vt 1.000000 0.000000
vt 1.000000 1.000000
vt 0.000000 1.000000
vt 0.000000 0.000000
vt 1.000000 0.000000
vt 1.000000 1.000000
vt 0.000000 1.000000
vt 0.000000 0.000000
vt 1.000000 0.000000
vt 1.000000 1.000000
vt 0.000000 1.000000
vt 0.000000 0.000000
vt 1.000000 0.000000
vt 1.000000 1.000000
vt 0.000000 1.000000
vt 0.000000 0.000000
vt 1.000000 0.000000
vt 1.000000 1.000000
vt 0.000000 1.000000
vt 0.000000 0.000000
vt 1.000000 0.000000
vt 1.000000 1.000000
vt 0.000000 1.000000
vt 0.000000 0.000000
vt 1.000000 0.000000
vt 1.000000 1.000000
vt 0.000000 1.000000
vt 0.000000 0.000000
vt 1.000000 0.000000
vt 1.000000 1.000000
vt 0.000000 1.000000
vt 0.000000 0.000000
vt 1.000000 0.000000
vt 1.000000 1.000000
vt 0.000000 1.000000
vt 0.000000 0.000000
vt 1.000000 0.000000
vt 1.000000 1.000000
vt 0.000000 1.000000
vt 0.000000 0.000000
vt 1.000000 0.000000
vt 1.000000 1.000000
vt 0.000000 1.000000
vt 0.000000 0.000000
vt 1.000000 0.000000
vt 1.000000 1.000000
vt 0.000000 1.000000
vt 0.000000 0.000000
vt 1.000000 0.000000
vt 1.000000 1.000000
vt 0.000000 1.000000
vt 0.000000 0.000000
vt 1.000000 0.000000
vt 1.000000 1.000000
vt 0.000000 1.000000
vt 0.000000 0.000000
vt 1.000000 0.000000
vt 1.000000 1.000000
vt 0.000000 1.000000
vt 0.000000 0.000000
vt 1.000000 0.000000
vt 1.000000 1.000000
vt 0.000000 1.000000
vt 0.000000 0.000000
vt 1.000000 0.000000
vt 1.000000 1.000000
vt 0.000000 1.000000
vt 0.000000 0.000000
vt 1.000000 0.000000
vt 1.000000 1.000000
vt 0.000000 1.000000
vt 0.000000 0.000000
vt 1.000000 0.000000
vt 1.000000 1.000000
vt 0.000000 1.000000
vt 0.000000 0.000000
vt 1.000000 0.000000
vt 1.000000 1.000000
vt 0.000000 1.000000
vt 0.000000 0.000000
vt 1.000000 0.000000
vt 1.000000 1.000000
vt 0.000000 1.000000
vt 0.000000 0.000000
vt 1.000000 0.000000
vt 1.000000 1.000000
vt 0.000000 1.000000
vt 0.000000 0.000000
vt 1.000000 0.000000
vt 1.000000 1.000000
vt 0.000000 1.000000
vt 0.000000 0.000000
vt 1.000000 0.000000
vt 1.000000 1.000000
vt 0.000000 1.000000
vt 0.000000 0.000000
vt 1.000000 0.000000
vt 1.000000 1.000000
vt 0.000000 1.000000
vt 0.000000 0.000000
vt 1.000000 0.000000
vt 1.000000 1.000000
vt 0.000000 1.000000
vt 0.000000 0.000000
vt 1.000000 0.000000
vt 1.000000 1.000000
vt 0.000000 1.000000
vt 0.000000 0.000000
vt 1.000000 0.000000
vt 1.000000 1.000000
vt 0.000000 1.000000
vt 0.000000 0.000000
vt 1.000000 0.000000
vt 1.000000 1.000000
vt 0.000000 1.000000
vt 0.000000 0.000000
vt 1.000000 0.000000
vt 1.000000 1.000000
vt 0.000000 1.000000
vt 0.000000 0.000000
vt 1.000000 0.000000
vt 1.000000 1.000000
vt 0.000000 1.000000
vt 0.000000 0.000000
vt 1.000000 0.000000
vt 1.000000 1.000000
vt 0.000000 1.000000
vt 0.000000 0.000000
vt 1.000000 0.000000
vt 1.000000 1.000000
vt 0.000000 1.000000
vt 0.000000 0.000000
vt 1.000000 0.000000
vt 1.000000 1.000000
vt 0.000000 1.000000
vt 0.000000 0.000000
vt 1.000000 0.000000
vt 1.000000 1.000000
vt 0.000000 1.000000
vt 0.000000 0.000000
vt 1.000000 0.000000
vt 1.000000 1.000000
vt 0.000000 1.000000
vt 0.000000 0.000000
vt 1.000000 0.000000
vt 1.000000 1.000000
vt 0.000000 1.000000
vt 0.000000 0.000000
vt 1.000000 0.000000
vt 1.000000 1.000000
vt 0.000000 1.000000
vt 0.000000 0.000000
vt 1.000000 0.000000
vt 1.000000 1.000000
vt 0.000000 1.000000
vt 0.000000 0.000000
vt 1.000000 0.000000
vt 1.000000 1.000000
vt 0.000000 1.000000
vt 0.000000 0.000000
vt 1.000000 0.000000
vt 1.000000 1.000000
vt 0.000000 1.000000
vt 0.000000 0.000000
vt 1.000000 0.000000
vt 1.000000 1.000000
vt 0.000000 1.000000
vt 0.000000 0.000000
vt 1.000000 0.000000
vt 1.000000 1.000000
vt 0.000000 1.000000
vt 0.000000 0.000000
vt 1.000000 0.000000
vt 1.000000 1.000000
vt 0.000000 1.000000
vt 0.000000 0.000000
vt 1.000000 0.000000
vt 1.000000 1.000000
vt 0.000000 1.000000
vt 0.000000 0.000000
vt 1.000000 0.000000
vt 1.000000 1.000000
vt 0.000000 1.000000
vt 0.000000 0.000000
vt 1.000000 0.000000
vt 1.000000 1.000000
vt 0.000000 1.000000
vt 0.000000 0.000000
vt 1.000000 0.000000
vt 1.000000 1.000000
vt 0.000000 1.000000
vt 0.000000 0.000000
vt 1.000000 0.000000
vt 1.000000 1.000000
vt 0.000000 1.000000
vt 0.000000 0.000000
vt 1.000000 0.000000
vt 1.000000 1.000000
vt 0.000000 1.000000
vt 0.000000 0.000000
vt 1.000000 0.000000
vt 1.000000 1.000000
vt 0.000000 1.000000
vt 0.000000 0.000000
vt 1.000000 0.000000
vt 1.000000 1.000000
vt 0.000000 1.000000
vt 0.000000 0.000000
vt 1.000000 0.000000
vt 1.000000 1.000000
vt 0.000000 1.000000
vt 0.000000 0.000000
vt 1.000000 0.000000
vt 1.000000 1.000000
vt 0.000000 1.000000
vt 0.000000 0.000000
vt 1.000000 0.000000
vt 1.000000 1.000000
vt 0.000000 1.000000
vt 0.000000 0.000000
vt 1.000000 0.000000
vt 1.000000 1.000000
vt 0.000000 1.000000
vt 0.000000 0.000000
vt 1.000000 0.000000
vt 1.000000 1.000000
vt 0.000000 1.000000
vt 0.000000 0.000000
vt 1.000000 0.000000
vt 1.000000 1.000000
vt 0.000000 1.000000
vt 0.000000 0.000000
vt 1.000000 0.000000
vt 1.000000 1.000000
vt 0.000000 1.000000
vt 0.000000 0.000000
vt 1.000000 0.000000
vt 1.000000 1.000000
vt 0.000000 1.000000
vt 0.000000 0.000000
vt 1.000000 0.000000
vt 1.000000 1.000000
vt 0.000000 1.000000
vt 0.000000 0.000000
vt 1.000000 0.000000
vt 1.000000 1.000000
vt 0.000000 1.000000
vt 0.000000 0.000000
vt 1.000000 0.000000
vt 1.000000 1.000000
vt 0.000000 1.000000
vt 0.000000 0.000000
vt 1.000000 0.000000
vt 1.000000 1.000000
vt 0.000000 1.000000
vt 0.000000 0.000000
vt 1.000000 0.000000
vt 1.000000 1.000000
vt 0.000000 1.000000
vt 0.000000 0.000000
vt 1.000000 0.000000
vt 1.000000 1.000000
vt 0.000000 1.000000
vt 0.000000 0.000000
vt 1.000000 0.000000
vt 1.000000 1.000000
vt 0.000000 1.000000
vt 0.000000 0.000000
vt 1.000000 0.000000
vt 1.000000 1.000000
vt 0.000000 1.000000
vt 0.000000 0.000000
vt 1.000000 0.000000
vt 1.000000 1.000000
vt 0.000000 1.000000
vt 0.000000 0.000000
vt 1.000000 0.000000
vt 1.000000 1.000000
vt 0.000000 1.000000
vt 0.000000 0.000000
vt 1.000000 0.000000
vt 1.000000 1.000000
vt 0.000000 1.000000
vt 0.000000 0.000000
vt 1.000000 0.000000
vt 1.000000 1.000000
vt 0.000000 1.000000
vt 0.000000 0.000000
vt 1.000000 0.000000
vt 1.000000 1.000000
vt 0.000000 1.000000
vt 0.000000 0.000000
vt 1.000000 0.000000
vt 1.000000 1.000000
vt 0.000000 1.000000
vt 0.000000 0.000000
vt 1.000000 0.000000
vt 1.000000 1.000000
vt 0.000000 1.000000
vt 0.000000 0.000000
vt 1.000000 0.000000
vt 1.000000 1.000000
vt 0.000000 1.000000
vt 0.000000 0.000000
vt 1.000000 0.000000
vt 1.000000 1.000000
vt 0.000000 1.000000
vt 0.000000 0.000000
vt 1.000000 0.000000
vt 1.000000 1.000000
vt 0.000000 1.000000
vt 0.000000 0.000000
vt 1.000000 0.000000
vt 1.000000 1.000000
vt 0.000000 1.000000
vt 0.000000 0.000000
vt 1.000000 0.000000
vt 1.000000 1.000000
vt 0.000000 1.000000
vt 0.000000 0.000000
vt 1.000000 0.000000
vt 1.000000 1.000000
vt 0.000000 1.000000
vt 0.000000 0.000000
vt 1.000000 0.000000
vt 1.000000 1.000000
vt 0.000000 1.000000
vt 0.000000 0.000000
vt 1.000000 0.000000
vt 1.000000 1.000000
vt 0.000000 1.000000
vt 0.000000 0.000000
vt 1.000000 0.000000
vt 1.000000 1.000000
vt 0.000000 1.000000
vt 0.000000 0.000000
vt 1.000000 0.000000
vt 1.000000 1.000000
vt 0.000000 1.000000
vt 0.000000 0.000000
vt 1.000000 0.000000
vt 1.000000 1.000000
vt 0.000000 1.000000
vt 0.000000 0.000000
vt 1.000000 0.000000
vt 1.000000 1.000000
vt 0.000000 1.000000
vt 0.000000 0.000000
vt 1.000000 0.000000
vt 1.000000 1.000000
vt 0.000000 1.000000
vt 0.000000 0.000000
vt 1.000000 0.000000
vt 1.000000 1.000000
vt 0.000000 1.000000
vt 0.000000 0.000000
vt 1.000000 0.000000
vt 1.000000 1.000000
vt 0.000000 1.000000
vt 0.000000 0.000000
vt 1.000000 0.000000
vt 1.000000 1.000000
vt 0.000000 1.000000
vt 0.000000 0.000000
vt 1.000000 0.000000
vt 1.000000 1.000000
vt 0.000000 1.000000
vt 0.000000 0.000000
vt 1.000000 0.000000
vt 1.000000 1.000000
vt 0.000000 1.000000
vt 0.000000 0.000000
vt 1.000000 0.000000
vt 1.000000 1.000000
vt 0.000000 1.000000
vt 0.000000 0.000000
vt 1.000000 0.000000
vt 1.000000 1.000000
vt 0.000000 1.000000
vt 0.000000 0.000000
vt 1.000000 0.000000
vt 1.000000 1.000000
vt 0.000000 1.000000
vt 0.000000 0.000000
vt 1.000000 0.000000
vt 1.000000 1.000000
vt 0.000000 1.000000
vt 0.000000 0.000000
vt 1.000000 0.000000
vt 1.000000 1.000000
vt 0.000000 1.000000
vt 0.000000 0.000000
vt 1.000000 0.000000
vt 1.000000 1.000000
vt 0.000000 1.000000
vt 0.000000 0.000000
vt 1.000000 0.000000
vt 1.000000 1.000000
vt 0.000000 1.000000
vt 0.000000 0.000000
vt 1.000000 0.000000
vt 1.000000 1.000000
vt 0.000000 1.000000
vt 0.000000 0.000000
vt 1.000000 0.000000
vt 1.000000 1.000000
vt 0.000000 1.000000
vt 0.000000 0.000000
vt 1.000000 0.000000
vt 1.000000 1.000000
vt 0.000000 1.000000
vt 0.000000 0.000000
vt 1.000000 0.000000
vt 1.000000 1.000000
vt 0.000000 1.000000
vt 0.000000 0.000000
vt 1.000000 0.000000
vt 1.000000 1.000000
vt 0.000000 1.000000
vt 0.000000 0.000000
vt 1.000000 0.000000
vt 1.000000 1.000000
vt 0.000000 1.000000
vt 0.000000 0.000000
vt 1.000000 0.000000
vt 1.000000 1.000000
vt 0.000000 1.000000
vt 0.000000 0.000000
vt 1.000000 0.000000
vt 1.000000 1.000000
vt 0.000000 1.000000
vt 0.000000 0.000000
vt 1.000000 0.000000
vt 1.000000 1.000000
vt 0.000000 1.000000
vt 0.000000 0.000000
vt 1.000000 0.000000
vt 1.000000 1.000000
vt 0.000000 1.000000
vt 0.000000 0.000000
vt 1.000000 0.000000
vt 1.000000 1.000000
vt 0.000000 1.000000
vt 0.000000 0.000000
vt 1.000000 0.000000
vt 1.000000 1.000000
vt 0.000000 1.000000
vt 0.000000 0.000000
vt 1.000000 0.000000
vt 1.000000 1.000000
vt 0.000000 1.000000
vt 0.000000 0.000000
vt 1.000000 0.000000
vt 1.000000 1.000000
vt 0.000000 1.000000
vt 0.000000 0.000000
vt 1.000000 0.000000
vt 1.000000 1.000000
vt 0.000000 1.000000
vt 0.000000 0.000000
vt 1.000000 0.000000
vt 1.000000 1.000000
vt 0.000000 1.000000
vt 0.000000 0.000000
vt 1.000000 0.000000
vt 1.000000 1.000000
vt 0.000000 1.000000
vt 0.000000 0.000000
vt 1.000000 0.000000
vt 1.000000 1.000000
vt 0.000000 1.000000
vt 0.000000 0.000000
vt 1.000000 0.000000
vt 1.000000 1.000000
vt 0.000000 1.000000
vt 0.000000 0.000000
vt 1.000000 0.000000
vt 1.000000 1.000000
vt 0.000000 1.000000
vt 0.000000 0.000000
vt 1.000000 0.000000
vt 1.000000 1.000000
vt 0.000000 1.000000
vt 0.000000 0.000000
vt 1.000000 0.000000
vt 1.000000 1.000000
vt 0.000000 1.000000
vt 0.000000 0.000000
vt 1.000000 0.000000
vt 1.000000 1.000000
vt 0.000000 1.000000
vt 0.000000 0.000000
vt 1.000000 0.000000
vt 1.000000 1.000000
vt 0.000000 1.000000
vt 0.000000 0.000000
vt 1.000000 0.000000
vt 1.000000 1.000000
vt 0.000000 1.000000
vt 0.000000 0.000000
vt 1.000000 0.000000
vt 1.000000 1.000000
vt 0.000000 1.000000
vt 0.000000 0.000000
vt 1.000000 0.000000
vt 1.000000 1.000000
vt 0.000000 1.000000
vt 0.000000 0.000000
vt 1.000000 0.000000
vt 1.000000 1.000000
vt 0.000000 1.000000
vt 0.000000 0.000000
vt 1.000000 0.000000
vt 1.000000 1.000000
vt 0.000000 1.000000
vt 0.000000 0.000000
vt 1.000000 0.000000
vt 1.000000 1.000000
vt 0.000000 1.000000
vt 0.000000 0.000000
vt 1.000000 0.000000
vt 1.000000 1.000000
vt 0.000000 1.000000
vt 0.000000 0.000000
vt 1.000000 0.000000
vt 1.000000 1.000000
vt 0.000000 1.000000
vt 0.000000 0.000000
vt 1.000000 0.000000
vt 1.000000 1.000000
vt 0.000000 1.000000
vt 0.000000 0.000000
vt 1.000000 0.000000
vt 1.000000 1.000000
vt 0.000000 1.000000
vt 0.000000 0.000000
vt 1.000000 0.000000
vt 1.000000 1.000000
vt 0.000000 1.000000
vt 0.000000 0.000000
vt 1.000000 0.000000
vt 1.000000 1.000000
vt 0.000000 1.000000
vt 0.000000 0.000000
vt 1.000000 0.000000
vt 1.000000 1.000000
vt 0.000000 1.000000
vt 0.000000 0.000000
vt 1.000000 0.000000
vt 1.000000 1.000000
vt 0.000000 1.000000
vt 0.000000 0.000000
vt 1.000000 0.000000
vt 1.000000 1.000000
vt 0.000000 1.000000
vt 0.000000 0.000000
vt 1.000000 0.000000
vt 1.000000 1.000000
vt 0.000000 1.000000
vt 0.000000 0.000000
vt 1.000000 0.000000
vt 1.000000 1.000000
vt 0.000000 1.000000
vt 0.000000 0.000000
vt 1.000000 0.000000
vt 1.000000 1.000000
vt 0.000000 1.000000
vt 0.000000 0.000000
vt 1.000000 0.000000
vt 1.000000 1.000000
vt 0.000000 1.000000
vt 0.000000 0.000000
vt 1.000000 0.000000
vt 1.000000 1.000000
vt 0.000000 1.000000
vt 0.000000 0.000000
vt 1.000000 0.000000
vt 1.000000 1.000000
vt 0.000000 1.000000
vt 0.000000 0.000000
vt 1.000000 0.000000
vt 1.000000 1.000000
vt 0.000000 1.000000
vt 0.000000 0.000000
vt 1.000000 0.000000
vt 1.000000 1.000000
vt 0.000000 1.000000
vt 0.000000 0.000000
vt 1.000000 0.000000
vt 1.000000 1.000000
vt 0.000000 1.000000
vt 0.000000 0.000000
vt 1.000000 0.000000
vt 1.000000 1.000000
vt 0.000000 1.000000
vt 0.000000 0.000000
vt 1.000000 0.000000
vt 1.000000 1.000000
vt 0.000000 1.000000
vt 0.000000 0.000000
vt 1.000000 0.000000
vt 1.000000 1.000000
vt 0.000000 1.000000
vt 0.000000 0.000000
vt 1.000000 0.000000
vt 1.000000 1.000000
vt 0.000000 1.000000
vt 0.000000 0.000000
vt 1.000000 0.000000
vt 1.000000 1.000000
vt 0.000000 1.000000
vt 0.000000 0.000000
vt 1.000000 0.000000
vt 1.000000 1.000000
vt 0.000000 1.000000
vt 0.000000 0.000000
vt 1.000000 0.000000
vt 1.000000 1.000000
vt 0.000000 1.000000
vt 0.000000 0.000000
vt 1.000000 0.000000
vt 1.000000 1.000000
vt 0.000000 1.000000
vt 0.000000 0.000000
vt 1.000000 0.000000
vt 1.000000 1.000000
vt 0.000000 1.000000
vt 0.000000 0.000000
vt 1.000000 0.000000
vt 1.000000 1.000000
vt 0.000000 1.000000
vt 0.000000 0.000000
vt 1.000000 0.000000
vt 1.000000 1.000000
vt 0.000000 1.000000
vt 0.000000 0.000000
vt 1.000000 0.000000
vt 1.000000 1.000000
vt 0.000000 1.000000
vt 0.000000 0.000000
vt 1.000000 0.000000
vt 1.000000 1.000000
vt 0.000000 1.000000
vt 0.000000 0.000000
vt 1.000000 0.000000
vt 1.000000 1.000000
vt 0.000000 1.000000
vt 0.000000 0.000000
vt 1.000000 0.000000
vt 1.000000 1.000000
vt 0.000000 1.000000
vt 0.000000 0.000000
vt 1.000000 0.000000
vt 1.000000 1.000000
vt 0.000000 1.000000
vt 0.000000 0.000000
vt 1.000000 0.000000
vt 1.000000 1.000000
vt 0.000000 1.000000
vt 0.000000 0.000000
vt 1.000000 0.000000
vt 1.000000 1.000000
vt 0.000000 1.000000
vt 0.000000 0.000000
vt 1.000000 0.000000
vt 1.000000 1.000000
vt 0.000000 1.000000
vt 0.000000 0.000000
vt 1.000000 0.000000
vt 1.000000 1.000000
vt 0.000000 1.000000
vt 0.000000 0.000000
vt 1.000000 0.000000
vt 1.000000 1.000000
vt 0.000000 1.000000
vt 0.000000 0.000000
vt 1.000000 0.000000
vt 1.000000 1.000000
vt 0.000000 1.000000
vt 0.000000 0.000000
vt 1.000000 0.000000
vt 1.000000 1.000000
vt 0.000000 1.000000
vt 0.000000 0.000000
vt 1.000000 0.000000
vt 1.000000 1.000000
vt 0.000000 1.000000
vt 0.000000 0.000000
vt 1.000000 0.000000
vt 1.000000 1.000000
vt 0.000000 1.000000
vt 0.000000 0.000000
vt 1.000000 0.000000
vt 1.000000 1.000000
vt 0.000000 1.000000
vt 0.000000 0.000000
vt 1.000000 0.000000
vt 1.000000 1.000000
vt 0.000000 1.000000
vt 0.000000 0.000000
vt 1.000000 0.000000
vt 1.000000 1.000000
vt 0.000000 1.000000
vt 0.000000 0.000000
vt 1.000000 0.000000
vt 1.000000 1.000000
vt 0.000000 1.000000
vt 0.000000 0.000000
vt 1.000000 0.000000
vt 1.000000 1.000000
vt 0.000000 1.000000
vt 0.000000 0.000000
vt 1.000000 0.000000
vt 1.000000 1.000000
vt 0.000000 1.000000
vt 0.000000 0.000000
vt 1.000000 0.000000
vt 1.000000 1.000000
vt 0.000000 1.000000
vt 0.000000 0.000000
vt 1.000000 0.000000
vt 1.000000 1.000000
vt 0.000000 1.000000
vt 0.000000 0.000000
vt 1.000000 0.000000
vt 1.000000 1.000000
vt 0.000000 1.000000
vt 0.000000 0.000000
vt 1.000000 0.000000
vt 1.000000 1.000000
vt 0.000000 1.000000
vt 0.000000 0.000000
vt 1.000000 0.000000
vt 1.000000 1.000000
vt 0.000000 1.000000
vt 0.000000 0.000000
vt 1.000000 0.000000
vt 1.000000 1.000000
vt 0.000000 1.000000
vt 0.000000 0.000000
vt 1.000000 0.000000
vt 1.000000 1.000000
vt 0.000000 1.000000
vt 0.000000 0.000000
vt 1.000000 0.000000
vt 1.000000 1.000000
vt 0.000000 1.000000
vt 0.000000 0.000000
vt 1.000000 0.000000
vt 1.000000 1.000000
vt 0.000000 1.000000
vt 0.000000 0.000000
vt 1.000000 0.000000
vt 1.000000 1.000000
vt 0.000000 1.000000
vt 0.000000 0.000000
vt 1.000000 0.000000
vt 1.000000 1.000000
vt 0.000000 1.000000
vt 0.000000 0.000000
vt 1.000000 0.000000
vt 1.000000 1.000000
vt 0.000000 1.000000
vt 0.000000 0.000000
vt 1.000000 0.000000
vt 1.000000 1.000000
vt 0.000000 1.000000
vt 0.000000 0.000000
vt 1.000000 0.000000
vt 1.000000 1.000000
vt 0.000000 1.000000
vt 0.000000 0.000000
vt 1.000000 0.000000
vt 1.000000 1.000000
vt 0.000000 1.000000
vt 0.000000 0.000000
vt 1.000000 0.000000
vt 1.000000 1.000000
vt 0.000000 1.000000
vt 0.000000 0.000000
vt 1.000000 0.000000
vt 1.000000 1.000000
vt 0.000000 1.000000
vt 0.000000 0.000000
vt 1.000000 0.000000
vt 1.000000 1.000000
vt 0.000000 1.000000
vt 0.000000 0.000000
vt 1.000000 0.000000
vt 1.000000 1.000000
vt 0.000000 1.000000
vt 0.000000 0.000000
vt 1.000000 0.000000
vt 1.000000 1.000000
vt 0.000000 1.000000
vt 0.000000 0.000000
vt 1.000000 0.000000
vt 1.000000 1.000000
vt 0.000000 1.000000
vt 0.000000 0.000000
vt 1.000000 0.000000
vt 1.000000 1.000000
vt 0.000000 1.000000
vt 0.000000 0.000000
vt 1.000000 0.000000
vt 1.000000 1.000000
vt 0.000000 1.000000
vt 0.000000 0.000000
vt 1.000000 0.000000
vt 1.000000 1.000000
vt 0.000000 1.000000
vt 0.000000 0.000000
vt 1.000000 0.000000
vt 1.000000 1.000000
vt 0.000000 1.000000
vt 0.000000 0.000000
vt 1.000000 0.000000
vt 1.000000 1.000000
vt 0.000000 1.000000
vt 0.000000 0.000000
vt 1.000000 0.000000
vt 1.000000 1.000000
vt 0.000000 1.000000
vt 0.000000 0.000000
vt 1.000000 0.000000
vt 1.000000 1.000000
vt 0.000000 1.000000
vt 0.000000 0.000000
vt 1.000000 0.000000
vt 1.000000 1.000000
vt 0.000000 1.000000
vt 0.000000 0.000000
vt 1.000000 0.000000
vt 1.000000 1.000000
vt 0.000000 1.000000
vt 0.000000 0.000000
vt 1.000000 0.000000
vt 1.000000 1.000000
vt 0.000000 1.000000
vt 0.000000 0.000000
vt 1.000000 0.000000
vt 1.000000 1.000000
vt 0.000000 1.000000
vt 0.000000 0.000000
vt 1.000000 0.000000
vt 1.000000 1.000000
vt 0.000000 1.000000
vt 0.000000 0.000000
vt 1.000000 0.000000
vt 1.000000 1.000000
vt 0.000000 1.000000
vt 0.000000 0.000000
vt 1.000000 0.000000
vt 1.000000 1.000000
vt 0.000000 1.000000
vt 0.000000 0.000000
vt 1.000000 0.000000
vt 1.000000 1.000000
vt 0.000000 1.000000
vt 0.000000 0.000000
vt 1.000000 0.000000
vt 1.000000 1.000000
vt 0.000000 1.000000
vt 0.000000 0.000000
vt 1.000000 0.000000
vt 1.000000 1.000000
vt 0.000000 1.000000
vt 0.000000 0.000000
vt 1.000000 0.000000
vt 1.000000 1.000000
vt 0.000000 1.000000
vt 0.000000 0.000000
vt 1.000000 0.000000
vt 1.000000 1.000000
vt 0.000000 1.000000
vt 0.000000 0.000000
vt 1.000000 0.000000
vt 1.000000 1.000000
vt 0.000000 1.000000
vt 0.000000 0.000000
vt 1.000000 0.000000
vt 1.000000 1.000000
vt 0.000000 1.000000
vt 0.000000 0.000000
vt 1.000000 0.000000
vt 1.000000 1.000000
vt 0.000000 1.000000
vt 0.000000 0.000000
vt 1.000000 0.000000
vt 1.000000 1.000000
vt 0.000000 1.000000
vt 0.000000 0.000000
vt 1.000000 0.000000
vt 1.000000 1.000000
vt 0.000000 1.000000
vt 0.000000 0.000000
vt 1.000000 0.000000
vt 1.000000 1.000000
vt 0.000000 1.000000
vt 0.000000 0.000000
vt 1.000000 0.000000
vt 1.000000 1.000000
vt 0.000000 1.000000
vt 0.000000 0.000000
vt 1.000000 0.000000
vt 1.000000 1.000000
vt 0.000000 1.000000
vt 0.000000 0.000000
vt 1.000000 0.000000
vt 1.000000 1.000000
vt 0.000000 1.000000
vt 0.000000 0.000000
vt 1.000000 0.000000
vt 1.000000 1.000000
vt 0.000000 1.000000
vt 0.000000 0.000000
vt 1.000000 0.000000
vt 1.000000 1.000000
vt 0.000000 1.000000
vt 0.000000 0.000000
vt 1.000000 0.000000
vt 1.000000 1.000000
vt 0.000000 1.000000
vt 0.000000 0.000000
vt 1.000000 0.000000
vt 1.000000 1.000000
vt 0.000000 1.000000
vt 0.000000 0.000000
vt 1.000000 0.000000
vt 1.000000 1.000000
vt 0.000000 1.000000
vt 0.000000 0.000000
vt 1.000000 0.000000
vt 1.000000 1.000000
vt 0.000000 1.000000
vt 0.000000 0.000000
vt 1.000000 0.000000
vt 1.000000 1.000000
vt 0.000000 1.000000
vt 0.000000 0.000000
vt 1.000000 0.000000
vt 1.000000 1.000000
vt 0.000000 1.000000
vt 0.000000 0.000000
vt 1.000000 0.000000
vt 1.000000 1.000000
vt 0.000000 1.000000
vt 0.000000 0.000000
vt 1.000000 0.000000
vt 1.000000 1.000000
vt 0.000000 1.000000
vt 0.000000 0.000000
vt 1.000000 0.000000
vt 1.000000 1.000000
vt 0.000000 1.000000
vt 0.000000 0.000000
vt 1.000000 0.000000
vt 1.000000 1.000000
vt 0.000000 1.000000
vt 0.000000 0.000000
vt 1.000000 0.000000
vt 1.000000 1.000000
vt 0.000000 1.000000
vt 0.000000 0.000000
vt 1.000000 0.000000
vt 1.000000 1.000000
vt 0.000000 1.000000
vt 0.000000 0.000000
vt 1.000000 0.000000
vt 1.000000 1.000000
vt 0.000000 1.000000
vt 0.000000 0.000000
vt 1.000000 0.000000
vt 1.000000 1.000000
vt 0.000000 1.000000
vt 0.000000 0.000000
vt 1.000000 0.000000
vt 1.000000 1.000000
vt 0.000000 1.000000
vt 0.000000 0.000000
vt 1.000000 0.000000
vt 1.000000 1.000000
vt 0.000000 1.000000
vt 0.000000 0.000000
vt 1.000000 0.000000
vt 1.000000 1.000000
vt 0.000000 1.000000
vt 0.000000 0.000000
vt 1.000000 0.000000
vt 1.000000 1.000000
vt 0.000000 1.000000
vt 0.000000 0.000000
vt 1.000000 0.000000
vt 1.000000 1.000000
vt 0.000000 1.000000
vt 0.000000 0.000000
vt 1.000000 0.000000
vt 1.000000 1.000000
vt 0.000000 1.000000
vt 0.000000 0.000000
vt 1.000000 0.000000
vt 1.000000 1.000000
vt 0.000000 1.000000
vt 0.000000 0.000000
vt 1.000000 0.000000
vt 1.000000 1.000000
vt 0.000000 1.000000
vt 0.000000 0.000000
vt 1.000000 0.000000
vt 1.000000 1.000000
vt 0.000000 1.000000
vt 0.000000 0.000000
vt 1.000000 0.000000
vt 1.000000 1.000000
vt 0.000000 1.000000
vt 0.000000 0.000000
vt 1.000000 0.000000
vt 1.000000 1.000000
vt 0.000000 1.000000
vt 0.000000 0.000000
vt 1.000000 0.000000
vt 1.000000 1.000000
vt 0.000000 1.000000
vt 0.000000 0.000000
vt 1.000000 0.000000
vt 1.000000 1.000000
vt 0.000000 1.000000
vt 0.000000 0.000000
vt 1.000000 0.000000
vt 1.000000 1.000000
vt 0.000000 1.000000
vt 0.000000 0.000000
vt 1.000000 0.000000
vt 1.000000 1.000000
vt 0.000000 1.000000
vt 0.000000 0.000000
vt 1.000000 0.000000
vt 1.000000 1.000000
vt 0.000000 1.000000
vt 0.000000 0.000000
vt 1.000000 0.000000
vt 1.000000 1.000000
vt 0.000000 1.000000
vt 0.000000 0.000000
vt 1.000000 0.000000
vt 1.000000 1.000000
vt 0.000000 1.000000
vt 0.000000 0.000000
vt 1.000000 0.000000
vt 1.000000 1.000000
vt 0.000000 1.000000
vt 0.000000 0.000000
vt 1.000000 0.000000
vt 1.000000 1.000000
vt 0.000000 1.000000
vt 0.000000 0.000000
vt 1.000000 0.000000
vt 1.000000 1.000000
vt 0.000000 1.000000
vt 0.000000 0.000000
vt 1.000000 0.000000
vt 1.000000 1.000000
vt 0.000000 1.000000
vt 0.000000 0.000000
vt 1.000000 0.000000
vt 1.000000 1.000000
vt 0.000000 1.000000
vt 0.000000 0.000000
vt 1.000000 0.000000
vt 1.000000 1.000000
vt 0.000000 1.000000
vt 0.000000 0.000000
vt 1.000000 0.000000
vt 1.000000 1.000000
vt 0.000000 1.000000
vt 0.000000 0.000000
vt 1.000000 0.000000
vt 1.000000 1.000000
vt 0.000000 1.000000
vt 0.000000 0.000000
vt 1.000000 0.000000
vt 1.000000 1.000000
vt 0.000000 1.000000
vt 0.000000 0.000000
vt 1.000000 0.000000
vt 1.000000 1.000000
vt 0.000000 1.000000
vt 0.000000 0.000000
vt 1.000000 0.000000
vt 1.000000 1.000000
vt 0.000000 1.000000
vt 0.000000 0.000000
vt 1.000000 0.000000
vt 1.000000 1.000000
vt 0.000000 1.000000
vt 0.000000 0.000000
vt 1.000000 0.000000
vt 1.000000 1.000000
vt 0.000000 1.000000
vt 0.000000 0.000000
vt 1.000000 0.000000
vt 1.000000 1.000000
vt 0.000000 1.000000
vt 0.000000 0.000000
vt 1.000000 0.000000
vt 1.000000 1.000000
vt 0.000000 1.000000
vt 0.000000 0.000000
vt 1.000000 0.000000
vt 1.000000 1.000000
vt 0.000000 1.000000
vt 0.000000 0.000000
vt 1.000000 0.000000
vt 1.000000 1.000000
vt 0.000000 1.000000
vt 0.000000 0.000000
vt 1.000000 0.000000
vt 1.000000 1.000000
vt 0.000000 1.000000
vt 0.000000 0.000000
vt 1.000000 0.000000
vt 1.000000 1.000000
vt 0.000000 1.000000
vt 0.000000 0.000000
vt 1.000000 0.000000
vt 1.000000 1.000000
vt 0.000000 1.000000
vt 0.000000 0.000000
vt 1.000000 0.000000
vt 1.000000 1.000000
vt 0.000000 1.000000
vt 0.000000 0.000000
vt 1.000000 0.000000
vt 1.000000 1.000000
vt 0.000000 1.000000
vt 0.000000 0.000000
vt 1.000000 0.000000
vt 1.000000 1.000000
vt 0.000000 1.000000
vt 0.000000 0.000000
vt 1.000000 0.000000
vt 1.000000 1.000000
vt 0.000000 1.000000
vt 0.000000 0.000000
vt 1.000000 0.000000
vt 1.000000 1.000000
vt 0.000000 1.000000
vt 0.000000 0.000000
vt 1.000000 0.000000
vt 1.000000 1.000000
vt 0.000000 1.000000
vt 0.000000 0.000000
vt 1.000000 0.000000
vt 1.000000 1.000000
vt 0.000000 1.000000
vt 0.000000 0.000000
vt 1.000000 0.000000
vt 1.000000 1.000000
vt 0.000000 1.000000
vt 0.000000 0.000000
vt 1.000000 0.000000
vt 1.000000 1.000000
vt 0.000000 1.000000
vt 0.000000 0.000000
vt 1.000000 0.000000
vt 1.000000 1.000000
vt 0.000000 1.000000
vt 0.000000 0.000000
vt 1.000000 0.000000
vt 1.000000 1.000000
vt 0.000000 1.000000
vt 0.000000 0.000000
vt 1.000000 0.000000
vt 1.000000 1.000000
vt 0.000000 1.000000
vt 0.000000 0.000000
vt 1.000000 0.000000
vt 1.000000 1.000000
vt 0.000000 1.000000
vt 0.000000 0.000000
vt 1.000000 0.000000
vt 1.000000 1.000000
vt 0.000000 1.000000
vt 0.000000 0.000000
vt 1.000000 0.000000
vt 1.000000 1.000000
vt 0.000000 1.000000
vt 0.000000 0.000000
vt 1.000000 0.000000
vt 1.000000 1.000000
vt 0.000000 1.000000
vt 0.000000 0.000000
vt 1.000000 0.000000
vt 1.000000 1.000000
vt 0.000000 1.000000
vt 0.000000 0.000000
vt 1.000000 0.000000
vt 1.000000 1.000000
vt 0.000000 1.000000
vt 0.000000 0.000000
vt 1.000000 0.000000
vt 1.000000 1.000000
vt 0.000000 1.000000
vt 0.000000 0.000000
vt 1.000000 0.000000
vt 1.000000 1.000000
vt 0.000000 1.000000
vt 0.000000 0.000000
vt 1.000000 0.000000
vt 1.000000 1.000000
vt 0.000000 1.000000
vt 0.000000 0.000000
vt 1.000000 0.000000
vt 1.000000 1.000000
vt 0.000000 1.000000
vt 0.000000 0.000000
vt 1.000000 0.000000
vt 1.000000 1.000000
vt 0.000000 1.000000
vt 0.000000 0.000000
vt 1.000000 0.000000
vt 1.000000 1.000000
vt 0.000000 1.000000
vt 0.000000 0.000000
vt 1.000000 0.000000
vt 1.000000 1.000000
vt 0.000000 1.000000
vt 0.000000 0.000000
vt 1.000000 0.000000
vt 1.000000 1.000000
vt 0.000000 1.000000
vt 0.000000 0.000000
vt 1.000000 0.000000
vt 1.000000 1.000000
vt 0.000000 1.000000
vt 0.000000 0.000000
vt 1.000000 0.000000
vt 1.000000 1.000000
vt 0.000000 1.000000
vt 0.000000 0.000000
vt 1.000000 0.000000
vt 1.000000 1.000000
vt 0.000000 1.000000
vt 0.000000 0.000000
vt 1.000000 0.000000
vt 1.000000 1.000000
vt 0.000000 1.000000
vt 0.000000 0.000000
vt 1.000000 0.000000
vt 1.000000 1.000000
vt 0.000000 1.000000
vt 0.000000 0.000000
vt 1.000000 0.000000
vt 1.000000 1.000000
vt 0.000000 1.000000
vt 0.000000 0.000000
vt 1.000000 0.000000
vt 1.000000 1.000000
vt 0.000000 1.000000
vt 0.000000 0.000000
vt 1.000000 0.000000
vt 1.000000 1.000000
vt 0.000000 1.000000
vt 0.000000 0.000000
vt 1.000000 0.000000
vt 1.000000 1.000000
vt 0.000000 1.000000
vt 0.000000 0.000000
vt 1.000000 0.000000
vt 1.000000 1.000000
vt 0.000000 1.000000
vt 0.000000 0.000000
vt 1.000000 0.000000
vt 1.000000 1.000000
vt 0.000000 1.000000
vt 0.000000 0.000000
vt 1.000000 0.000000
vt 1.000000 1.000000
vt 0.000000 1.000000
vt 0.000000 0.000000
vt 1.000000 0.000000
vt 1.000000 1.000000
vt 0.000000 1.000000
vt 0.000000 0.000000
vt 1.000000 0.000000
vt 1.000000 1.000000
vt 0.000000 1.000000
vt 0.000000 0.000000
vt 1.000000 0.000000
vt 1.000000 1.000000
vt 0.000000 1.000000
vt 0.000000 0.000000
vt 1.000000 0.000000
vt 1.000000 1.000000
vt 0.000000 1.000000
vt 0.000000 0.000000
vt 1.000000 0.000000
vt 1.000000 1.000000
vt 0.000000 1.000000
vt 0.000000 0.000000
vt 1.000000 0.000000
vt 1.000000 1.000000
vt 0.000000 1.000000
vt 0.000000 0.000000
vt 1.000000 0.000000
vt 1.000000 1.000000
vt 0.000000 1.000000
vt 0.000000 0.000000
vt 1.000000 0.000000
vt 1.000000 1.000000
vt 0.000000 1.000000
vt 0.000000 0.000000
vt 1.000000 0.000000
vt 1.000000 1.000000
vt 0.000000 1.000000
vt 0.000000 0.000000
vt 1.000000 0.000000
vt 1.000000 1.000000
vt 0.000000 1.000000
vt 0.000000 0.000000
vt 1.000000 0.000000
vt 1.000000 1.000000
vt 0.000000 1.000000
vt 0.000000 0.000000
vt 1.000000 0.000000
vt 1.000000 1.000000
vt 0.000000 1.000000
vt 0.000000 0.000000
vt 1.000000 0.000000
vt 1.000000 1.000000
vt 0.000000 1.000000
vt 0.000000 0.000000
vt 1.000000 0.000000
vt 1.000000 1.000000
vt 0.000000 1.000000
vt 0.000000 0.000000
vt 1.000000 0.000000
vt 1.000000 1.000000
vt 0.000000 1.000000
vt 0.000000 0.000000
vt 1.000000 0.000000
vt 1.000000 1.000000
vt 0.000000 1.000000
vt 0.000000 0.000000
vt 1.000000 0.000000
vt 1.000000 1.000000
vt 0.000000 1.000000
vt 0.000000 0.000000
vt 1.000000 0.000000
vt 1.000000 1.000000
vt 0.000000 1.000000
vt 0.000000 0.000000
vt 1.000000 0.000000
vt 1.000000 1.000000
vt 0.000000 1.000000
vt 0.000000 0.000000
vt 1.000000 0.000000
vt 1.000000 1.000000
vt 0.000000 1.000000
vt 0.000000 0.000000
vt 1.000000 0.000000
vt 1.000000 1.000000
vt 0.000000 1.000000
vt 0.000000 0.000000
vt 1.000000 0.000000
vt 1.000000 1.000000
vt 0.000000 1.000000
vt 0.000000 0.000000
vt 1.000000 0.000000
vt 1.000000 1.000000
vt 0.000000 1.000000
vt 0.000000 0.000000
vt 1.000000 0.000000
vt 1.000000 1.000000
vt 0.000000 1.000000
vt 0.000000 0.000000
vt 1.000000 0.000000
vt 1.000000 1.000000
vt 0.000000 1.000000
vt 0.000000 0.000000
vt 1.000000 0.000000
vt 1.000000 1.000000
vt 0.000000 1.000000
vt 0.000000 0.000000
vt 1.000000 0.000000
vt 1.000000 1.000000
vt 0.000000 1.000000
vt 0.000000 0.000000
vt 1.000000 0.000000
vt 1.000000 1.000000
vt 0.000000 1.000000
vt 0.000000 0.000000
vt 1.000000 0.000000
vt 1.000000 1.000000
vt 0.000000 1.000000
vt 0.000000 0.000000
vt 1.000000 0.000000
vt 1.000000 1.000000
vt 0.000000 1.000000
vt 0.000000 0.000000
vt 1.000000 0.000000
vt 1.000000 1.000000
vt 0.000000 1.000000
vt 0.000000 0.000000
vt 1.000000 0.000000
vt 1.000000 1.000000
vt 0.000000 1.000000
vt 0.000000 0.000000
vt 1.000000 0.000000
vt 1.000000 1.000000
vt 0.000000 1.000000
vt 0.000000 0.000000
vt 1.000000 0.000000
vt 1.000000 1.000000
vt 0.000000 1.000000
vt 0.000000 0.000000
vt 1.000000 0.000000
vt 1.000000 1.000000
vt 0.000000 1.000000
vt 0.000000 0.000000
vt 1.000000 0.000000
vt 1.000000 1.000000
vt 0.000000 1.000000
vt 0.000000 0.000000
vt 1.000000 0.000000
vt 1.000000 1.000000
vt 0.000000 1.000000
vt 0.000000 0.000000
vt 1.000000 0.000000
vt 1.000000 1.000000
vt 0.000000 1.000000
vt 0.000000 0.000000
vt 1.000000 0.000000
vt 1.000000 1.000000
vt 0.000000 1.000000
vt 0.000000 0.000000
vt 1.000000 0.000000
vt 1.000000 1.000000
vt 0.000000 1.000000
vt 0.000000 0.000000
vt 1.000000 0.000000
vt 1.000000 1.000000
vt 0.000000 1.000000
vt 0.000000 0.000000
vt 1.000000 0.000000
vt 1.000000 1.000000
vt 0.000000 1.000000
vt 0.000000 0.000000
vt 1.000000 0.000000
vt 1.000000 1.000000
vt 0.000000 1.000000
vt 0.000000 0.000000
vt 1.000000 0.000000
vt 1.000000 1.000000
vt 0.000000 1.000000
vt 0.000000 0.000000
vt 1.000000 0.000000
vt 1.000000 1.000000
vt 0.000000 1.000000
vt 0.000000 0.000000
vt 1.000000 0.000000
vt 1.000000 1.000000
vt 0.000000 1.000000
vt 0.000000 0.000000
vt 1.000000 0.000000
vt 1.000000 1.000000
vt 0.000000 1.000000
vt 0.000000 0.000000
vt 1.000000 0.000000
vt 1.000000 1.000000
vt 0.000000 1.000000
vt 0.000000 0.000000
vt 1.000000 0.000000
vt 1.000000 1.000000
vt 0.000000 1.000000
vt 0.000000 0.000000
vt 1.000000 0.000000
vt 1.000000 1.000000
vt 0.000000 1.000000
vt 0.000000 0.000000
vt 1.000000 0.000000
vt 1.000000 1.000000
vt 0.000000 1.000000
vt 0.000000 0.000000
vt 1.000000 0.000000
vt 1.000000 1.000000
vt 0.000000 1.000000
vt 0.000000 0.000000
vt 1.000000 0.000000
vt 1.000000 1.000000
vt 0.000000 1.000000
vt 0.000000 0.000000
vt 1.000000 0.000000
vt 1.000000 1.000000
vt 0.000000 1.000000
vt 0.000000 0.000000
vt 1.000000 0.000000
vt 1.000000 1.000000
vt 0.000000 1.000000
vt 0.000000 0.000000
vt 1.000000 0.000000
vt 1.000000 1.000000
vt 0.000000 1.000000
vt 0.000000 0.000000
vt 1.000000 0.000000
vt 1.000000 1.000000
vt 0.000000 1.000000
vt 0.000000 0.000000
vt 1.000000 0.000000
vt 1.000000 1.000000
vt 0.000000 1.000000
vt 0.000000 0.000000
vt 1.000000 0.000000
vt 1.000000 1.000000
vt 0.000000 1.000000
vt 0.000000 0.000000
vt 1.000000 0.000000
vt 1.000000 1.000000
vt 0.000000 1.000000
vt 0.000000 0.000000
vt 1.000000 0.000000
vt 1.000000 1.000000
vt 0.000000 1.000000
vt 0.000000 0.000000
vt 1.000000 0.000000
vt 1.000000 1.000000
vt 0.000000 1.000000
vt 0.000000 0.000000
vt 1.000000 0.000000
vt 1.000000 1.000000
vt 0.000000 1.000000
vt 0.000000 0.000000
vt 1.000000 0.000000
vt 1.000000 1.000000
vt 0.000000 1.000000
vt 0.000000 0.000000
vt 1.000000 0.000000
vt 1.000000 1.000000
vt 0.000000 1.000000
vt 0.000000 0.000000
vt 1.000000 0.000000
vt 1.000000 1.000000
vt 0.000000 1.000000
vt 0.000000 0.000000
vt 1.000000 0.000000
vt 1.000000 1.000000
vt 0.000000 1.000000
vt 0.000000 0.000000
vt 1.000000 0.000000
vt 1.000000 1.000000
vt 0.000000 1.000000
vt 0.000000 0.000000
vt 1.000000 0.000000
vt 1.000000 1.000000
vt 0.000000 1.000000
vt 0.000000 0.000000
vt 1.000000 0.000000
vt 1.000000 1.000000
vt 0.000000 1.000000
vt 0.000000 0.000000
vt 1.000000 0.000000
vt 1.000000 1.000000
vt 0.000000 1.000000
vt 0.000000 0.000000
vt 1.000000 0.000000
vt 1.000000 1.000000
vt 0.000000 1.000000
vt 0.000000 0.000000
vt 1.000000 0.000000
vt 1.000000 1.000000
vt 0.000000 1.000000
vt 0.000000 0.000000
vt 1.000000 0.000000
vt 1.000000 1.000000
vt 0.000000 1.000000
vt 0.000000 0.000000
vt 1.000000 0.000000
vt 1.000000 1.000000
vt 0.000000 1.000000
vt 0.000000 0.000000
vt 1.000000 0.000000
vt 1.000000 1.000000
vt 0.000000 1.000000
vt 0.000000 0.000000
vt 1.000000 0.000000
vt 1.000000 1.000000
vt 0.000000 1.000000
vt 0.000000 0.000000
vt 1.000000 0.000000
vt 1.000000 1.000000
vt 0.000000 1.000000
vt 0.000000 0.000000
vt 1.000000 0.000000
vt 1.000000 1.000000
vt 0.000000 1.000000
vt 0.000000 0.000000
vt 1.000000 0.000000
vt 1.000000 1.000000
vt 0.000000 1.000000
vt 0.000000 0.000000
vt 1.000000 0.000000
vt 1.000000 1.000000
vt 0.000000 1.000000
vt 0.000000 0.000000
vt 1.000000 0.000000
vt 1.000000 1.000000
vt 0.000000 1.000000
vt 0.000000 0.000000
vt 1.000000 0.000000
vt 1.000000 1.000000
vt 0.000000 1.000000
vt 0.000000 0.000000
vt 1.000000 0.000000
vt 1.000000 1.000000
vt 0.000000 1.000000
vt 0.000000 0.000000
vt 1.000000 0.000000
vt 1.000000 1.000000
vt 0.000000 1.000000
vt 0.000000 0.000000
vt 1.000000 0.000000
vt 1.000000 1.000000
vt 0.000000 1.000000
vt 0.000000 0.000000
vt 1.000000 0.000000
vt 1.000000 1.000000
vt 0.000000 1.000000
vt 0.000000 0.000000
vt 1.000000 0.000000
vt 1.000000 1.000000
vt 0.000000 1.000000
vt 0.000000 0.000000
vt 1.000000 0.000000
vt 1.000000 1.000000
vt 0.000000 1.000000
vt 0.000000 0.000000
vt 1.000000 0.000000
vt 1.000000 1.000000
vt 0.000000 1.000000
vt 0.000000 0.000000
vt 1.000000 0.000000
vt 1.000000 1.000000
vt 0.000000 1.000000
vt 0.000000 0.000000
vt 1.000000 0.000000
vt 1.000000 1.000000
vt 0.000000 1.000000
vt 0.000000 0.000000
vt 1.000000 0.000000
vt 1.000000 1.000000
vt 0.000000 1.000000
vt 0.000000 0.000000
vt 1.000000 0.000000
vt 1.000000 1.000000
vt 0.000000 1.000000
vt 0.000000 0.000000
vt 1.000000 0.000000
vt 1.000000 1.000000
vt 0.000000 1.000000
vt 0.000000 0.000000
vt 1.000000 0.000000
vt 1.000000 1.000000
vt 0.000000 1.000000
vt 0.000000 0.000000
vt 1.000000 0.000000
vt 1.000000 1.000000
vt 0.000000 1.000000
vt 0.000000 0.000000
vt 1.000000 0.000000
vt 1.000000 1.000000
vt 0.000000 1.000000
vt 0.000000 0.000000
vt 1.000000 0.000000
vt 1.000000 1.000000
vt 0.000000 1.000000
vt 0.000000 0.000000
vt 1.000000 0.000000
vt 1.000000 1.000000
vt 0.000000 1.000000
vt 0.000000 0.000000
vt 1.000000 0.000000
vt 1.000000 1.000000
vt 0.000000 1.000000
vt 0.000000 0.000000
vt 1.000000 0.000000
vt 1.000000 1.000000
vt 0.000000 1.000000
vt 0.000000 0.000000
vt 1.000000 0.000000
vt 1.000000 1.000000
vt 0.000000 1.000000
vt 0.000000 0.000000
vt 1.000000 0.000000
vt 1.000000 1.000000
vt 0.000000 1.000000
vt 0.000000 0.000000
vt 1.000000 0.000000
vt 1.000000 1.000000
vt 0.000000 1.000000
vt 0.000000 0.000000
vt 1.000000 0.000000
vt 1.000000 1.000000
vt 0.000000 1.000000
vt 0.000000 0.000000
vt 1.000000 0.000000
vt 1.000000 1.000000
vt 0.000000 1.000000
vt 0.000000 0.000000
vt 1.000000 0.000000
vt 1.000000 1.000000
vt 0.000000 1.000000
vt 0.000000 0.000000
vt 1.000000 0.000000
vt 1.000000 1.000000
vt 0.000000 1.000000
vt 0.000000 0.000000
vt 1.000000 0.000000
vt 1.000000 1.000000
vt 0.000000 1.000000
vt 0.000000 0.000000
vt 1.000000 0.000000
vt 1.000000 1.000000
vt 0.000000 1.000000
vt 0.000000 0.000000
vt 1.000000 0.000000
vt 1.000000 1.000000
vt 0.000000 1.000000
vt 0.000000 0.000000
vt 1.000000 0.000000
vt 1.000000 1.000000
vt 0.000000 1.000000
vt 0.000000 0.000000
vt 1.000000 0.000000
vt 1.000000 1.000000
vt 0.000000 1.000000
vt 0.000000 0.000000
vt 1.000000 0.000000
vt 1.000000 1.000000
vt 0.000000 1.000000
vt 0.000000 0.000000
vt 1.000000 0.000000
vt 1.000000 1.000000
vt 0.000000 1.000000
vt 0.000000 0.000000
vt 1.000000 0.000000
vt 1.000000 1.000000
vt 0.000000 1.000000
vt 0.000000 0.000000
vt 1.000000 0.000000
vt 1.000000 1.000000
vt 0.000000 1.000000
vt 0.000000 0.000000
vt 1.000000 0.000000
vt 1.000000 1.000000
vt 0.000000 1.000000
vt 0.000000 0.000000
vt 1.000000 0.000000
vt 1.000000 1.000000
vt 0.000000 1.000000
vt 0.000000 0.000000
vt 1.000000 0.000000
vt 1.000000 1.000000
vt 0.000000 1.000000
vt 0.000000 0.000000
vt 1.000000 0.000000
vt 1.000000 1.000000
vt 0.000000 1.000000
vt 0.000000 0.000000
vt 1.000000 0.000000
vt 1.000000 1.000000
vt 0.000000 1.000000
vt 0.000000 0.000000
vt 1.000000 0.000000
vt 1.000000 1.000000
vt 0.000000 1.000000
vt 0.000000 0.000000
vt 1.000000 0.000000
vt 1.000000 1.000000
vt 0.000000 1.000000
vt 0.000000 0.000000
vt 1.000000 0.000000
vt 1.000000 1.000000
vt 0.000000 1.000000
vt 0.000000 0.000000
vt 1.000000 0.000000
vt 1.000000 1.000000
vt 0.000000 1.000000
vt 0.000000 0.000000
vt 1.000000 0.000000
vt 1.000000 1.000000
vt 0.000000 1.000000
vt 0.000000 0.000000
vt 1.000000 0.000000
vt 1.000000 1.000000
vt 0.000000 1.000000
vt 0.000000 0.000000
vt 1.000000 0.000000
vt 1.000000 1.000000
vt 0.000000 1.000000
vt 0.000000 0.000000
vt 1.000000 0.000000
vt 1.000000 1.000000
vt 0.000000 1.000000
vt 0.000000 0.000000
vt 1.000000 0.000000
vt 1.000000 1.000000
vt 0.000000 1.000000
vt 0.000000 0.000000
vt 1.000000 0.000000
vt 1.000000 1.000000
vt 0.000000 1.000000
vt 0.000000 0.000000
vt 1.000000 0.000000
vt 1.000000 1.000000
vt 0.000000 1.000000
vt 0.000000 0.000000
vt 1.000000 0.000000
vt 1.000000 1.000000
vt 0.000000 1.000000
vt 0.000000 0.000000
vt 1.000000 0.000000
vt 1.000000 1.000000
vt 0.000000 1.000000
vt 0.000000 0.000000
vt 1.000000 0.000000
vt 1.000000 1.000000
vt 0.000000 1.000000
vt 0.000000 0.000000
vt 1.000000 0.000000
vt 1.000000 1.000000
vt 0.000000 1.000000
vt 0.000000 0.000000
vt 1.000000 0.000000
vt 1.000000 1.000000
vt 0.000000 1.000000
vt 0.000000 0.000000
vt 1.000000 0.000000
vt 1.000000 1.000000
vt 0.000000 1.000000
vt 0.000000 0.000000
vt 1.000000 0.000000
vt 1.000000 1.000000
vt 0.000000 1.000000
vt 0.000000 0.000000
vt 1.000000 0.000000
vt 1.000000 1.000000
vt 0.000000 1.000000
vt 0.000000 0.000000
vt 1.000000 0.000000
vt 1.000000 1.000000
vt 0.000000 1.000000
vt 0.000000 0.000000
vt 1.000000 0.000000
vt 1.000000 1.000000
vt 0.000000 1.000000
vt 0.000000 0.000000
vt 1.000000 0.000000
vt 1.000000 1.000000
vt 0.000000 1.000000
vt 0.000000 0.000000
vt 1.000000 0.000000
vt 1.000000 1.000000
vt 0.000000 1.000000
vt 0.000000 0.000000
vt 1.000000 0.000000
vt 1.000000 1.000000
vt 0.000000 1.000000
vt 0.000000 0.000000
vt 1.000000 0.000000
vt 1.000000 1.000000
vt 0.000000 1.000000
vt 0.000000 0.000000
vt 1.000000 0.000000
vt 1.000000 1.000000
vt 0.000000 1.000000
vt 0.000000 0.000000
vt 1.000000 0.000000
vt 1.000000 1.000000
vt 0.000000 1.000000
vt 0.000000 0.000000
vt 1.000000 0.000000
vt 1.000000 1.000000
vt 0.000000 1.000000
vt 0.000000 0.000000
vt 1.000000 0.000000
vt 1.000000 1.000000
vt 0.000000 1.000000
vt 0.000000 0.000000
vt 1.000000 0.000000
vt 1.000000 1.000000
vt 0.000000 1.000000
vt 0.000000 0.000000
vt 1.000000 0.000000
vt 1.000000 1.000000
vt 0.000000 1.000000
vt 0.000000 0.000000
vt 1.000000 0.000000
vt 1.000000 1.000000
vt 0.000000 1.000000
vt 0.000000 0.000000
vt 1.000000 0.000000
vt 1.000000 1.000000
vt 0.000000 1.000000
vt 0.000000 0.000000
vt 1.000000 0.000000
vt 1.000000 1.000000
vt 0.000000 1.000000
vt 0.000000 0.000000
vt 1.000000 0.000000
vt 1.000000 1.000000
vt 0.000000 1.000000
vt 0.000000 0.000000
vt 1.000000 0.000000
vt 1.000000 1.000000
vt 0.000000 1.000000
vt 0.000000 0.000000
vt 1.000000 0.000000
vt 1.000000 1.000000
vt 0.000000 1.000000
vt 0.000000 0.000000
vt 1.000000 0.000000
vt 1.000000 1.000000
vt 0.000000 1.000000
vt 0.000000 0.000000
vt 1.000000 0.000000
vt 1.000000 1.000000
vt 0.000000 1.000000
vt 0.000000 0.000000
vt 1.000000 0.000000
vt 1.000000 1.000000
vt 0.000000 1.000000
vt 0.000000 0.000000
vt 1.000000 0.000000
vt 1.000000 1.000000
vt 0.000000 1.000000
vt 0.000000 0.000000
vt 1.000000 0.000000
vt 1.000000 1.000000
vt 0.000000 1.000000
vt 0.000000 0.000000
vt 1.000000 0.000000
vt 1.000000 1.000000
vt 0.000000 1.000000
vt 0.000000 0.000000
vt 1.000000 0.000000
vt 1.000000 1.000000
vt 0.000000 1.000000
vt 0.000000 0.000000
vt 1.000000 0.000000
vt 1.000000 1.000000
vt 0.000000 1.000000
vt 0.000000 0.000000
vt 1.000000 0.000000
vt 1.000000 1.000000
vt 0.000000 1.000000
vt 0.000000 0.000000
vt 1.000000 0.000000
vt 1.000000 1.000000
vt 0.000000 1.000000
vt 0.000000 0.000000
vt 1.000000 0.000000
vt 1.000000 1.000000
vt 0.000000 1.000000
vt 0.000000 0.000000
vt 1.000000 0.000000
vt 1.000000 1.000000
vt 0.000000 1.000000
vt 0.000000 0.000000
vt 1.000000 0.000000
vt 1.000000 1.000000
vt 0.000000 1.000000
vt 0.000000 0.000000
vt 1.000000 0.000000
vt 1.000000 1.000000
vt 0.000000 1.000000
vt 0.000000 0.000000
vt 1.000000 0.000000
vt 1.000000 1.000000
vt 0.000000 1.000000
vt 0.000000 0.000000
vt 1.000000 0.000000
vt 1.000000 1.000000
vt 0.000000 1.000000
vt 0.000000 0.000000
vt 1.000000 0.000000
vt 1.000000 1.000000
vt 0.000000 1.000000
vt 0.000000 0.000000
vt 1.000000 0.000000
vt 1.000000 1.000000
vt 0.000000 1.000000
vt 0.000000 0.000000
vt 1.000000 0.000000
vt 1.000000 1.000000
vt 0.000000 1.000000
vt 0.000000 0.000000
vt 1.000000 0.000000
vt 1.000000 1.000000
vt 0.000000 1.000000
vt 0.000000 0.000000
vt 1.000000 0.000000
vt 1.000000 1.000000
vt 0.000000 1.000000
vt 0.000000 0.000000
vt 1.000000 0.000000
vt 1.000000 1.000000
vt 0.000000 1.000000
vt 0.000000 0.000000
vt 1.000000 0.000000
vt 1.000000 1.000000
vt 0.000000 1.000000
vt 0.000000 0.000000
vt 1.000000 0.000000
vt 1.000000 1.000000
vt 0.000000 1.000000
vt 0.000000 0.000000
vt 1.000000 0.000000
vt 1.000000 1.000000
vt 0.000000 1.000000
vt 0.000000 0.000000
vt 1.000000 0.000000
vt 1.000000 1.000000
vt 0.000000 1.000000
vt 0.000000 0.000000
vt 1.000000 0.000000
vt 1.000000 1.000000
vt 0.000000 1.000000
vt 0.000000 0.000000
vt 1.000000 0.000000
vt 1.000000 1.000000
vt 0.000000 1.000000
vt 0.000000 0.000000
vt 1.000000 0.000000
vt 1.000000 1.000000
vt 0.000000 1.000000
vt 0.000000 0.000000
vt 1.000000 0.000000
vt 1.000000 1.000000
vt 0.000000 1.000000
vt 0.000000 0.000000
vt 1.000000 0.000000
vt 1.000000 1.000000
vt 0.000000 1.000000
vt 0.000000 0.000000
vt 1.000000 0.000000
vt 1.000000 1.000000
vt 0.000000 1.000000
vt 0.000000 0.000000
vt 1.000000 0.000000
vt 1.000000 1.000000
vt 0.000000 1.000000
vt 0.000000 0.000000
vt 1.000000 0.000000
vt 1.000000 1.000000
vt 0.000000 1.000000
vt 0.000000 0.000000
vt 1.000000 0.000000
vt 1.000000 1.000000
vt 0.000000 1.000000
vt 0.000000 0.000000
vt 1.000000 0.000000
vt 1.000000 1.000000
vt 0.000000 1.000000
vt 0.000000 0.000000
vt 1.000000 0.000000
vt 1.000000 1.000000
vt 0.000000 1.000000
vt 0.000000 0.000000
vt 1.000000 0.000000
vt 1.000000 1.000000
vt 0.000000 1.000000
vt 0.000000 0.000000
vt 1.000000 0.000000
vt 1.000000 1.000000
vt 0.000000 1.000000
vt 0.000000 0.000000
vt 1.000000 0.000000
vt 1.000000 1.000000
vt 0.000000 1.000000
vt 0.000000 0.000000
vt 1.000000 0.000000
vt 1.000000 1.000000
vt 0.000000 1.000000
vt 0.000000 0.000000
vt 1.000000 0.000000
vt 1.000000 1.000000
vt 0.000000 1.000000
vt 0.000000 0.000000
vt 1.000000 0.000000
vt 1.000000 1.000000
vt 0.000000 1.000000
vt 0.000000 0.000000
vt 1.000000 0.000000
vt 1.000000 1.000000
vt 0.000000 1.000000
vt 0.000000 0.000000
vt 1.000000 0.000000
vt 1.000000 1.000000
vt 0.000000 1.000000
vt 0.000000 0.000000
vt 1.000000 0.000000
vt 1.000000 1.000000
vt 0.000000 1.000000
vt 0.000000 0.000000
vt 1.000000 0.000000
vt 1.000000 1.000000
vt 0.000000 1.000000
vt 0.000000 0.000000
vt 1.000000 0.000000
vt 1.000000 1.000000
vt 0.000000 1.000000
vt 0.000000 0.000000
vt 1.000000 0.000000
vt 1.000000 1.000000
vt 0.000000 1.000000
vt 0.000000 0.000000
vt 1.000000 0.000000
vt 1.000000 1.000000
vt 0.000000 1.000000
vt 0.000000 0.000000
vt 1.000000 0.000000
vt 1.000000 1.000000
vt 0.000000 1.000000
vt 0.000000 0.000000
vt 1.000000 0.000000
vt 1.000000 1.000000
vt 0.000000 1.000000
vt 0.000000 0.000000
vt 1.000000 0.000000
vt 1.000000 1.000000
vt 0.000000 1.000000
vt 0.000000 0.000000
vt 1.000000 0.000000
vt 1.000000 1.000000
vt 0.000000 1.000000
vt 0.000000 0.000000
vt 1.000000 0.000000
vt 1.000000 1.000000
vt 0.000000 1.000000
vt 0.000000 0.000000
vt 1.000000 0.000000
vt 1.000000 1.000000
vt 0.000000 1.000000
vt 0.000000 0.000000
vt 1.000000 0.000000
vt 1.000000 1.000000
vt 0.000000 1.000000
vt 0.000000 0.000000
vt 1.000000 0.000000
vt 1.000000 1.000000
vt 0.000000 1.000000
vt 0.000000 0.000000
vt 1.000000 0.000000
vt 1.000000 1.000000
vt 0.000000 1.000000
vt 0.000000 0.000000
vt 1.000000 0.000000
vt 1.000000 1.000000
vt 0.000000 1.000000
vt 0.000000 0.000000
vt 1.000000 0.000000
vt 1.000000 1.000000
vt 0.000000 1.000000
vt 0.000000 0.000000
vt 1.000000 0.000000
vt 1.000000 1.000000
vt 0.000000 1.000000
vt 0.000000 0.000000
vt 1.000000 0.000000
vt 1.000000 1.000000
vt 0.000000 1.000000
vt 0.000000 0.000000
vt 1.000000 0.000000
vt 1.000000 1.000000
vt 0.000000 1.000000
vt 0.000000 0.000000
vt 1.000000 0.000000
vt 1.000000 1.000000
vt 0.000000 1.000000
vt 0.000000 0.000000
vt 1.000000 0.000000
vt 1.000000 1.000000
vt 0.000000 1.000000
vt 0.000000 0.000000
vt 1.000000 0.000000
vt 1.000000 1.000000
vt 0.000000 1.000000
vt 0.000000 0.000000
vt 1.000000 0.000000
vt 1.000000 1.000000
vt 0.000000 1.000000
vt 0.000000 0.000000
vt 1.000000 0.000000
vt 1.000000 1.000000
vt 0.000000 1.000000
vt 0.000000 0.000000
vt 1.000000 0.000000
vt 1.000000 1.000000
vt 0.000000 1.000000
vt 0.000000 0.000000
vt 1.000000 0.000000
vt 1.000000 1.000000
vt 0.000000 1.000000
vt 0.000000 0.000000
vt 1.000000 0.000000
vt 1.000000 1.000000
vt 0.000000 1.000000
vt 0.000000 0.000000
vt 1.000000 0.000000
vt 1.000000 1.000000
vt 0.000000 1.000000
vt 0.000000 0.000000
vt 1.000000 0.000000
vt 1.000000 1.000000
vt 0.000000 1.000000
vt 0.000000 0.000000
vt 1.000000 0.000000
vt 1.000000 1.000000
vt 0.000000 1.000000
vt 0.000000 0.000000
vt 1.000000 0.000000
vt 1.000000 1.000000
vt 0.000000 1.000000
vt 0.000000 0.000000
vt 1.000000 0.000000
vt 1.000000 1.000000
vt 0.000000 1.000000
vt 0.000000 0.000000
vt 1.000000 0.000000
vt 1.000000 1.000000
vt 0.000000 1.000000
vt 0.000000 0.000000
vt 1.000000 0.000000
vt 1.000000 1.000000
vt 0.000000 1.000000
vt 0.000000 0.000000
vt 1.000000 0.000000
vt 1.000000 1.000000
vt 0.000000 1.000000
vt 0.000000 0.000000
vt 1.000000 0.000000
vt 1.000000 1.000000
vt 0.000000 1.000000
vt 0.000000 0.000000
vt 1.000000 0.000000
vt 1.000000 1.000000
vt 0.000000 1.000000
vt 0.000000 0.000000
vt 1.000000 0.000000
vt 1.000000 1.000000
vt 0.000000 1.000000
vt 0.000000 0.000000
vt 1.000000 0.000000
vt 1.000000 1.000000
vt 0.000000 1.000000
vt 0.000000 0.000000
vt 1.000000 0.000000
vt 1.000000 1.000000
vt 0.000000 1.000000
vt 0.000000 0.000000
vt 1.000000 0.000000
vt 1.000000 1.000000
vt 0.000000 1.000000
vt 0.000000 0.000000
vt 1.000000 0.000000
vt 1.000000 1.000000
vt 0.000000 1.000000
vt 0.000000 0.000000
vt 1.000000 0.000000
vt 1.000000 1.000000
vt 0.000000 1.000000
vt 0.000000 0.000000
vt 1.000000 0.000000
vt 1.000000 1.000000
vt 0.000000 1.000000
vt 0.000000 0.000000
vt 1.000000 0.000000
vt 1.000000 1.000000
vt 0.000000 1.000000
vt 0.000000 0.000000
vt 1.000000 0.000000
vt 1.000000 1.000000
vt 0.000000 1.000000
vt 0.000000 0.000000
vt 1.000000 0.000000
vt 1.000000 1.000000
vt 0.000000 1.000000
vt 0.000000 0.000000
vt 1.000000 0.000000
vt 1.000000 1.000000
vt 0.000000 1.000000
vt 0.000000 0.000000
vt 1.000000 0.000000
vt 1.000000 1.000000
vt 0.000000 1.000000
vt 0.000000 0.000000
vt 1.000000 0.000000
vt 1.000000 1.000000
vt 0.000000 1.000000
vt 0.000000 0.000000
vt 1.000000 0.000000
vt 1.000000 1.000000
vt 0.000000 1.000000
vt 0.000000 0.000000
vt 1.000000 0.000000
vt 1.000000 1.000000
vt 0.000000 1.000000
vt 0.000000 0.000000
vt 1.000000 0.000000
vt 1.000000 1.000000
vt 0.000000 1.000000
vt 0.000000 0.000000
vt 1.000000 0.000000
vt 1.000000 1.000000
vt 0.000000 1.000000
vt 0.000000 0.000000
vt 1.000000 0.000000
vt 1.000000 1.000000
vt 0.000000 1.000000
vt 0.000000 0.000000
vt 1.000000 0.000000
vt 1.000000 1.000000
vt 0.000000 1.000000
vt 0.000000 0.000000
vt 1.000000 0.000000
vt 1.000000 1.000000
vt 0.000000 1.000000
vt 0.000000 0.000000
vt 1.000000 0.000000
vt 1.000000 1.000000
vt 0.000000 1.000000
vt 0.000000 0.000000
vt 1.000000 0.000000
vt 1.000000 1.000000
vt 0.000000 1.000000
vt 0.000000 0.000000
vt 1.000000 0.000000
vt 1.000000 1.000000
vt 0.000000 1.000000
vt 0.000000 0.000000
vt 1.000000 0.000000
vt 1.000000 1.000000
vt 0.000000 1.000000
vt 0.000000 0.000000
vt 1.000000 0.000000
vt 1.000000 1.000000
vt 0.000000 1.000000
vt 0.000000 0.000000
vt 1.000000 0.000000
vt 1.000000 1.000000
vt 0.000000 1.000000
vt 0.000000 0.000000
vt 1.000000 0.000000
vt 1.000000 1.000000
vt 0.000000 1.000000
vt 0.000000 0.000000
vt 1.000000 0.000000
vt 1.000000 1.000000
vt 0.000000 1.000000
vt 0.000000 0.000000
vt 1.000000 0.000000
vt 1.000000 1.000000
vt 0.000000 1.000000
vt 0.000000 0.000000
vt 1.000000 0.000000
vt 1.000000 1.000000
vt 0.000000 1.000000
vt 0.000000 0.000000
vt 1.000000 0.000000
vt 1.000000 1.000000
vt 0.000000 1.000000
vt 0.000000 0.000000
vt 1.000000 0.000000
vt 1.000000 1.000000
vt 0.000000 1.000000
vt 0.000000 0.000000
vt 1.000000 0.000000
vt 1.000000 1.000000
vt 0.000000 1.000000
vt 0.000000 0.000000
vt 1.000000 0.000000
vt 1.000000 1.000000
vt 0.000000 1.000000
vt 0.000000 0.000000
vt 1.000000 0.000000
vt 1.000000 1.000000
vt 0.000000 1.000000
vt 0.000000 0.000000
vt 1.000000 0.000000
vt 1.000000 1.000000
vt 0.000000 1.000000
vt 0.000000 0.000000
vt 1.000000 0.000000
vt 1.000000 1.000000
vt 0.000000 1.000000
vt 0.000000 0.000000
vt 1.000000 0.000000
vt 1.000000 1.000000
vt 0.000000 1.000000
vt 0.000000 0.000000
vt 1.000000 0.000000
vt 1.000000 1.000000
vt 0.000000 1.000000
vt 0.000000 0.000000
vt 1.000000 0.000000
vt 1.000000 1.000000
vt 0.000000 1.000000
vt 0.000000 0.000000
vt 1.000000 0.000000
vt 1.000000 1.000000
vt 0.000000 1.000000
vt 0.000000 0.000000
vt 1.000000 0.000000
vt 1.000000 1.000000
vt 0.000000 1.000000
vt 0.000000 0.000000
vt 1.000000 0.000000
vt 1.000000 1.000000
vt 0.000000 1.000000
vt 0.000000 0.000000
vt 1.000000 0.000000
vt 1.000000 1.000000
vt 0.000000 1.000000
vt 0.000000 0.000000
vt 1.000000 0.000000
vt 1.000000 1.000000
vt 0.000000 1.000000
vt 0.000000 0.000000
vt 1.000000 0.000000
vt 1.000000 1.000000
vt 0.000000 1.000000
vt 0.000000 0.000000
vt 1.000000 0.000000
vt 1.000000 1.000000
vt 0.000000 1.000000
vt 0.000000 0.000000
vt 1.000000 0.000000
vt 1.000000 1.000000
vt 0.000000 1.000000
vt 0.000000 0.000000
vt 1.000000 0.000000
vt 1.000000 1.000000
vt 0.000000 1.000000
vt 0.000000 0.000000
vt 1.000000 0.000000
vt 1.000000 1.000000
vt 0.000000 1.000000
vt 0.000000 0.000000
vt 1.000000 0.000000
vt 1.000000 1.000000
vt 0.000000 1.000000
vt 0.000000 0.000000
vt 1.000000 0.000000
vt 1.000000 1.000000
vt 0.000000 1.000000
vt 0.000000 0.000000
vt 1.000000 0.000000
vt 1.000000 1.000000
vt 0.000000 1.000000
vt 0.000000 0.000000
vt 1.000000 0.000000
vt 1.000000 1.000000
vt 0.000000 1.000000
vt 0.000000 0.000000
vt 1.000000 0.000000
vt 1.000000 1.000000
vt 0.000000 1.000000
vt 0.000000 0.000000
vt 1.000000 0.000000
vt 1.000000 1.000000
vt 0.000000 1.000000
vt 0.000000 0.000000
vt 1.000000 0.000000
vt 1.000000 1.000000
vt 0.000000 1.000000
vt 0.000000 0.000000
vt 1.000000 0.000000
vt 1.000000 1.000000
vt 0.000000 1.000000
vt 0.000000 0.000000
vt 1.000000 0.000000
vt 1.000000 1.000000
vt 0.000000 1.000000
vt 0.000000 0.000000
vt 1.000000 0.000000
vt 1.000000 1.000000
vt 0.000000 1.000000
vt 0.000000 0.000000
vt 1.000000 0.000000
vt 1.000000 1.000000
vt 0.000000 1.000000
vt 0.000000 0.000000
vt 1.000000 0.000000
vt 1.000000 1.000000
vt 0.000000 1.000000
vt 0.000000 0.000000
vt 1.000000 0.000000
vt 1.000000 1.000000
vt 0.000000 1.000000
vt 0.000000 0.000000
vt 1.000000 0.000000
vt 1.000000 1.000000
vt 0.000000 1.000000
vt 0.000000 0.000000
vt 1.000000 0.000000
vt 1.000000 1.000000
vt 0.000000 1.000000
vt 0.000000 0.000000
vt 1.000000 0.000000
vt 1.000000 1.000000
vt 0.000000 1.000000
vt 0.000000 0.000000
vt 1.000000 0.000000
vt 1.000000 1.000000
vt 0.000000 1.000000
vt 0.000000 0.000000
vt 1.000000 0.000000
vt 1.000000 1.000000
vt 0.000000 1.000000
vt 0.000000 0.000000
vt 1.000000 0.000000
vt 1.000000 1.000000
vt 0.000000 1.000000
vt 0.000000 0.000000
vt 1.000000 0.000000
vt 1.000000 1.000000
vt 0.000000 1.000000
vt 0.000000 0.000000
vt 1.000000 0.000000
vt 1.000000 1.000000
vt 0.000000 1.000000
vt 0.000000 0.000000
vt 1.000000 0.000000
vt 1.000000 1.000000
vt 0.000000 1.000000
vt 0.000000 0.000000
vt 1.000000 0.000000
vt 1.000000 1.000000
vt 0.000000 1.000000
vt 0.000000 0.000000
vt 1.000000 0.000000
vt 1.000000 1.000000
vt 0.000000 1.000000
vt 0.000000 0.000000
vt 1.000000 0.000000
vt 1.000000 1.000000
vt 0.000000 1.000000
vt 0.000000 0.000000
vt 1.000000 0.000000
vt 1.000000 1.000000
vt 0.000000 1.000000
vt 0.000000 0.000000
vt 1.000000 0.000000
vt 1.000000 1.000000
vt 0.000000 1.000000
vt 0.000000 0.000000
vt 1.000000 0.000000
vt 1.000000 1.000000
vt 0.000000 1.000000
vt 0.000000 0.000000
vt 1.000000 0.000000
vt 1.000000 1.000000
vt 0.000000 1.000000
vt 0.000000 0.000000
vt 1.000000 0.000000
vt 1.000000 1.000000
vt 0.000000 1.000000
vt 0.000000 0.000000
vt 1.000000 0.000000
vt 1.000000 1.000000
vt 0.000000 1.000000
vt 0.000000 0.000000
vt 1.000000 0.000000
vt 1.000000 1.000000
vt 0.000000 1.000000
vt 0.000000 0.000000
vt 1.000000 0.000000
vt 1.000000 1.000000
vt 0.000000 1.000000
vt 0.000000 0.000000
vt 1.000000 0.000000
vt 1.000000 1.000000
vt 0.000000 1.000000
vt 0.000000 0.000000
vt 1.000000 0.000000
vt 1.000000 1.000000
vt 0.000000 1.000000
vt 0.000000 0.000000
vt 1.000000 0.000000
vt 1.000000 1.000000
vt 0.000000 1.000000
vt 0.000000 0.000000
vt 1.000000 0.000000
vt 1.000000 1.000000
vt 0.000000 1.000000
vt 0.000000 0.000000
vt 1.000000 0.000000
vt 1.000000 1.000000
vt 0.000000 1.000000
vt 0.000000 0.000000
vt 1.000000 0.000000
vt 1.000000 1.000000
vt 0.000000 1.000000
vt 0.000000 0.000000
vt 1.000000 0.000000
vt 1.000000 1.000000
vt 0.000000 1.000000
vt 0.000000 0.000000
vt 1.000000 0.000000
vt 1.000000 1.000000
vt 0.000000 1.000000
vt 0.000000 0.000000
vt 1.000000 0.000000
vt 1.000000 1.000000
vt 0.000000 1.000000
vt 0.000000 0.000000
vt 1.000000 0.000000
vt 1.000000 1.000000
vt 0.000000 1.000000
vt 0.000000 0.000000
vt 1.000000 0.000000
vt 1.000000 1.000000
vt 0.000000 1.000000
vt 0.000000 0.000000
vt 1.000000 0.000000
vt 1.000000 1.000000
vt 0.000000 1.000000
vt 0.000000 0.000000
vt 1.000000 0.000000
vt 1.000000 1.000000
vt 0.000000 1.000000
vt 0.000000 0.000000
vt 1.000000 0.000000
vt 1.000000 1.000000
vt 0.000000 1.000000
vt 0.000000 0.000000
vt 1.000000 0.000000
vt 1.000000 1.000000
vt 0.000000 1.000000
vt 0.000000 0.000000
vt 1.000000 0.000000
vt 1.000000 1.000000
vt 0.000000 1.000000
vt 0.000000 0.000000
vt 1.000000 0.000000
vt 1.000000 1.000000
vt 0.000000 1.000000
vt 0.000000 0.000000
vt 1.000000 0.000000
vt 1.000000 1.000000
vt 0.000000 1.000000
vt 0.000000 0.000000
vt 1.000000 0.000000
vt 1.000000 1.000000
vt 0.000000 1.000000
vt 0.000000 0.000000
vt 1.000000 0.000000
vt 1.000000 1.000000
vt 0.000000 1.000000
vt 0.000000 0.000000
vt 1.000000 0.000000
vt 1.000000 1.000000
vt 0.000000 1.000000
vt 0.000000 0.000000
vt 1.000000 0.000000
vt 1.000000 1.000000
vt 0.000000 1.000000
vt 0.000000 0.000000
vt 1.000000 0.000000
vt 1.000000 1.000000
vt 0.000000 1.000000
vt 0.000000 0.000000
vt 1.000000 0.000000
vt 1.000000 1.000000
vt 0.000000 1.000000
vt 0.000000 0.000000
vt 1.000000 0.000000
vt 1.000000 1.000000
vt 0.000000 1.000000
vt 0.000000 0.000000
vt 1.000000 0.000000
vt 1.000000 1.000000
vt 0.000000 1.000000
vt 0.000000 0.000000
vt 1.000000 0.000000
vt 1.000000 1.000000
vt 0.000000 1.000000
vt 0.000000 0.000000
vt 1.000000 0.000000
vt 1.000000 1.000000
vt 0.000000 1.000000
vt 0.000000 0.000000
vt 1.000000 0.000000
vt 1.000000 1.000000
vt 0.000000 1.000000
vt 0.000000 0.000000
vt 1.000000 0.000000
vt 1.000000 1.000000
vt 0.000000 1.000000
vt 0.000000 0.000000
vt 1.000000 0.000000
vt 1.000000 1.000000
vt 0.000000 1.000000
vt 0.000000 0.000000
vt 1.000000 0.000000
vt 1.000000 1.000000
vt 0.000000 1.000000
vt 0.000000 0.000000
vt 1.000000 0.000000
vt 1.000000 1.000000
vt 0.000000 1.000000
vt 0.000000 0.000000
vt 1.000000 0.000000
vt 1.000000 1.000000
vt 0.000000 1.000000
vt 0.000000 0.000000
vt 1.000000 0.000000
vt 1.000000 1.000000
vt 0.000000 1.000000
vt 0.000000 0.000000
vt 1.000000 0.000000
vt 1.000000 1.000000
vt 0.000000 1.000000
vt 0.000000 0.000000
vt 1.000000 0.000000
vt 1.000000 1.000000
vt 0.000000 1.000000
vt 0.000000 0.000000
vt 1.000000 0.000000
vt 1.000000 1.000000
vt 0.000000 1.000000
vt 0.000000 0.000000
vt 1.000000 0.000000
vt 1.000000 1.000000
vt 0.000000 1.000000
vt 0.000000 0.000000
vt 1.000000 0.000000
vt 1.000000 1.000000
vt 0.000000 1.000000
vt 0.000000 0.000000
vt 1.000000 0.000000
vt 1.000000 1.000000
vt 0.000000 1.000000
vt 0.000000 0.000000
vt 1.000000 0.000000
vt 1.000000 1.000000
vt 0.000000 1.000000
vt 0.000000 0.000000
vt 1.000000 0.000000
vt 1.000000 1.000000
vt 0.000000 1.000000
vt 0.000000 0.000000
vt 1.000000 0.000000
vt 1.000000 1.000000
vt 0.000000 1.000000
vt 0.000000 0.000000
vt 1.000000 0.000000
vt 1.000000 1.000000
vt 0.000000 1.000000
vt 0.000000 0.000000
vt 1.000000 0.000000
vt 1.000000 1.000000
vt 0.000000 1.000000
vt 0.000000 0.000000
vt 1.000000 0.000000
vt 1.000000 1.000000
vt 0.000000 1.000000
vt 0.000000 0.000000
vt 1.000000 0.000000
vt 1.000000 1.000000
vt 0.000000 1.000000
vt 0.000000 0.000000
vt 1.000000 0.000000
vt 1.000000 1.000000
vt 0.000000 1.000000
vt 0.000000 0.000000
vt 1.000000 0.000000
vt 1.000000 1.000000
vt 0.000000 1.000000
vt 0.000000 0.000000
vt 1.000000 0.000000
vt 1.000000 1.000000
vt 0.000000 1.000000
vt 0.000000 0.000000
vt 1.000000 0.000000
vt 1.000000 1.000000
vt 0.000000 1.000000
vt 0.000000 0.000000
vt 1.000000 0.000000
vt 1.000000 1.000000
vt 0.000000 1.000000
vt 0.000000 0.000000
vt 1.000000 0.000000
vt 1.000000 1.000000
vt 0.000000 1.000000
vt 0.000000 0.000000
vt 1.000000 0.000000
vt 1.000000 1.000000
vt 0.000000 1.000000
vt 0.000000 0.000000
vt 1.000000 0.000000
vt 1.000000 1.000000
vt 0.000000 1.000000
vt 0.000000 0.000000
vt 1.000000 0.000000
vt 1.000000 1.000000
vt 0.000000 1.000000
vt 0.000000 0.000000
vt 1.000000 0.000000
vt 1.000000 1.000000
vt 0.000000 1.000000
vt 0.000000 0.000000
vt 1.000000 0.000000
vt 1.000000 1.000000
vt 0.000000 1.000000
vt 0.000000 0.000000
vt 1.000000 0.000000
vt 1.000000 1.000000
vt 0.000000 1.000000
vt 0.000000 0.000000
vt 1.000000 0.000000
vt 1.000000 1.000000
vt 0.000000 1.000000
vt 0.000000 0.000000
vt 1.000000 0.000000
vt 1.000000 1.000000
vt 0.000000 1.000000
vt 0.000000 0.000000
vt 1.000000 0.000000
vt 1.000000 1.000000
vt 0.000000 1.000000
vt 0.000000 0.000000
vt 1.000000 0.000000
vt 1.000000 1.000000
vt 0.000000 1.000000
vt 0.000000 0.000000
vt 1.000000 0.000000
vt 1.000000 1.000000
vt 0.000000 1.000000
vt 0.000000 0.000000
vt 1.000000 0.000000
vt 1.000000 1.000000
vt 0.000000 1.000000
vt 0.000000 0.000000
vt 1.000000 0.000000
vt 1.000000 1.000000
vt 0.000000 1.000000
vt 0.000000 0.000000
vt 1.000000 0.000000
vt 1.000000 1.000000
vt 0.000000 1.000000
vt 0.000000 0.000000
vt 1.000000 0.000000
vt 1.000000 1.000000
vt 0.000000 1.000000
vt 0.000000 0.000000
vt 1.000000 0.000000
vt 1.000000 1.000000
vt 0.000000 1.000000
vt 0.000000 0.000000
vt 1.000000 0.000000
vt 1.000000 1.000000
vt 0.000000 1.000000
vt 0.000000 0.000000
vt 1.000000 0.000000
vt 1.000000 1.000000
vt 0.000000 1.000000
vt 0.000000 0.000000
vt 1.000000 0.000000
vt 1.000000 1.000000
vt 0.000000 1.000000
vt 0.000000 0.000000
vt 1.000000 0.000000
vt 1.000000 1.000000
vt 0.000000 1.000000
vt 0.000000 0.000000
vt 1.000000 0.000000
vt 1.000000 1.000000
vt 0.000000 1.000000
vt 0.000000 0.000000
vt 1.000000 0.000000
vt 1.000000 1.000000
vt 0.000000 1.000000
vt 0.000000 0.000000
vt 1.000000 0.000000
vt 1.000000 1.000000
vt 0.000000 1.000000
vt 0.000000 0.000000
vt 1.000000 0.000000
vt 1.000000 1.000000
vt 0.000000 1.000000
vt 0.000000 0.000000
vt 1.000000 0.000000
vt 1.000000 1.000000
vt 0.000000 1.000000
vt 0.000000 0.000000
vt 1.000000 0.000000
vt 1.000000 1.000000
vt 0.000000 1.000000
vt 0.000000 0.000000
vt 1.000000 0.000000
vt 1.000000 1.000000
vt 0.000000 1.000000
vt 0.000000 0.000000
vt 1.000000 0.000000
vt 1.000000 1.000000
vt 0.000000 1.000000
vt 0.000000 0.000000
vt 1.000000 0.000000
vt 1.000000 1.000000
vt 0.000000 1.000000
vt 0.000000 0.000000
vt 1.000000 0.000000
vt 1.000000 1.000000
vt 0.000000 1.000000
vt 0.000000 0.000000
vt 1.000000 0.000000
vt 1.000000 1.000000
vt 0.000000 1.000000
vt 0.000000 0.000000
vt 1.000000 0.000000
vt 1.000000 1.000000
vt 0.000000 1.000000
vt 0.000000 0.000000
vt 1.000000 0.000000
vt 1.000000 1.000000
vt 0.000000 1.000000
vt 0.000000 0.000000
vt 1.000000 0.000000
vt 1.000000 1.000000
vt 0.000000 1.000000
vt 0.000000 0.000000
vt 1.000000 0.000000
vt 1.000000 1.000000
vt 0.000000 1.000000
vt 0.000000 0.000000
vt 1.000000 0.000000
vt 1.000000 1.000000
vt 0.000000 1.000000
vt 0.000000 0.000000
vt 1.000000 0.000000
vt 1.000000 1.000000
vt 0.000000 1.000000
vt 0.000000 0.000000
vt 1.000000 0.000000
vt 1.000000 1.000000
vt 0.000000 1.000000
vt 0.000000 0.000000
vt 1.000000 0.000000
vt 1.000000 1.000000
vt 0.000000 1.000000
vt 0.000000 0.000000
vt 1.000000 0.000000
vt 1.000000 1.000000
vt 0.000000 1.000000
vt 0.000000 0.000000
vt 1.000000 0.000000
vt 1.000000 1.000000
vt 0.000000 1.000000
vt 0.000000 0.000000
vt 1.000000 0.000000
vt 1.000000 1.000000
vt 0.000000 1.000000
vt 0.000000 0.000000
vt 1.000000 0.000000
vt 1.000000 1.000000
vt 0.000000 1.000000
vt 0.000000 0.000000
vt 1.000000 0.000000
vt 1.000000 1.000000
vt 0.000000 1.000000
vt 0.000000 0.000000
vt 1.000000 0.000000
vt 1.000000 1.000000
vt 0.000000 1.000000
vt 0.000000 0.000000
vt 1.000000 0.000000
vt 1.000000 1.000000
vt 0.000000 1.000000
vt 0.000000 0.000000
vt 1.000000 0.000000
vt 1.000000 1.000000
vt 0.000000 1.000000
vt 0.000000 0.000000
vt 1.000000 0.000000
vt 1.000000 1.000000
vt 0.000000 1.000000
vt 0.000000 0.000000
vt 1.000000 0.000000
vt 1.000000 1.000000
vt 0.000000 1.000000
vt 0.000000 0.000000
vt 1.000000 0.000000
vt 1.000000 1.000000
vt 0.000000 1.000000
vt 0.000000 0.000000
vt 1.000000 0.000000
vt 1.000000 1.000000
vt 0.000000 1.000000
vt 0.000000 0.000000
vt 1.000000 0.000000
vt 1.000000 1.000000
vt 0.000000 1.000000
vt 0.000000 0.000000
vt 1.000000 0.000000
vt 1.000000 1.000000
vt 0.000000 1.000000
vt 0.000000 0.000000
vt 1.000000 0.000000
vt 1.000000 1.000000
vt 0.000000 1.000000
vt 0.000000 0.000000
vt 1.000000 0.000000
vt 1.000000 1.000000
vt 0.000000 1.000000
vt 0.000000 0.000000
vt 1.000000 0.000000
vt 1.000000 1.000000
vt 0.000000 1.000000
vt 0.000000 0.000000
vt 1.000000 0.000000
vt 1.000000 1.000000
vt 0.000000 1.000000
vt 0.000000 0.000000
vt 1.000000 0.000000
vt 1.000000 1.000000
vt 0.000000 1.000000
vt 0.000000 0.000000
vt 1.000000 0.000000
vt 1.000000 1.000000
vt 0.000000 1.000000
vt 0.000000 0.000000
vt 1.000000 0.000000
vt 1.000000 1.000000
vt 0.000000 1.000000
vt 0.000000 0.000000
vt 1.000000 0.000000
vt 1.000000 1.000000
vt 0.000000 1.000000
vt 0.000000 0.000000
vt 1.000000 0.000000
vt 1.000000 1.000000
vt 0.000000 1.000000
vt 0.000000 0.000000
vt 1.000000 0.000000
vt 1.000000 1.000000
vt 0.000000 1.000000
vt 0.000000 0.000000
vt 1.000000 0.000000
vt 1.000000 1.000000
vt 0.000000 1.000000
vt 0.000000 0.000000
vt 1.000000 0.000000
vt 1.000000 1.000000
vt 0.000000 1.000000
vt 0.000000 0.000000
vt 1.000000 0.000000
vt 1.000000 1.000000
vt 0.000000 1.000000
vt 0.000000 0.000000
vt 1.000000 0.000000
vt 1.000000 1.000000
vt 0.000000 1.000000
vt 0.000000 0.000000
vt 1.000000 0.000000
vt 1.000000 1.000000
vt 0.000000 1.000000
vt 0.000000 0.000000
vt 1.000000 0.000000
vt 1.000000 1.000000
vt 0.000000 1.000000
vt 0.000000 0.000000
vt 1.000000 0.000000
vt 1.000000 1.000000
vt 0.000000 1.000000
vt 0.000000 0.000000
vt 1.000000 0.000000
vt 1.000000 1.000000
vt 0.000000 1.000000
vt 0.000000 0.000000
vt 1.000000 0.000000
vt 1.000000 1.000000
vt 0.000000 1.000000
vt 0.000000 0.000000
vt 1.000000 0.000000
vt 1.000000 1.000000
vt 0.000000 1.000000
vt 0.000000 0.000000
vt 1.000000 0.000000
vt 1.000000 1.000000
vt 0.000000 1.000000
vt 0.000000 0.000000
vt 1.000000 0.000000
vt 1.000000 1.000000
vt 0.000000 1.000000
vt 0.000000 0.000000
vt 1.000000 0.000000
vt 1.000000 1.000000
vt 0.000000 1.000000
vt 0.000000 0.000000
vt 1.000000 0.000000
vt 1.000000 1.000000
vt 0.000000 1.000000
vt 0.000000 0.000000
vt 1.000000 0.000000
vt 1.000000 1.000000
vt 0.000000 1.000000
vt 0.000000 0.000000
vt 1.000000 0.000000
vt 1.000000 1.000000
vt 0.000000 1.000000
vt 0.000000 0.000000
vt 1.000000 0.000000
vt 1.000000 1.000000
vt 0.000000 1.000000
vt 0.000000 0.000000
vt 1.000000 0.000000
vt 1.000000 1.000000
vt 0.000000 1.000000
vt 0.000000 0.000000
vt 1.000000 0.000000
vt 1.000000 1.000000
vt 0.000000 1.000000
vt 0.000000 0.000000
vt 1.000000 0.000000
vt 1.000000 1.000000
vt 0.000000 1.000000
vt 0.000000 0.000000
vt 1.000000 0.000000
vt 1.000000 1.000000
vt 0.000000 1.000000
vt 0.000000 0.000000
vt 1.000000 0.000000
vt 1.000000 1.000000
vt 0.000000 1.000000
vt 0.000000 0.000000
vt 1.000000 0.000000
vt 1.000000 1.000000
vt 0.000000 1.000000
vt 0.000000 0.000000
vt 1.000000 0.000000
vt 1.000000 1.000000
vt 0.000000 1.000000
vt 0.000000 0.000000
vt 1.000000 0.000000
vt 1.000000 1.000000
vt 0.000000 1.000000
vt 0.000000 0.000000
vt 1.000000 0.000000
vt 1.000000 1.000000
vt 0.000000 1.000000
vt 0.000000 0.000000
vt 1.000000 0.000000
vt 1.000000 1.000000
vt 0.000000 1.000000
vt 0.000000 0.000000
vt 1.000000 0.000000
vt 1.000000 1.000000
vt 0.000000 1.000000
vt 0.000000 0.000000
vt 1.000000 0.000000
vt 1.000000 1.000000
vt 0.000000 1.000000
vt 0.000000 0.000000
vt 1.000000 0.000000
vt 1.000000 1.000000
vt 0.000000 1.000000
vt 0.000000 0.000000
vt 1.000000 0.000000
vt 1.000000 1.000000
vt 0.000000 1.000000
vt 0.000000 0.000000
vt 1.000000 0.000000
vt 1.000000 1.000000
vt 0.000000 1.000000
vt 0.000000 0.000000
vt 1.000000 0.000000
vt 1.000000 1.000000
vt 0.000000 1.000000
vt 0.000000 0.000000
vt 1.000000 0.000000
vt 1.000000 1.000000
vt 0.000000 1.000000
vt 0.000000 0.000000
vt 1.000000 0.000000
vt 1.000000 1.000000
vt 0.000000 1.000000
vt 0.000000 0.000000
vt 1.000000 0.000000
vt 1.000000 1.000000
vt 0.000000 1.000000
vt 0.000000 0.000000
vt 1.000000 0.000000
vt 1.000000 1.000000
vt 0.000000 1.000000
vt 0.000000 0.000000
vt 1.000000 0.000000
vt 1.000000 1.000000
vt 0.000000 1.000000
vt 0.000000 0.000000
vt 1.000000 0.000000
vt 1.000000 1.000000
vt 0.000000 1.000000
vt 0.000000 0.000000
vt 1.000000 0.000000
vt 1.000000 1.000000
vt 0.000000 1.000000
vt 0.000000 0.000000
vt 1.000000 0.000000
vt 1.000000 1.000000
vt 0.000000 1.000000
vt 0.000000 0.000000
vt 1.000000 0.000000
vt 1.000000 1.000000
vt 0.000000 1.000000
vt 0.000000 0.000000
vt 1.000000 0.000000
vt 1.000000 1.000000
vt 0.000000 1.000000
vt 0.000000 0.000000
vt 1.000000 0.000000
vt 1.000000 1.000000
vt 0.000000 1.000000
vt 0.000000 0.000000
vt 1.000000 0.000000
vt 1.000000 1.000000
vt 0.000000 1.000000
vt 0.000000 0.000000
vt 1.000000 0.000000
vt 1.000000 1.000000
vt 0.000000 1.000000
vt 0.000000 0.000000
vt 1.000000 0.000000
vt 1.000000 1.000000
vt 0.000000 1.000000
vt 0.000000 0.000000
vt 1.000000 0.000000
vt 1.000000 1.000000
vt 0.000000 1.000000
vt 0.000000 0.000000
vt 1.000000 0.000000
vt 1.000000 1.000000
vt 0.000000 1.000000
vt 0.000000 0.000000
vt 1.000000 0.000000
vt 1.000000 1.000000
vt 0.000000 1.000000
vt 0.000000 0.000000
vt 1.000000 0.000000
vt 1.000000 1.000000
vt 0.000000 1.000000
vt 0.000000 0.000000
vt 1.000000 0.000000
vt 1.000000 1.000000
vt 0.000000 1.000000
vt 0.000000 0.000000
vt 1.000000 0.000000
vt 1.000000 1.000000
vt 0.000000 1.000000
vt 0.000000 0.000000
vt 1.000000 0.000000
vt 1.000000 1.000000
vt 0.000000 1.000000
vt 0.000000 0.000000
vt 1.000000 0.000000
vt 1.000000 1.000000
vt 0.000000 1.000000
vt 0.000000 0.000000
vt 1.000000 0.000000
vt 1.000000 1.000000
vt 0.000000 1.000000
vt 0.000000 0.000000
vt 1.000000 0.000000
vt 1.000000 1.000000
vt 0.000000 1.000000
vt 0.000000 0.000000
vt 1.000000 0.000000
vt 1.000000 1.000000
vt 0.000000 1.000000
vt 0.000000 0.000000
vt 1.000000 0.000000
vt 1.000000 1.000000
vt 0.000000 1.000000
vt 0.000000 0.000000
vt 1.000000 0.000000
vt 1.000000 1.000000
vt 0.000000 1.000000
vt 0.000000 0.000000
vt 1.000000 0.000000
vt 1.000000 1.000000
vt 0.000000 1.000000
vt 0.000000 0.000000
vt 1.000000 0.000000
vt 1.000000 1.000000
vt 0.000000 1.000000
vt 0.000000 0.000000
vt 1.000000 0.000000
vt 1.000000 1.000000
vt 0.000000 1.000000
vt 0.000000 0.000000
vt 1.000000 0.000000
vt 1.000000 1.000000
vt 0.000000 1.000000
vt 0.000000 0.000000
vt 1.000000 0.000000
vt 1.000000 1.000000
vt 0.000000 1.000000
vt 0.000000 0.000000
vt 1.000000 0.000000
vt 1.000000 1.000000
vt 0.000000 1.000000
vt 0.000000 0.000000
vt 1.000000 0.000000
vt 1.000000 1.000000
vt 0.000000 1.000000
vt 0.000000 0.000000
vt 1.000000 0.000000
vt 1.000000 1.000000
vt 0.000000 1.000000
vt 0.000000 0.000000
vt 1.000000 0.000000
vt 1.000000 1.000000
vt 0.000000 1.000000
vt 0.000000 0.000000
vt 1.000000 0.000000
vt 1.000000 1.000000
vt 0.000000 1.000000
vt 0.000000 0.000000
vt 1.000000 0.000000
vt 1.000000 1.000000
vt 0.000000 1.000000
vt 0.000000 0.000000
vt 1.000000 0.000000
vt 1.000000 1.000000
vt 0.000000 1.000000
vt 0.000000 0.000000
vt 1.000000 0.000000
vt 1.000000 1.000000
vt 0.000000 1.000000
vt 0.000000 0.000000
vt 1.000000 0.000000
vt 1.000000 1.000000
vt 0.000000 1.000000
vt 0.000000 0.000000
vt 1.000000 0.000000
vt 1.000000 1.000000
vt 0.000000 1.000000
vt 0.000000 0.000000
vt 1.000000 0.000000
vt 1.000000 1.000000
vt 0.000000 1.000000
vt 0.000000 0.000000
vt 1.000000 0.000000
vt 1.000000 1.000000
vt 0.000000 1.000000
vt 0.000000 0.000000
vt 1.000000 0.000000
vt 1.000000 1.000000
vt 0.000000 1.000000
vt 0.000000 0.000000
vt 1.000000 0.000000
vt 1.000000 1.000000
vt 0.000000 1.000000
vt 0.000000 0.000000
vt 1.000000 0.000000
vt 1.000000 1.000000
vt 0.000000 1.000000
vt 0.000000 0.000000
vt 1.000000 0.000000
vt 1.000000 1.000000
vt 0.000000 1.000000
vt 0.000000 0.000000
vt 1.000000 0.000000
vt 1.000000 1.000000
vt 0.000000 1.000000
vt 0.000000 0.000000
vt 1.000000 0.000000
vt 1.000000 1.000000
vt 0.000000 1.000000
vt 0.000000 0.000000
vt 1.000000 0.000000
vt 1.000000 1.000000
vt 0.000000 1.000000
vt 0.000000 0.000000
vt 1.000000 0.000000
vt 1.000000 1.000000
vt 0.000000 1.000000
vt 0.000000 0.000000
vt 1.000000 0.000000
vt 1.000000 1.000000
vt 0.000000 1.000000
vt 0.000000 0.000000
vt 1.000000 0.000000
vt 1.000000 1.000000
vt 0.000000 1.000000
vt 0.000000 0.000000
vt 1.000000 0.000000
vt 1.000000 1.000000
vt 0.000000 1.000000
vn 0.000000 1.000000 0.000000
vn 0.000000 1.000000 0.000000
vn 0.000000 1.000000 0.000000
vn 0.000000 1.000000 0.000000
vn 0.000000 1.000000 0.000000
vn 0.000000 1.000000 0.000000
vn 0.000000 1.000000 0.000000
vn 0.000000 1.000000 0.000000
vn 0.000000 1.000000 0.000000
vn 0.000000 1.000000 0.000000
vn 0.000000 1.000000 0.000000
vn 0.000000 1.000000 0.000000
vn 0.000000 1.000000 -0.000000
vn 0.000000 1.000000 -0.000000
vn 0.000000 1.000000 -0.000000
vn 0.000000 1.000000 -0.000000
vn 0.000000 1.000000 -0.000000
vn 0.000000 1.000000 -0.000000
vn 0.000000 1.000000 -0.000000
vn 0.000000 1.000000 -0.000000
vn 0.000000 1.000000 -0.000000
vn 0.000000 1.000000 0.000000
vn 0.000000 1.000000 0.000000
vn 0.000000 1.000000 0.000000
vn 0.000000 1.000000 0.000000
vn 0.000000 1.000000 0.000000
vn 0.000000 1.000000 0.000000
vn 0.000000 1.000000 0.000000
vn 0.000000 1.000000 0.000000
vn 0.000000 1.000000 0.000000
vn 0.000000 1.000000 0.000000
vn 0.000000 1.000000 0.000000
vn 0.000000 1.000000 0.000000
vn 0.000000 1.000000 -0.000000
vn 0.000000 1.000000 -0.000000
vn 0.000000 1.000000 -0.000000
vn 0.000000 1.000000 0.000000
vn 0.000000 1.000000 0.000000
vn 0.000000 1.000000 0.000000
vn 0.000000 1.000000 0.000000
vn 0.000000 1.000000 0.000000
vn 0.000000 1.000000 0.000000
vn 0.000000 1.000000 0.000000
vn 0.000000 1.000000 0.000000
vn 0.000000 1.000000 0.000000
vn 0.000000 1.000000 0.000000
vn 0.000000 1.000000 0.000000
vn 0.000000 1.000000 0.000000
vn 0.000000 1.000000 -0.000000
vn 0.000000 1.000000 -0.000000
vn 0.000000 1.000000 -0.000000
vn 0.000000 1.000000 0.000000
vn 0.000000 1.000000 0.000000
vn 0.000000 1.000000 0.000000
vn 0.000000 1.000000 -0.000000
vn 0.000000 1.000000 -0.000000
vn 0.000000 1.000000 -0.000000
vn 0.000000 1.000000 0.000000
vn 0.000000 1.000000 0.000000
vn 0.000000 1.000000 0.000000
vn 0.000000 1.000000 0.000000
vn 0.000000 1.000000 0.000000
vn 0.000000 1.000000 0.000000
vn 0.000000 1.000000 0.000000
vn 0.000000 1.000000 0.000000
vn 0.000000 1.000000 0.000000
vn 0.000000 1.000000 0.000000
vn 0.000000 1.000000 0.000000
vn 0.000000 1.000000 0.000000
vn 0.000000 1.000000 0.000000
vn 0.000000 1.000000 0.000000
vn 0.000000 1.000000 0.000000
vn 0.000000 1.000000 0.000000
vn 0.000000 1.000000 0.000000
vn 0.000000 1.000000 0.000000
vn 0.000000 1.000000 0.000000
vn 0.000000 1.000000 0.000000
vn 0.000000 1.000000 0.000000
vn 0.000000 1.000000 0.000000
vn 0.000000 1.000000 0.000000
vn 0.000000 1.000000 0.000000
vn 0.000000 1.000000 0.000000
vn 0.000000 1.000000 0.000000
vn 0.000000 1.000000 0.000000
vn 0.000000 1.000000 0.000000
vn 0.000000 1.000000 0.000000
vn 0.000000 1.000000 0.000000
vn 0.000000 1.000000 0.000000
vn 0.000000 1.000000 0.000000
vn 0.000000 1.000000 0.000000
vn 0.000000 1.000000 0.000000
vn 0.000000 1.000000 0.000000
vn 0.000000 1.000000 0.000000
vn 0.000000 1.000000 0.000000
vn 0.000000 1.000000 0.000000
vn 0.000000 1.000000 0.000000
vn 0.000000 1.000000 0.000000
vn 0.000000 1.000000 0.000000
vn 0.000000 1.000000 0.000000
vn 0.000000 1.000000 0.000000
vn 0.000000 1.000000 0.000000
vn 0.000000 1.000000 0.000000
vn 0.000000 1.000000 0.000000
vn 0.000000 1.000000 0.000000
vn 0.000000 1.000000 0.000000
vn 0.000000 1.000000 0.000000
vn 0.000000 1.000000 0.000000
vn 0.000000 1.000000 0.000000
vn 0.000000 1.000000 0.000000
vn 0.000000 1.000000 0.000000
vn 0.000000 1.000000 0.000000
vn 0.000000 1.000000 0.000000
vn 0.000000 1.000000 0.000000
vn 0.000000 1.000000 0.000000
vn 0.000000 1.000000 0.000000
vn 0.000000 1.000000 0.000000
vn 0.000000 1.000000 0.000000
vn 0.000000 1.000000 0.000000
vn 0.000000 1.000000 0.000000
vn 0.000000 1.000000 0.000000
vn 0.000000 1.000000 0.000000
vn 0.000000 1.000000 0.000000
vn 0.000000 1.000000 0.000000
vn 0.000000 1.000000 -0.000000
vn 0.000000 1.000000 -0.000000
vn 0.000000 1.000000 -0.000000
vn 0.000000 1.000000 0.000000
vn 0.000000 1.000000 0.000000
vn 0.000000 1.000000 0.000000
vn 0.000000 1.000000 0.000000
vn 0.000000 1.000000 0.000000
vn 0.000000 1.000000 0.000000
vn 0.000000 1.000000 0.000000
vn 0.000000 1.000000 0.000000
vn 0.000000 1.000000 0.000000
vn 0.000000 1.000000 0.000000
vn 0.000000 1.000000 0.000000
vn 0.000000 1.000000 0.000000
vn 0.000000 1.000000 0.000000
vn 0.000000 1.000000 0.000000
vn 0.000000 1.000000 0.000000
vn 0.000000 1.000000 0.000000
vn 0.000000 1.000000 0.000000
vn 0.000000 1.000000 0.000000
vn 0.000000 1.000000 0.000000
vn 0.000000 1.000000 0.000000
vn 0.000000 1.000000 0.000000
vn 0.000000 1.000000 0.000000
vn 0.000000 1.000000 0.000000
vn 0.000000 1.000000 0.000000
vn 0.000000 1.000000 0.000000
vn 0.000000 1.000000 0.000000
vn 0.000000 1.000000 0.000000
vn 0.000000 1.000000 0.000000
vn 0.000000 1.000000 0.000000
vn 0.000000 1.000000 0.000000
vn 0.000000 1.000000 -0.000000
vn 0.000000 1.000000 -0.000000
vn 0.000000 1.000000 -0.000000
vn 0.000000 1.000000 -0.000000
vn 0.000000 1.000000 -0.000000
vn 0.000000 1.000000 -0.000000
vn 0.000000 1.000000 0.000000
vn 0.000000 1.000000 0.000000
vn 0.000000 1.000000 0.000000
vn 0.000000 1.000000 0.000000
vn 0.000000 1.000000 0.000000
vn 0.000000 1.000000 0.000000
vn 0.000000 1.000000 0.000000
vn 0.000000 1.000000 0.000000
vn 0.000000 1.000000 0.000000
vn 0.000000 1.000000 -0.000000
vn 0.000000 1.000000 -0.000000
vn 0.000000 1.000000 -0.000000
vn 0.000000 1.000000 0.000000
vn 0.000000 1.000000 0.000000
vn 0.000000 1.000000 0.000000
vn 0.000000 1.000000 0.000000
vn 0.000000 1.000000 0.000000
vn 0.000000 1.000000 0.000000
vn 0.000000 1.000000 0.000000
vn 0.000000 1.000000 0.000000
vn 0.000000 1.000000 0.000000
vn 0.000000 1.000000 0.000000
vn 0.000000 1.000000 0.000000
vn 0.000000 1.000000 0.000000
vn 0.000000 1.000000 0.000000
vn 0.000000 1.000000 0.000000
vn 0.000000 1.000000 0.000000
vn 0.000000 1.000000 -0.000000
vn 0.000000 1.000000 -0.000000
vn 0.000000 1.000000 -0.000000
vn 0.000000 1.000000 -0.000000
vn 0.000000 1.000000 -0.000000
vn 0.000000 1.000000 -0.000000
vn 0.000000 1.000000 0.000000
vn 0.000000 1.000000 0.000000
vn 0.000000 1.000000 0.000000
vn 0.000000 1.000000 -0.000000
vn 0.000000 1.000000 -0.000000
vn 0.000000 1.000000 -0.000000
vn 0.000000 1.000000 0.000001
vn 0.000000 1.000000 0.000001
vn 0.000000 1.000000 0.000001
vn 0.000000 1.000000 0.000000
vn 0.000000 1.000000 0.000000
vn 0.000000 1.000000 0.000000
vn 0.000000 1.000000 -0.000000
vn 0.000000 1.000000 -0.000000
vn 0.000000 1.000000 -0.000000
vn 0.000000 1.000000 0.000000
vn 0.000000 1.000000 0.000000
vn 0.000000 1.000000 0.000000
vn 0.000000 1.000000 0.000000
vn 0.000000 1.000000 0.000000
vn 0.000000 1.000000 0.000000
vn 0.000000 1.000000 0.000000
vn 0.000000 1.000000 0.000000
vn 0.000000 1.000000 0.000000
vn 0.000000 1.000000 0.000000
vn 0.000000 1.000000 0.000000
vn 0.000000 1.000000 0.000000
vn 0.000000 1.000000 0.000000
vn 0.000000 1.000000 0.000000
vn 0.000000 1.000000 0.000000
vn 0.000000 1.000000 -0.000000
vn 0.000000 1.000000 -0.000000
vn 0.000000 1.000000 -0.000000
vn 0.000000 1.000000 -0.000000
vn 0.000000 1.000000 -0.000000
vn 0.000000 1.000000 -0.000000
vn 0.000000 1.000000 0.000000
vn 0.000000 1.000000 0.000000
vn 0.000000 1.000000 0.000000
vn 0.000000 1.000000 0.000000
vn 0.000000 1.000000 0.000000
vn 0.000000 1.000000 0.000000
vn 0.000000 1.000000 0.000000
vn 0.000000 1.000000 0.000000
vn 0.000000 1.000000 0.000000
vn 0.000000 1.000000 -0.000000
vn 0.000000 1.000000 -0.000000
vn 0.000000 1.000000 -0.000000
vn 0.000000 1.000000 0.000000
vn 0.000000 1.000000 0.000000
vn 0.000000 1.000000 0.000000
vn 0.000000 1.000000 0.000000
vn 0.000000 1.000000 0.000000
vn 0.000000 1.000000 0.000000
vn 0.000000 1.000000 0.000000
vn 0.000000 1.000000 0.000000
vn 0.000000 1.000000 0.000000
vn 0.000000 1.000000 0.000000
vn 0.000000 1.000000 0.000000
vn 0.000000 1.000000 0.000000
vn 0.000000 1.000000 0.000000
vn 0.000000 1.000000 0.000000
vn 0.000000 1.000000 0.000000
vn 0.000000 1.000000 0.000000
vn 0.000000 1.000000 0.000000
vn 0.000000 1.000000 0.000000
vn 0.000000 1.000000 0.000000
vn 0.000000 1.000000 0.000000
vn 0.000000 1.000000 0.000000
vn 0.000000 1.000000 0.000000
vn 0.000000 1.000000 0.000000
vn 0.000000 1.000000 0.000000
vn 0.000000 1.000000 0.000001
vn 0.000000 1.000000 0.000001
vn 0.000000 1.000000 0.000001
vn 0.000000 1.000000 0.000000
vn 0.000000 1.000000 0.000000
vn 0.000000 1.000000 0.000000
vn 0.000000 1.000000 0.000000
vn 0.000000 1.000000 0.000000
vn 0.000000 1.000000 0.000000
vn 0.000000 1.000000 0.000000
vn 0.000000 1.000000 0.000000
vn 0.000000 1.000000 0.000000
vn 0.000000 1.000000 0.000000
vn 0.000000 1.000000 0.000000
vn 0.000000 1.000000 0.000000
vn 0.000000 1.000000 0.000000
vn 0.000000 1.000000 0.000000
vn 0.000000 1.000000 0.000000
vn 0.000000 1.000000 -0.000000
vn 0.000000 1.000000 -0.000000
vn 0.000000 1.000000 -0.000000
vn 0.000000 1.000000 0.000000
vn 0.000000 1.000000 0.000000
vn 0.000000 1.000000 0.000000
vn 0.000000 1.000000 0.000000
vn 0.000000 1.000000 0.000000
vn 0.000000 1.000000 0.000000
vn 0.000000 1.000000 -0.000000
vn 0.000000 1.000000 -0.000000
vn 0.000000 1.000000 -0.000000
vn 0.000000 1.000000 -0.000000
vn 0.000000 1.000000 -0.000000
vn 0.000000 1.000000 -0.000000
vn 0.000000 1.000000 0.000000
vn 0.000000 1.000000 0.000000
vn 0.000000 1.000000 0.000000
vn 0.000000 1.000000 0.000000
vn 0.000000 1.000000 0.000000
vn 0.000000 1.000000 0.000000
vn 0.000000 1.000000 -0.000000
vn 0.000000 1.000000 -0.000000
vn 0.000000 1.000000 -0.000000
vn 0.000000 1.000000 0.000000
vn 0.000000 1.000000 0.000000
vn 0.000000 1.000000 0.000000
vn 0.000000 1.000000 -0.000000
vn 0.000000 1.000000 -0.000000
vn 0.000000 1.000000 -0.000000
vn 0.000000 1.000000 0.000000
vn 0.000000 1.000000 0.000000
vn 0.000000 1.000000 0.000000
vn 0.000000 1.000000 0.000000
vn 0.000000 1.000000 0.000000
vn 0.000000 1.000000 0.000000
vn 0.000000 1.000000 0.000000
vn 0.000000 1.000000 0.000000
vn 0.000000 1.000000 0.000000
vn 0.000000 1.000000 0.000000
vn 0.000000 1.000000 0.000000
vn 0.000000 1.000000 0.000000
vn 0.000000 1.000000 0.000000
vn 0.000000 1.000000 0.000000
vn 0.000000 1.000000 0.000000
vn 0.000000 1.000000 0.000000
vn 0.000000 1.000000 0.000000
vn 0.000000 1.000000 0.000000
vn 0.000000 1.000000 0.000000
vn 0.000000 1.000000 0.000000
vn 0.000000 1.000000 0.000000
vn 0.000000 1.000000 0.000000
vn 0.000000 1.000000 0.000000
vn 0.000000 1.000000 0.000000
vn 0.000000 1.000000 0.000000
vn 0.000000 1.000000 0.000000
vn 0.000000 1.000000 0.000000
vn 0.000000 1.000000 0.000000
vn 0.000000 1.000000 0.000000
vn 0.000000 1.000000 0.000000
vn 0.000000 1.000000 0.000001
vn 0.000000 1.000000 0.000001
vn 0.000000 1.000000 0.000001
vn 0.000000 1.000000 0.000000
vn 0.000000 1.000000 0.000000
vn 0.000000 1.000000 0.000000
vn 0.000000 1.000000 0.000000
vn 0.000000 1.000000 0.000000
vn 0.000000 1.000000 0.000000
vn 0.000000 1.000000 0.000000
vn 0.000000 1.000000 0.000000
vn 0.000000 1.000000 0.000000
vn 0.000000 1.000000 0.000000
vn 0.000000 1.000000 0.000000
vn 0.000000 1.000000 0.000000
vn 0.000000 1.000000 0.000000
vn 0.000000 1.000000 0.000000
vn 0.000000 1.000000 0.000000
vn 0.000000 1.000000 0.000000
vn 0.000000 1.000000 0.000000
vn 0.000000 1.000000 0.000000
vn 0.000000 1.000000 0.000000
vn 0.000000 1.000000 0.000000
vn 0.000000 1.000000 0.000000
vn 0.000000 1.000000 0.000000
vn 0.000000 1.000000 0.000000
vn 0.000000 1.000000 0.000000
vn 0.000000 1.000000 -0.000000
vn 0.000000 1.000000 -0.000000
vn 0.000000 1.000000 -0.000000
vn 0.000000 1.000000 -0.000000
vn 0.000000 1.000000 -0.000000
vn 0.000000 1.000000 -0.000000
vn 0.000000 1.000000 0.000000
vn 0.000000 1.000000 0.000000
vn 0.000000 1.000000 0.000000
vn 0.000000 1.000000 0.000000
vn 0.000000 1.000000 0.000000
vn 0.000000 1.000000 0.000000
vn 0.000000 1.000000 0.000000
vn 0.000000 1.000000 0.000000
vn 0.000000 1.000000 0.000000
vn 0.000000 1.000000 0.000000
vn 0.000000 1.000000 0.000000
vn 0.000000 1.000000 0.000000
vn 0.000000 1.000000 0.000000
vn 0.000000 1.000000 0.000000
vn 0.000000 1.000000 0.000000
vn 0.000000 1.000000 0.000000
vn 0.000000 1.000000 0.000000
vn 0.000000 1.000000 0.000000
vn 0.000000 1.000000 0.000000
vn 0.000000 1.000000 0.000000
vn 0.000000 1.000000 0.000000
vn 0.000000 1.000000 0.000001
vn 0.000000 1.000000 0.000001
vn 0.000000 1.000000 0.000001
vn 0.000000 1.000000 -0.000000
vn 0.000000 1.000000 -0.000000
vn 0.000000 1.000000 -0.000000
vn 0.000000 1.000000 0.000000
vn 0.000000 1.000000 0.000000
vn 0.000000 1.000000 0.000000
vn 0.000000 1.000000 0.000000
vn 0.000000 1.000000 0.000000
vn 0.000000 1.000000 0.000000
vn 0.000000 1.000000 0.000000
vn 0.000000 1.000000 0.000000
vn 0.000000 1.000000 0.000000
vn 0.000000 1.000000 0.000000
vn 0.000000 1.000000 0.000000
vn 0.000000 1.000000 0.000000
vn 0.000000 1.000000 0.000000
vn 0.000000 1.000000 0.000000
vn 0.000000 1.000000 0.000000
vn 0.000000 1.000000 0.000000
vn 0.000000 1.000000 0.000000
vn 0.000000 1.000000 0.000000
vn 0.000000 1.000000 0.000000
vn 0.000000 1.000000 0.000000
vn 0.000000 1.000000 0.000000
vn 0.000000 1.000000 0.000000
vn 0.000000 1.000000 0.000000
vn 0.000000 1.000000 0.000000
vn 0.000000 1.000000 0.000000
vn 0.000000 1.000000 0.000000
vn 0.000000 1.000000 0.000000
vn 0.000000 1.000000 0.000000
vn 0.000000 1.000000 0.000000
vn 0.000000 1.000000 0.000000
vn 0.000000 1.000000 0.000000
vn 0.000000 1.000000 0.000000
vn 0.000000 1.000000 0.000000
vn 0.000000 1.000000 0.000000
vn 0.000000 1.000000 0.000000
vn 0.000000 1.000000 0.000000
vn 0.000000 1.000000 0.000000
vn 0.000000 1.000000 0.000000
vn 0.000000 1.000000 0.000000
vn 0.000000 1.000000 0.000000
vn 0.000000 1.000000 0.000000
vn 0.000000 1.000000 0.000000
vn 0.000000 1.000000 -0.000000
vn 0.000000 1.000000 -0.000000
vn 0.000000 1.000000 -0.000000
vn 0.000000 1.000000 0.000000
vn 0.000000 1.000000 0.000000
vn 0.000000 1.000000 0.000000
vn 0.000000 1.000000 -0.000000
vn 0.000000 1.000000 -0.000000
vn 0.000000 1.000000 -0.000000
vn 0.000000 1.000000 0.000000
vn 0.000000 1.000000 0.000000
vn 0.000000 1.000000 0.000000
vn 0.000000 1.000000 0.000000
vn 0.000000 1.000000 0.000000
vn 0.000000 1.000000 0.000000
vn 0.000000 1.000000 -0.000000
vn 0.000000 1.000000 -0.000000
vn 0.000000 1.000000 -0.000000
vn 0.000000 1.000000 0.000000
vn 0.000000 1.000000 0.000000
vn 0.000000 1.000000 0.000000
vn 0.000000 1.000000 0.000000
vn 0.000000 1.000000 0.000000
vn 0.000000 1.000000 0.000000
vn 0.000000 1.000000 0.000000
vn 0.000000 1.000000 0.000000
vn 0.000000 1.000000 0.000000
vn 0.000000 1.000000 -0.000000
vn 0.000000 1.000000 -0.000000
vn 0.000000 1.000000 -0.000000
vn 0.000000 1.000000 0.000000
vn 0.000000 1.000000 0.000000
vn 0.000000 1.000000 0.000000
vn 0.000000 1.000000 0.000000
vn 0.000000 1.000000 0.000000
vn 0.000000 1.000000 0.000000
vn 0.000000 1.000000 0.000000
vn 0.000000 1.000000 0.000000
vn 0.000000 1.000000 0.000000
vn 0.000000 1.000000 0.000000
vn 0.000000 1.000000 0.000000
vn 0.000000 1.000000 0.000000
vn 0.000000 1.000000 0.000000
vn 0.000000 1.000000 0.000000
vn 0.000000 1.000000 0.000000
vn 0.000000 1.000000 0.000000
vn 0.000000 1.000000 0.000000
vn 0.000000 1.000000 0.000000
vn 0.000000 1.000000 0.000000
vn 0.000000 1.000000 0.000000
vn 0.000000 1.000000 0.000000
vn 0.000000 1.000000 -0.000000
vn 0.000000 1.000000 -0.000000
vn 0.000000 1.000000 -0.000000
vn 0.000000 1.000000 0.000000
vn 0.000000 1.000000 0.000000
vn 0.000000 1.000000 0.000000
vn 0.000000 1.000000 -0.000001
vn 0.000000 1.000000 -0.000001
vn 0.000000 1.000000 -0.000001
vn 0.000000 1.000000 0.000001
vn 0.000000 1.000000 0.000001
vn 0.000000 1.000000 0.000001
vn 0.000000 1.000000 0.000000
vn 0.000000 1.000000 0.000000
vn 0.000000 1.000000 0.000000
vn 0.000000 1.000000 0.000000
vn 0.000000 1.000000 0.000000
vn 0.000000 1.000000 0.000000
vn 0.000000 1.000000 0.000000
vn 0.000000 1.000000 0.000000
vn 0.000000 1.000000 0.000000
vn 0.000000 1.000000 -0.000000
vn 0.000000 1.000000 -0.000000
vn 0.000000 1.000000 -0.000000
vn 0.000000 1.000000 0.000000
vn 0.000000 1.000000 0.000000
vn 0.000000 1.000000 0.000000
vn 0.000000 1.000000 0.000000
vn 0.000000 1.000000 0.000000
vn 0.000000 1.000000 0.000000
vn 0.000000 1.000000 0.000000
vn 0.000000 1.000000 0.000000
vn 0.000000 1.000000 0.000000
vn 0.000000 1.000000 0.000000
vn 0.000000 1.000000 0.000000
vn 0.000000 1.000000 0.000000
vn 0.000000 1.000000 -0.000000
vn 0.000000 1.000000 -0.000000
vn 0.000000 1.000000 -0.000000
vn 0.000000 1.000000 -0.000000
vn 0.000000 1.000000 -0.000000
vn 0.000000 1.000000 -0.000000
vn 0.000000 1.000000 0.000000
vn 0.000000 1.000000 0.000000
vn 0.000000 1.000000 0.000000
vn 0.000000 1.000000 0.000000
vn 0.000000 1.000000 0.000000
vn 0.000000 1.000000 0.000000
vn 0.000000 1.000000 0.000000
vn 0.000000 1.000000 0.000000
vn 0.000000 1.000000 0.000000
vn 0.000000 1.000000 0.000000
vn 0.000000 1.000000 0.000000
vn 0.000000 1.000000 0.000000
vn 0.000000 1.000000 0.000000
vn 0.000000 1.000000 0.000000
vn 0.000000 1.000000 0.000000
vn 0.000000 1.000000 -0.000001
vn 0.000000 1.000000 -0.000001
vn 0.000000 1.000000 -0.000001
vn 0.000000 1.000000 0.000000
vn 0.000000 1.000000 0.000000
vn 0.000000 1.000000 0.000000
vn 0.000000 1.000000 0.000001
vn 0.000000 1.000000 0.000001
vn 0.000000 1.000000 0.000001
vn 0.000000 1.000000 0.000000
vn 0.000000 1.000000 0.000000
vn 0.000000 1.000000 0.000000
vn 0.000000 1.000000 0.000000
vn 0.000000 1.000000 0.000000
vn 0.000000 1.000000 0.000000
vn 0.000000 1.000000 0.000000
vn 0.000000 1.000000 0.000000
vn 0.000000 1.000000 0.000000
vn 0.000000 1.000000 0.000000
vn 0.000000 1.000000 0.000000
vn 0.000000 1.000000 0.000000
vn 0.000000 1.000000 0.000000
vn 0.000000 1.000000 0.000000
vn 0.000000 1.000000 0.000000
vn 0.000000 1.000000 0.000000
vn 0.000000 1.000000 0.000000
vn 0.000000 1.000000 0.000000
vn 0.000000 1.000000 0.000000
vn 0.000000 1.000000 0.000000
vn 0.000000 1.000000 0.000000
vn 0.000000 1.000000 0.000000
vn 0.000000 1.000000 0.000000
vn 0.000000 1.000000 0.000000
vn 0.000000 1.000000 0.000000
vn 0.000000 1.000000 0.000000
vn 0.000000 1.000000 0.000000
vn 0.000000 1.000000 0.000000
vn 0.000000 1.000000 0.000000
vn 0.000000 1.000000 0.000000
vn 0.000000 1.000000 0.000000
vn 0.000000 1.000000 0.000000
vn 0.000000 1.000000 0.000000
vn 0.000000 1.000000 0.000000
vn 0.000000 1.000000 0.000000
vn 0.000000 1.000000 0.000000
vn 0.000000 1.000000 -0.000000
vn 0.000000 1.000000 -0.000000
vn 0.000000 1.000000 -0.000000
vn 0.000000 1.000000 -0.000000
vn 0.000000 1.000000 -0.000000
vn 0.000000 1.000000 -0.000000
vn 0.000000 1.000000 0.000000
vn 0.000000 1.000000 0.000000
vn 0.000000 1.000000 0.000000
vn 0.000000 1.000000 0.000001
vn 0.000000 1.000000 0.000001
vn 0.000000 1.000000 0.000001
vn 0.000000 1.000000 0.000000
vn 0.000000 1.000000 0.000000
vn 0.000000 1.000000 0.000000
vn 0.000000 1.000000 0.000000
vn 0.000000 1.000000 0.000000
vn 0.000000 1.000000 0.000000
vn 0.000000 1.000000 0.000000
vn 0.000000 1.000000 0.000000
vn 0.000000 1.000000 0.000000
vn 0.000000 1.000000 0.000000
vn 0.000000 1.000000 0.000000
vn 0.000000 1.000000 0.000000
vn 0.000000 1.000000 0.000000
vn 0.000000 1.000000 0.000000
vn 0.000000 1.000000 0.000000
vn 0.000000 1.000000 0.000000
vn 0.000000 1.000000 0.000000
vn 0.000000 1.000000 0.000000
vn 0.000000 1.000000 0.000000
vn 0.000000 1.000000 0.000000
vn 0.000000 1.000000 0.000000
vn 0.000000 1.000000 0.000000
vn 0.000000 1.000000 0.000000
vn 0.000000 1.000000 0.000000
vn 0.000000 1.000000 0.000000
vn 0.000000 1.000000 0.000000
vn 0.000000 1.000000 0.000000
vn 0.000000 1.000000 0.000000
vn 0.000000 1.000000 0.000000
vn 0.000000 1.000000 0.000000
vn 0.000000 1.000000 -0.000002
vn 0.000000 1.000000 -0.000002
vn 0.000000 1.000000 -0.000002
vn 0.000000 1.000000 0.000000
vn 0.000000 1.000000 0.000000
vn 0.000000 1.000000 0.000000
vn 0.000000 1.000000 -0.000000
vn 0.000000 1.000000 -0.000000
vn 0.000000 1.000000 -0.000000
vn 0.000000 1.000000 0.000000
vn 0.000000 1.000000 0.000000
vn 0.000000 1.000000 0.000000
vn 0.000000 1.000000 0.000000
vn 0.000000 1.000000 0.000000
vn 0.000000 1.000000 0.000000
vn 0.000000 1.000000 -0.000001
vn 0.000000 1.000000 -0.000001
vn 0.000000 1.000000 -0.000001
vn 0.000000 1.000000 0.000000
vn 0.000000 1.000000 0.000000
vn 0.000000 1.000000 0.000000
vn 0.000000 1.000000 0.000000
vn 0.000000 1.000000 0.000000
vn 0.000000 1.000000 0.000000
vn 0.000000 1.000000 0.000000
vn 0.000000 1.000000 0.000000
vn 0.000000 1.000000 0.000000
vn 0.000000 1.000000 0.000000
vn 0.000000 1.000000 0.000000
vn 0.000000 1.000000 0.000000
vn 0.000000 1.000000 0.000000
vn 0.000000 1.000000 0.000000
vn 0.000000 1.000000 0.000000
vn 0.000000 1.000000 0.000000
vn 0.000000 1.000000 0.000000
vn 0.000000 1.000000 0.000000
vn 0.000000 1.000000 -0.000000
vn 0.000000 1.000000 -0.000000
vn 0.000000 1.000000 -0.000000
vn 0.000000 1.000000 0.000000
vn 0.000000 1.000000 0.000000
vn 0.000000 1.000000 0.000000
vn 0.000000 1.000000 0.000000
vn 0.000000 1.000000 0.000000
vn 0.000000 1.000000 0.000000
vn 0.000000 1.000000 0.000000
vn 0.000000 1.000000 0.000000
vn 0.000000 1.000000 0.000000
vn 0.000000 1.000000 0.000000
vn 0.000000 1.000000 0.000000
vn 0.000000 1.000000 0.000000
vn 0.000000 1.000000 0.000000
vn 0.000000 1.000000 0.000000
vn 0.000000 1.000000 0.000000
vn 0.000000 1.000000 -0.000000
vn 0.000000 1.000000 -0.000000
vn 0.000000 1.000000 -0.000000
vn 0.000000 1.000000 0.000000
vn 0.000000 1.000000 0.000000
vn 0.000000 1.000000 0.000000
vn 0.000000 1.000000 0.000000
vn 0.000000 1.000000 0.000000
vn 0.000000 1.000000 0.000000
vn 0.000000 1.000000 -0.000000
vn 0.000000 1.000000 -0.000000
vn 0.000000 1.000000 -0.000000
vn 0.000000 1.000000 0.000000
vn 0.000000 1.000000 0.000000
vn 0.000000 1.000000 0.000000
vn 0.000000 1.000000 0.000000
vn 0.000000 1.000000 0.000000
vn 0.000000 1.000000 0.000000
vn 0.000000 1.000000 0.000000
vn 0.000000 1.000000 0.000000
vn 0.000000 1.000000 0.000000
vn 0.000000 1.000000 0.000000
vn 0.000000 1.000000 0.000000
vn 0.000000 1.000000 0.000000
vn 0.000000 1.000000 0.000000
vn 0.000000 1.000000 0.000000
vn 0.000000 1.000000 0.000000
vn 0.000000 1.000000 0.000000
vn 0.000000 1.000000 0.000000
vn 0.000000 1.000000 0.000000
vn 0.000000 1.000000 -0.000000
vn 0.000000 1.000000 -0.000000
vn 0.000000 1.000000 -0.000000
vn 0.000000 1.000000 0.000000
vn 0.000000 1.000000 0.000000
vn 0.000000 1.000000 0.000000
vn 0.000000 1.000000 0.000000
vn 0.000000 1.000000 0.000000
vn 0.000000 1.000000 0.000000
vn 0.000000 1.000000 0.000000
vn 0.000000 1.000000 0.000000
vn 0.000000 1.000000 0.000000
vn 0.000000 1.000000 0.000000
vn 0.000000 1.000000 0.000000
vn 0.000000 1.000000 0.000000
vn 0.000000 1.000000 0.000000
vn 0.000000 1.000000 0.000000
vn 0.000000 1.000000 0.000000
vn 0.000000 1.000000 0.000000
vn 0.000000 1.000000 0.000000
vn 0.000000 1.000000 0.000000
vn 0.000000 1.000000 0.000000
vn 0.000000 1.000000 0.000000
vn 0.000000 1.000000 0.000000
vn 0.000000 1.000000 -0.000000
vn 0.000000 1.000000 -0.000000
vn 0.000000 1.000000 -0.000000
vn 0.000000 1.000000 0.000000
vn 0.000000 1.000000 0.000000
vn 0.000000 1.000000 0.000000
vn 0.000000 1.000000 0.000000
vn 0.000000 1.000000 0.000000
vn 0.000000 1.000000 0.000000
vn 0.000000 1.000000 0.000000
vn 0.000000 1.000000 0.000000
vn 0.000000 1.000000 0.000000
vn 0.000000 1.000000 -0.000000
vn 0.000000 1.000000 -0.000000
vn 0.000000 1.000000 -0.000000
vn 0.000000 1.000000 0.000000
vn 0.000000 1.000000 0.000000
vn 0.000000 1.000000 0.000000
vn 0.000000 1.000000 0.000000
vn 0.000000 1.000000 0.000000
vn 0.000000 1.000000 0.000000
vn 0.000000 1.000000 0.000000
vn 0.000000 1.000000 0.000000
vn 0.000000 1.000000 0.000000
vn 0.000000 1.000000 0.000000
vn 0.000000 1.000000 0.000000
vn 0.000000 1.000000 0.000000
vn 0.000000 1.000000 -0.000000
vn 0.000000 1.000000 -0.000000
vn 0.000000 1.000000 -0.000000
vn 0.000000 1.000000 0.000000
vn 0.000000 1.000000 0.000000
vn 0.000000 1.000000 0.000000
vn 0.000000 1.000000 0.000000
vn 0.000000 1.000000 0.000000
vn 0.000000 1.000000 0.000000
vn 0.000000 1.000000 0.000000
vn 0.000000 1.000000 0.000000
vn 0.000000 1.000000 0.000000
vn 0.000000 1.000000 0.000000
vn 0.000000 1.000000 0.000000
vn 0.000000 1.000000 0.000000
vn 0.000000 1.000000 -0.000000
vn 0.000000 1.000000 -0.000000
vn 0.000000 1.000000 -0.000000
vn 0.000000 1.000000 -0.000000
vn 0.000000 1.000000 -0.000000
vn 0.000000 1.000000 -0.000000
vn 0.000000 1.000000 -0.000001
vn 0.000000 1.000000 -0.000001
vn 0.000000 1.000000 -0.000001
vn 0.000000 1.000000 0.000000
vn 0.000000 1.000000 0.000000
vn 0.000000 1.000000 0.000000
vn 0.000000 1.000000 0.000000
vn 0.000000 1.000000 0.000000
vn 0.000000 1.000000 0.000000
vn 0.000000 1.000000 0.000000
vn 0.000000 1.000000 0.000000
vn 0.000000 1.000000 0.000000
vn 0.000000 1.000000 0.000000
vn 0.000000 1.000000 0.000000
vn 0.000000 1.000000 0.000000
vn 0.000000 1.000000 0.000000
vn 0.000000 1.000000 0.000000
vn 0.000000 1.000000 0.000000
vn 0.000000 1.000000 0.000000
vn 0.000000 1.000000 0.000000
vn 0.000000 1.000000 0.000000
vn 0.000000 1.000000 0.000000
vn 0.000000 1.000000 0.000000
vn 0.000000 1.000000 0.000000
vn 0.000000 1.000000 -0.000000
vn 0.000000 1.000000 -0.000000
vn 0.000000 1.000000 -0.000000
vn 0.000000 1.000000 -0.000000
vn 0.000000 1.000000 -0.000000
vn 0.000000 1.000000 -0.000000
vn 0.000000 1.000000 0.000000
vn 0.000000 1.000000 0.000000
vn 0.000000 1.000000 0.000000
vn 0.000000 1.000000 -0.000000
vn 0.000000 1.000000 -0.000000
vn 0.000000 1.000000 -0.000000
vn 0.000000 1.000000 0.000001
vn 0.000000 1.000000 0.000001
vn 0.000000 1.000000 0.000001
vn 0.000000 1.000000 0.000000
vn 0.000000 1.000000 0.000000
vn 0.000000 1.000000 0.000000
vn 0.000000 1.000000 0.000000
vn 0.000000 1.000000 0.000000
vn 0.000000 1.000000 0.000000
vn 0.000000 1.000000 0.000000
vn 0.000000 1.000000 0.000000
vn 0.000000 1.000000 0.000000
vn 0.000000 1.000000 0.000000
vn 0.000000 1.000000 0.000000
vn 0.000000 1.000000 0.000000
vn 0.000000 1.000000 0.000000
vn 0.000000 1.000000 0.000000
vn 0.000000 1.000000 0.000000
vn 0.000000 1.000000 0.000000
vn 0.000000 1.000000 0.000000
vn 0.000000 1.000000 0.000000
vn 0.000000 1.000000 0.000000
vn 0.000000 1.000000 0.000000
vn 0.000000 1.000000 0.000000
vn 0.000000 1.000000 0.000000
vn 0.000000 1.000000 0.000000
vn 0.000000 1.000000 0.000000
vn 0.000000 1.000000 0.000000
vn 0.000000 1.000000 0.000000
vn 0.000000 1.000000 0.000000
vn 0.000000 1.000000 0.000000
vn 0.000000 1.000000 0.000000
vn 0.000000 1.000000 0.000000
vn 0.000000 1.000000 -0.000000
vn 0.000000 1.000000 -0.000000
vn 0.000000 1.000000 -0.000000
vn 0.000000 1.000000 0.000000
vn 0.000000 1.000000 0.000000
vn 0.000000 1.000000 0.000000
vn 0.000000 1.000000 0.000000
vn 0.000000 1.000000 0.000000
vn 0.000000 1.000000 0.000000
vn 0.000000 1.000000 0.000000
vn 0.000000 1.000000 0.000000
vn 0.000000 1.000000 0.000000
vn 0.000000 1.000000 0.000000
vn 0.000000 1.000000 0.000000
vn 0.000000 1.000000 0.000000
vn 0.000000 1.000000 0.000000
vn 0.000000 1.000000 0.000000
vn 0.000000 1.000000 0.000000
vn 0.000000 1.000000 -0.000000
vn 0.000000 1.000000 -0.000000
vn 0.000000 1.000000 -0.000000
vn 0.000000 1.000000 0.000000
vn 0.000000 1.000000 0.000000
vn 0.000000 1.000000 0.000000
vn 0.000000 1.000000 -0.000000
vn 0.000000 1.000000 -0.000000
vn 0.000000 1.000000 -0.000000
vn 0.000000 1.000000 0.000000
vn 0.000000 1.000000 0.000000
vn 0.000000 1.000000 0.000000
vn 0.000000 1.000000 0.000000
vn 0.000000 1.000000 0.000000
vn 0.000000 1.000000 0.000000
vn 0.000000 1.000000 0.000000
vn 0.000000 1.000000 0.000000
vn 0.000000 1.000000 0.000000
vn 0.000000 1.000000 0.000000
vn 0.000000 1.000000 0.000000
vn 0.000000 1.000000 0.000000
vn 0.000000 1.000000 0.000000
vn 0.000000 1.000000 0.000000
vn 0.000000 1.000000 0.000000
vn 0.000000 1.000000 0.000000
vn 0.000000 1.000000 0.000000
vn 0.000000 1.000000 0.000000
vn 0.000000 1.000000 0.000000
vn 0.000000 1.000000 0.000000
vn 0.000000 1.000000 0.000000
vn 0.000000 1.000000 -0.000000
vn 0.000000 1.000000 -0.000000
vn 0.000000 1.000000 -0.000000
vn 0.000000 1.000000 -0.000000
vn 0.000000 1.000000 -0.000000
vn 0.000000 1.000000 -0.000000
vn 0.000000 1.000000 0.000000
vn 0.000000 1.000000 0.000000
vn 0.000000 1.000000 0.000000
vn 0.000000 1.000000 -0.000000
vn 0.000000 1.000000 -0.000000
vn 0.000000 1.000000 -0.000000
vn 0.000000 1.000000 0.000000
vn 0.000000 1.000000 0.000000
vn 0.000000 1.000000 0.000000
vn 0.000000 1.000000 0.000000
vn 0.000000 1.000000 0.000000
vn 0.000000 1.000000 0.000000
vn 0.000000 1.000000 0.000000
vn 0.000000 1.000000 0.000000
vn 0.000000 1.000000 0.000000
vn 0.000000 1.000000 0.000000
vn 0.000000 1.000000 0.000000
vn 0.000000 1.000000 0.000000
vn 0.000000 1.000000 0.000000
vn 0.000000 1.000000 0.000000
vn 0.000000 1.000000 0.000000
vn 0.000000 1.000000 0.000000
vn 0.000000 1.000000 0.000000
vn 0.000000 1.000000 0.000000
vn 0.000000 1.000000 -0.000000
vn 0.000000 1.000000 -0.000000
vn 0.000000 1.000000 -0.000000
vn 0.000000 1.000000 0.000001
vn 0.000000 1.000000 0.000001
vn 0.000000 1.000000 0.000001
vn 0.000000 1.000000 -0.000002
vn 0.000000 1.000000 -0.000002
vn 0.000000 1.000000 -0.000002
vn 0.000000 1.000000 0.000000
vn 0.000000 1.000000 0.000000
vn 0.000000 1.000000 0.000000
vn 0.000000 1.000000 0.000000
vn 0.000000 1.000000 0.000000
vn 0.000000 1.000000 0.000000
vn 0.000000 1.000000 0.000000
vn 0.000000 1.000000 0.000000
vn 0.000000 1.000000 0.000000
vn 0.000000 1.000000 0.000000
vn 0.000000 1.000000 0.000000
vn 0.000000 1.000000 0.000000
vn 0.000000 1.000000 -0.000001
vn 0.000000 1.000000 -0.000001
vn 0.000000 1.000000 -0.000001
vn 0.000000 1.000000 0.000000
vn 0.000000 1.000000 0.000000
vn 0.000000 1.000000 0.000000
vn 0.000000 1.000000 0.000000
vn 0.000000 1.000000 0.000000
vn 0.000000 1.000000 0.000000
vn 0.000000 1.000000 -0.000002
vn 0.000000 1.000000 -0.000002
vn 0.000000 1.000000 -0.000002
vn 0.000000 1.000000 0.000000
vn 0.000000 1.000000 0.000000
vn 0.000000 1.000000 0.000000
vn 0.000000 1.000000 0.000000
vn 0.000000 1.000000 0.000000
vn 0.000000 1.000000 0.000000
vn 0.000000 1.000000 0.000000
vn 0.000000 1.000000 0.000000
vn 0.000000 1.000000 0.000000
vn 0.000000 1.000000 0.000000
vn 0.000000 1.000000 0.000000
vn 0.000000 1.000000 0.000000
vn 0.000000 1.000000 -0.000000
vn 0.000000 1.000000 -0.000000
vn 0.000000 1.000000 -0.000000
vn 0.000000 1.000000 0.000000
vn 0.000000 1.000000 0.000000
vn 0.000000 1.000000 0.000000
vn 0.000000 1.000000 0.000000
vn 0.000000 1.000000 0.000000
vn 0.000000 1.000000 0.000000
vn 0.000000 1.000000 0.000000
vn 0.000000 1.000000 0.000000
vn 0.000000 1.000000 0.000000
vn 0.000000 1.000000 0.000000
vn 0.000000 1.000000 0.000000
vn 0.000000 1.000000 0.000000
vn 0.000000 1.000000 0.000000
vn 0.000000 1.000000 0.000000
vn 0.000000 1.000000 0.000000
vn 0.000000 1.000000 0.000000
vn 0.000000 1.000000 0.000000
vn 0.000000 1.000000 0.000000
vn 0.000000 1.000000 0.000000
vn 0.000000 1.000000 0.000000
vn 0.000000 1.000000 0.000000
vn 0.000000 1.000000 0.000000
vn 0.000000 1.000000 0.000000
vn 0.000000 1.000000 0.000000
vn 0.000000 1.000000 0.000000
vn 0.000000 1.000000 0.000000
vn 0.000000 1.000000 0.000000
vn 0.000000 1.000000 0.000000
vn 0.000000 1.000000 0.000000
vn 0.000000 1.000000 0.000000
vn 0.000000 1.000000 0.000000
vn 0.000000 1.000000 0.000000
vn 0.000000 1.000000 0.000000
vn 0.000000 1.000000 0.000000
vn 0.000000 1.000000 0.000000
vn 0.000000 1.000000 0.000000
vn 0.000000 1.000000 0.000000
vn 0.000000 1.000000 0.000000
vn 0.000000 1.000000 0.000000
vn 0.000000 1.000000 0.000000
vn 0.000000 1.000000 0.000000
vn 0.000000 1.000000 0.000000
vn 0.000000 1.000000 -0.000000
vn 0.000000 1.000000 -0.000000
vn 0.000000 1.000000 -0.000000
vn 0.000000 1.000000 -0.000000
vn 0.000000 1.000000 -0.000000
vn 0.000000 1.000000 -0.000000
vn 0.000000 1.000000 0.000000
vn 0.000000 1.000000 0.000000
vn 0.000000 1.000000 0.000000
vn 0.000000 1.000000 0.000000
vn 0.000000 1.000000 0.000000
vn 0.000000 1.000000 0.000000
vn 0.000000 1.000000 0.000000
vn 0.000000 1.000000 0.000000
vn 0.000000 1.000000 0.000000
vn 0.000000 1.000000 0.000000
vn 0.000000 1.000000 0.000000
vn 0.000000 1.000000 0.000000
vn 0.000000 1.000000 0.000000
vn 0.000000 1.000000 0.000000
vn 0.000000 1.000000 0.000000
vn 0.000000 1.000000 0.000000
vn 0.000000 1.000000 0.000000
vn 0.000000 1.000000 0.000000
vn 0.000000 1.000000 0.000000
vn 0.000000 1.000000 0.000000
vn 0.000000 1.000000 0.000000
vn 0.000000 1.000000 0.000000
vn 0.000000 1.000000 0.000000
vn 0.000000 1.000000 0.000000
vn 0.000000 1.000000 -0.000000
vn 0.000000 1.000000 -0.000000
vn 0.000000 1.000000 -0.000000
vn 0.000000 1.000000 0.000000
vn 0.000000 1.000000 0.000000
vn 0.000000 1.000000 0.000000
vn 0.000000 1.000000 0.000000
vn 0.000000 1.000000 0.000000
vn 0.000000 1.000000 0.000000
vn 0.000000 1.000000 -0.000000
vn 0.000000 1.000000 -0.000000
vn 0.000000 1.000000 -0.000000
vn 0.000000 1.000000 0.000000
vn 0.000000 1.000000 0.000000
vn 0.000000 1.000000 0.000000
vn 0.000000 1.000000 -0.000000
vn 0.000000 1.000000 -0.000000
vn 0.000000 1.000000 -0.000000
vn 0.000000 1.000000 0.000000
vn 0.000000 1.000000 0.000000
vn 0.000000 1.000000 0.000000
vn 0.000000 1.000000 -0.000000
vn 0.000000 1.000000 -0.000000
vn 0.000000 1.000000 -0.000000
vn 0.000000 1.000000 0.000000
vn 0.000000 1.000000 0.000000
vn 0.000000 1.000000 0.000000
vn 0.000000 1.000000 0.000000
vn 0.000000 1.000000 0.000000
vn 0.000000 1.000000 0.000000
vn 0.000000 1.000000 -0.000000
vn 0.000000 1.000000 -0.000000
vn 0.000000 1.000000 -0.000000
vn 0.000000 1.000000 0.000000
vn 0.000000 1.000000 0.000000
vn 0.000000 1.000000 0.000000
vn 0.000000 1.000000 0.000000
vn 0.000000 1.000000 0.000000
vn 0.000000 1.000000 0.000000
vn 0.000000 1.000000 0.000000
vn 0.000000 1.000000 0.000000
vn 0.000000 1.000000 0.000000
vn 0.000000 1.000000 0.000000
vn 0.000000 1.000000 0.000000
vn 0.000000 1.000000 0.000000
vn 0.000000 1.000000 0.000000
vn 0.000000 1.000000 0.000000
vn 0.000000 1.000000 0.000000
vn 0.000000 1.000000 0.000000
vn 0.000000 1.000000 0.000000
vn 0.000000 1.000000 0.000000
vn 0.000000 1.000000 0.000000
vn 0.000000 1.000000 0.000000
vn 0.000000 1.000000 0.000000
vn 0.000000 1.000000 0.000000
vn 0.000000 1.000000 0.000000
vn 0.000000 1.000000 0.000000
vn 0.000000 1.000000 0.000000
vn 0.000000 1.000000 0.000000
vn 0.000000 1.000000 0.000000
vn 0.000000 1.000000 0.000000
vn 0.000000 1.000000 0.000000
vn 0.000000 1.000000 0.000000
vn 0.000000 1.000000 -0.000000
vn 0.000000 1.000000 -0.000000
vn 0.000000 1.000000 -0.000000
vn 0.000000 1.000000 0.000000
vn 0.000000 1.000000 0.000000
vn 0.000000 1.000000 0.000000
vn 0.000000 1.000000 0.000000
vn 0.000000 1.000000 0.000000
vn 0.000000 1.000000 0.000000
vn 0.000000 1.000000 0.000000
vn 0.000000 1.000000 0.000000
vn 0.000000 1.000000 0.000000
vn 0.000000 1.000000 0.000000
vn 0.000000 1.000000 0.000000
vn 0.000000 1.000000 0.000000
vn 0.000000 1.000000 -0.000001
vn 0.000000 1.000000 -0.000001
vn 0.000000 1.000000 -0.000001
vn 0.000000 1.000000 0.000000
vn 0.000000 1.000000 0.000000
vn 0.000000 1.000000 0.000000
vn 0.000000 1.000000 0.000000
vn 0.000000 1.000000 0.000000
vn 0.000000 1.000000 0.000000
vn 0.000000 1.000000 0.000000
vn 0.000000 1.000000 0.000000
vn 0.000000 1.000000 0.000000
vn 0.000000 1.000000 0.000000
vn 0.000000 1.000000 0.000000
vn 0.000000 1.000000 0.000000
vn 0.000000 1.000000 0.000000
vn 0.000000 1.000000 0.000000
vn 0.000000 1.000000 0.000000
vn 0.000000 1.000000 0.000000
vn 0.000000 1.000000 0.000000
vn 0.000000 1.000000 0.000000
vn 0.000000 1.000000 -0.000000
vn 0.000000 1.000000 -0.000000
vn 0.000000 1.000000 -0.000000
vn 0.000000 1.000000 0.000000
vn 0.000000 1.000000 0.000000
vn 0.000000 1.000000 0.000000
vn 0.000000 1.000000 -0.000000
vn 0.000000 1.000000 -0.000000
vn 0.000000 1.000000 -0.000000
vn 0.000000 1.000000 0.000000
vn 0.000000 1.000000 0.000000
vn 0.000000 1.000000 0.000000
vn 0.000000 1.000000 0.000000
vn 0.000000 1.000000 0.000000
vn 0.000000 1.000000 0.000000
vn 0.000000 1.000000 0.000000
vn 0.000000 1.000000 0.000000
vn 0.000000 1.000000 0.000000
vn 0.000000 1.000000 0.000000
vn 0.000000 1.000000 0.000000
vn 0.000000 1.000000 0.000000
vn 0.000000 1.000000 0.000000
vn 0.000000 1.000000 0.000000
vn 0.000000 1.000000 0.000000
vn 0.000000 1.000000 -0.000001
vn 0.000000 1.000000 -0.000001
vn 0.000000 1.000000 -0.000001
vn 0.000000 1.000000 0.000000
vn 0.000000 1.000000 0.000000
vn 0.000000 1.000000 0.000000
vn 0.000000 1.000000 0.000000
vn 0.000000 1.000000 0.000000
vn 0.000000 1.000000 0.000000
vn 0.000000 1.000000 -0.000003
vn 0.000000 1.000000 -0.000003
vn 0.000000 1.000000 -0.000003
vn 0.000000 1.000000 0.000000
vn 0.000000 1.000000 0.000000
vn 0.000000 1.000000 0.000000
vn 0.000000 1.000000 0.000000
vn 0.000000 1.000000 0.000000
vn 0.000000 1.000000 0.000000
vn 0.000000 1.000000 0.000000
vn 0.000000 1.000000 0.000000
vn 0.000000 1.000000 0.000000
vn 0.000000 1.000000 0.000000
vn 0.000000 1.000000 0.000000
vn 0.000000 1.000000 0.000000
vn 0.000000 1.000000 0.000000
vn 0.000000 1.000000 0.000000
vn 0.000000 1.000000 0.000000
vn 0.000000 1.000000 0.000000
vn 0.000000 1.000000 0.000000
vn 0.000000 1.000000 0.000000
vn 0.000000 1.000000 -0.000000
vn 0.000000 1.000000 -0.000000
vn 0.000000 1.000000 -0.000000
vn 0.000000 1.000000 -0.000000
vn 0.000000 1.000000 -0.000000
vn 0.000000 1.000000 -0.000000
vn 0.000000 1.000000 0.000000
vn 0.000000 1.000000 0.000000
vn 0.000000 1.000000 0.000000
vn 0.000000 1.000000 0.000000
vn 0.000000 1.000000 0.000000
vn 0.000000 1.000000 0.000000
vn 0.000000 1.000000 0.000000
vn 0.000000 1.000000 0.000000
vn 0.000000 1.000000 0.000000
vn 0.000000 1.000000 0.000000
vn 0.000000 1.000000 0.000000
vn 0.000000 1.000000 0.000000
vn 0.000000 1.000000 0.000000
vn 0.000000 1.000000 0.000000
vn 0.000000 1.000000 0.000000
vn 0.000000 1.000000 0.000000
vn 0.000000 1.000000 0.000000
vn 0.000000 1.000000 0.000000
vn 0.000000 1.000000 -0.000002
vn 0.000000 1.000000 -0.000002
vn 0.000000 1.000000 -0.000002
vn 0.000000 1.000000 -0.000000
vn 0.000000 1.000000 -0.000000
vn 0.000000 1.000000 -0.000000
vn 0.000000 1.000000 0.000000
vn 0.000000 1.000000 0.000000
vn 0.000000 1.000000 0.000000
vn 0.000000 1.000000 0.000000
vn 0.000000 1.000000 0.000000
vn 0.000000 1.000000 0.000000
vn 0.000000 1.000000 -0.000002
vn 0.000000 1.000000 -0.000002
vn 0.000000 1.000000 -0.000002
vn 0.000000 1.000000 0.000001
vn 0.000000 1.000000 0.000001
vn 0.000000 1.000000 0.000001
vn 0.000000 1.000000 -0.000000
vn 0.000000 1.000000 -0.000000
vn 0.000000 1.000000 -0.000000
vn 0.000000 1.000000 0.000000
vn 0.000000 1.000000 0.000000
vn 0.000000 1.000000 0.000000
vn 0.000000 1.000000 0.000000
vn 0.000000 1.000000 0.000000
vn 0.000000 1.000000 0.000000
vn 0.000000 1.000000 -0.000000
vn 0.000000 1.000000 -0.000000
vn 0.000000 1.000000 -0.000000
vn 0.000000 1.000000 0.000000
vn 0.000000 1.000000 0.000000
vn 0.000000 1.000000 0.000000
vn 0.000000 1.000000 0.000000
vn 0.000000 1.000000 0.000000
vn 0.000000 1.000000 0.000000
vn 0.000000 1.000000 0.000000
vn 0.000000 1.000000 0.000000
vn 0.000000 1.000000 0.000000
vn 0.000000 1.000000 -0.000000
vn 0.000000 1.000000 -0.000000
vn 0.000000 1.000000 -0.000000
vn 0.000000 1.000000 0.000000
vn 0.000000 1.000000 0.000000
vn 0.000000 1.000000 0.000000
vn 0.000000 1.000000 0.000000
vn 0.000000 1.000000 0.000000
vn 0.000000 1.000000 0.000000
vn 0.000000 1.000000 0.000000
vn 0.000000 1.000000 0.000000
vn 0.000000 1.000000 0.000000
vn 0.000000 1.000000 0.000000
vn 0.000000 1.000000 0.000000
vn 0.000000 1.000000 0.000000
vn 0.000000 1.000000 0.000000
vn 0.000000 1.000000 0.000000
vn 0.000000 1.000000 0.000000
vn 0.000000 1.000000 0.000000
vn 0.000000 1.000000 0.000000
vn 0.000000 1.000000 0.000000
vn 0.000000 1.000000 0.000000
vn 0.000000 1.000000 0.000000
vn 0.000000 1.000000 0.000000
vn 0.000000 1.000000 -0.000001
vn 0.000000 1.000000 -0.000001
vn 0.000000 1.000000 -0.000001
vn 0.000000 1.000000 0.000000
vn 0.000000 1.000000 0.000000
vn 0.000000 1.000000 0.000000
vn 0.000000 1.000000 0.000000
vn 0.000000 1.000000 0.000000
vn 0.000000 1.000000 0.000000
vn 0.000000 1.000000 0.000000
vn 0.000000 1.000000 0.000000
vn 0.000000 1.000000 0.000000
vn 0.000000 1.000000 0.000000
vn 0.000000 1.000000 0.000000
vn 0.000000 1.000000 0.000000
vn 0.000000 1.000000 0.000000
vn 0.000000 1.000000 0.000000
vn 0.000000 1.000000 0.000000
vn 0.000000 1.000000 -0.000000
vn 0.000000 1.000000 -0.000000
vn 0.000000 1.000000 -0.000000
vn 0.000000 1.000000 -0.000000
vn 0.000000 1.000000 -0.000000
vn 0.000000 1.000000 -0.000000
vn 0.000000 1.000000 0.000000
vn 0.000000 1.000000 0.000000
vn 0.000000 1.000000 0.000000
vn 0.000000 1.000000 0.000000
vn 0.000000 1.000000 0.000000
vn 0.000000 1.000000 0.000000
vn 0.000000 1.000000 0.000000
vn 0.000000 1.000000 0.000000
vn 0.000000 1.000000 0.000000
vn 0.000000 1.000000 0.000000
vn 0.000000 1.000000 0.000000
vn 0.000000 1.000000 0.000000
vn 0.000000 1.000000 -0.000001
vn 0.000000 1.000000 -0.000001
vn 0.000000 1.000000 -0.000001
vn 0.000000 1.000000 0.000000
vn 0.000000 1.000000 0.000000
vn 0.000000 1.000000 0.000000
vn 0.000000 1.000000 0.000000
vn 0.000000 1.000000 0.000000
vn 0.000000 1.000000 0.000000
vn 0.000000 1.000000 0.000000
vn 0.000000 1.000000 0.000000
vn 0.000000 1.000000 0.000000
vn 0.000000 1.000000 0.000000
vn 0.000000 1.000000 0.000000
vn 0.000000 1.000000 0.000000
vn 0.000000 1.000000 0.000000
vn 0.000000 1.000000 0.000000
vn 0.000000 1.000000 0.000000
vn 0.000000 1.000000 0.000000
vn 0.000000 1.000000 0.000000
vn 0.000000 1.000000 0.000000
vn 0.000000 1.000000 -0.000000
vn 0.000000 1.000000 -0.000000
vn 0.000000 1.000000 -0.000000
vn 0.000000 1.000000 0.000000
vn 0.000000 1.000000 0.000000
vn 0.000000 1.000000 0.000000
vn 0.000000 1.000000 0.000000
vn 0.000000 1.000000 0.000000
vn 0.000000 1.000000 0.000000
vn 0.000000 1.000000 0.000000
vn 0.000000 1.000000 0.000000
vn 0.000000 1.000000 0.000000
vn 0.000000 1.000000 0.000000
vn 0.000000 1.000000 0.000000
vn 0.000000 1.000000 0.000000
vn 0.000000 1.000000 0.000002
vn 0.000000 1.000000 0.000002
vn 0.000000 1.000000 0.000002
vn 0.000000 1.000000 -0.000000
vn 0.000000 1.000000 -0.000000
vn 0.000000 1.000000 -0.000000
vn 0.000000 1.000000 0.000000
vn 0.000000 1.000000 0.000000
vn 0.000000 1.000000 0.000000
vn 0.000000 1.000000 -0.000000
vn 0.000000 1.000000 -0.000000
vn 0.000000 1.000000 -0.000000
vn 0.000000 1.000000 0.000000
vn 0.000000 1.000000 0.000000
vn 0.000000 1.000000 0.000000
vn 0.000000 1.000000 0.000000
vn 0.000000 1.000000 0.000000
vn 0.000000 1.000000 0.000000
vn 0.000000 1.000000 0.000000
vn 0.000000 1.000000 0.000000
vn 0.000000 1.000000 0.000000
vn 0.000000 1.000000 -0.000000
vn 0.000000 1.000000 -0.000000
vn 0.000000 1.000000 -0.000000
vn 0.000000 1.000000 0.000000
vn 0.000000 1.000000 0.000000
vn 0.000000 1.000000 0.000000
vn 0.000000 1.000000 -0.000000
vn 0.000000 1.000000 -0.000000
vn 0.000000 1.000000 -0.000000
vn 0.000000 1.000000 0.000000
vn 0.000000 1.000000 0.000000
vn 0.000000 1.000000 0.000000
vn 0.000000 1.000000 0.000000
vn 0.000000 1.000000 0.000000
vn 0.000000 1.000000 0.000000
vn 0.000000 1.000000 0.000000
vn 0.000000 1.000000 0.000000
vn 0.000000 1.000000 0.000000
vn 0.000000 1.000000 0.000000
vn 0.000000 1.000000 0.000000
vn 0.000000 1.000000 0.000000
vn 0.000000 1.000000 0.000000
vn 0.000000 1.000000 0.000000
vn 0.000000 1.000000 0.000000
vn 0.000000 1.000000 -0.000000
vn 0.000000 1.000000 -0.000000
vn 0.000000 1.000000 -0.000000
vn 0.000000 1.000000 -0.000000
vn 0.000000 1.000000 -0.000000
vn 0.000000 1.000000 -0.000000
vn 0.000000 1.000000 0.000000
vn 0.000000 1.000000 0.000000
vn 0.000000 1.000000 0.000000
vn 0.000000 1.000000 0.000000
vn 0.000000 1.000000 0.000000
vn 0.000000 1.000000 0.000000
vn 0.000000 1.000000 -0.000000
vn 0.000000 1.000000 -0.000000
vn 0.000000 1.000000 -0.000000
vn 0.000000 1.000000 -0.000000
vn 0.000000 1.000000 -0.000000
vn 0.000000 1.000000 -0.000000
vn 0.000000 1.000000 0.000000
vn 0.000000 1.000000 0.000000
vn 0.000000 1.000000 0.000000
vn 0.000000 1.000000 0.000000
vn 0.000000 1.000000 0.000000
vn 0.000000 1.000000 0.000000
vn 0.000000 1.000000 -0.000000
vn 0.000000 1.000000 -0.000000
vn 0.000000 1.000000 -0.000000
vn 0.000000 1.000000 0.000000
vn 0.000000 1.000000 0.000000
vn 0.000000 1.000000 0.000000
vn 0.000000 1.000000 0.000000
vn 0.000000 1.000000 0.000000
vn 0.000000 1.000000 0.000000
vn 0.000000 1.000000 0.000000
vn 0.000000 1.000000 0.000000
vn 0.000000 1.000000 0.000000
vn 0.000000 1.000000 0.000000
vn 0.000000 1.000000 0.000000
vn 0.000000 1.000000 0.000000
vn 0.000000 1.000000 0.000000
vn 0.000000 1.000000 0.000000
vn 0.000000 1.000000 0.000000
vn 0.000000 1.000000 0.000000
vn 0.000000 1.000000 0.000000
vn 0.000000 1.000000 0.000000
vn 0.000000 1.000000 0.000000
vn 0.000000 1.000000 0.000000
vn 0.000000 1.000000 0.000000
vn 0.000000 1.000000 -0.000000
vn 0.000000 1.000000 -0.000000
vn 0.000000 1.000000 -0.000000
vn 0.000000 1.000000 -0.000000
vn 0.000000 1.000000 -0.000000
vn 0.000000 1.000000 -0.000000
vn 0.000000 1.000000 -0.000002
vn 0.000000 1.000000 -0.000002
vn 0.000000 1.000000 -0.000002
vn 0.000000 1.000000 0.000000
vn 0.000000 1.000000 0.000000
vn 0.000000 1.000000 0.000000
vn 0.000000 1.000000 0.000000
vn 0.000000 1.000000 0.000000
vn 0.000000 1.000000 0.000000
vn 0.000000 1.000000 -0.000000
vn 0.000000 1.000000 -0.000000
vn 0.000000 1.000000 -0.000000
vn 0.000000 1.000000 -0.000000
vn 0.000000 1.000000 -0.000000
vn 0.000000 1.000000 -0.000000
vn 0.000000 1.000000 0.000000
vn 0.000000 1.000000 0.000000
vn 0.000000 1.000000 0.000000
vn 0.000000 1.000000 0.000000
vn 0.000000 1.000000 0.000000
vn 0.000000 1.000000 0.000000
vn 0.000000 1.000000 0.000000
vn 0.000000 1.000000 0.000000
vn 0.000000 1.000000 0.000000
vn 0.000000 1.000000 -0.000000
vn 0.000000 1.000000 -0.000000
vn 0.000000 1.000000 -0.000000
vn 0.000000 1.000000 0.000000
vn 0.000000 1.000000 0.000000
vn 0.000000 1.000000 0.000000
vn 0.000000 1.000000 0.000000
vn 0.000000 1.000000 0.000000
vn 0.000000 1.000000 0.000000
vn 0.000000 1.000000 0.000000
vn 0.000000 1.000000 0.000000
vn 0.000000 1.000000 0.000000
vn 0.000000 1.000000 0.000000
vn 0.000000 1.000000 0.000000
vn 0.000000 1.000000 0.000000
vn 0.000000 1.000000 0.000000
vn 0.000000 1.000000 0.000000
vn 0.000000 1.000000 0.000000
vn 0.000000 1.000000 -0.000000
vn 0.000000 1.000000 -0.000000
vn 0.000000 1.000000 -0.000000
vn 0.000000 1.000000 0.000000
vn 0.000000 1.000000 0.000000
vn 0.000000 1.000000 0.000000
vn 0.000000 1.000000 0.000000
vn 0.000000 1.000000 0.000000
vn 0.000000 1.000000 0.000000
vn 0.000000 1.000000 0.000000
vn 0.000000 1.000000 0.000000
vn 0.000000 1.000000 0.000000
vn 0.000000 1.000000 -0.000000
vn 0.000000 1.000000 -0.000000
vn 0.000000 1.000000 -0.000000
vn 0.000000 1.000000 0.000000
vn 0.000000 1.000000 0.000000
vn 0.000000 1.000000 0.000000
vn 0.000000 1.000000 0.000000
vn 0.000000 1.000000 0.000000
vn 0.000000 1.000000 0.000000
vn 0.000000 1.000000 0.000000
vn 0.000000 1.000000 0.000000
vn 0.000000 1.000000 0.000000
vn 0.000000 1.000000 -0.000000
vn 0.000000 1.000000 -0.000000
vn 0.000000 1.000000 -0.000000
vn 0.000000 1.000000 0.000000
vn 0.000000 1.000000 0.000000
vn 0.000000 1.000000 0.000000
vn 0.000000 1.000000 0.000003
vn 0.000000 1.000000 0.000003
vn 0.000000 1.000000 0.000003
vn 0.000000 1.000000 0.000000
vn 0.000000 1.000000 0.000000
vn 0.000000 1.000000 0.000000
vn 0.000000 1.000000 0.000000
vn 0.000000 1.000000 0.000000
vn 0.000000 1.000000 0.000000
vn 0.000000 1.000000 0.000000
vn 0.000000 1.000000 0.000000
vn 0.000000 1.000000 0.000000
vn 0.000000 1.000000 -0.000000
vn 0.000000 1.000000 -0.000000
vn 0.000000 1.000000 -0.000000
vn 0.000000 1.000000 0.000000
vn 0.000000 1.000000 0.000000
vn 0.000000 1.000000 0.000000
vn 0.000000 1.000000 0.000000
vn 0.000000 1.000000 0.000000
vn 0.000000 1.000000 0.000000
vn 0.000000 1.000000 0.000000
vn 0.000000 1.000000 0.000000
vn 0.000000 1.000000 0.000000
vn 0.000000 1.000000 -0.000000
vn 0.000000 1.000000 -0.000000
vn 0.000000 1.000000 -0.000000
vn 0.000000 1.000000 0.000001
vn 0.000000 1.000000 0.000001
vn 0.000000 1.000000 0.000001
vn 0.000000 1.000000 -0.000000
vn 0.000000 1.000000 -0.000000
vn 0.000000 1.000000 -0.000000
vn 0.000000 1.000000 0.000000
vn 0.000000 1.000000 0.000000
vn 0.000000 1.000000 0.000000
vn 0.000000 1.000000 0.000000
vn 0.000000 1.000000 0.000000
vn 0.000000 1.000000 0.000000
vn 0.000000 1.000000 0.000000
vn 0.000000 1.000000 0.000000
vn 0.000000 1.000000 0.000000
vn 0.000000 1.000000 0.000000
vn 0.000000 1.000000 0.000000
vn 0.000000 1.000000 0.000000
vn 0.000000 1.000000 0.000000
vn 0.000000 1.000000 0.000000
vn 0.000000 1.000000 0.000000
vn 0.000000 1.000000 0.000000
vn 0.000000 1.000000 0.000000
vn 0.000000 1.000000 0.000000
vn 0.000000 1.000000 0.000000
vn 0.000000 1.000000 0.000000
vn 0.000000 1.000000 0.000000
vn 0.000000 1.000000 0.000000
vn 0.000000 1.000000 0.000000
vn 0.000000 1.000000 0.000000
vn 0.000000 1.000000 0.000000
vn 0.000000 1.000000 0.000000
vn 0.000000 1.000000 0.000000
vn 0.000000 1.000000 0.000000
vn 0.000000 1.000000 0.000000
vn 0.000000 1.000000 0.000000
vn 0.000000 1.000000 -0.000001
vn 0.000000 1.000000 -0.000001
vn 0.000000 1.000000 -0.000001
vn 0.000000 1.000000 0.000000
vn 0.000000 1.000000 0.000000
vn 0.000000 1.000000 0.000000
vn 0.000000 1.000000 0.000000
vn 0.000000 1.000000 0.000000
vn 0.000000 1.000000 0.000000
vn 0.000000 1.000000 0.000000
vn 0.000000 1.000000 0.000000
vn 0.000000 1.000000 0.000000
vn 0.000000 1.000000 0.000000
vn 0.000000 1.000000 0.000000
vn 0.000000 1.000000 0.000000
vn 0.000000 1.000000 -0.000003
vn 0.000000 1.000000 -0.000003
vn 0.000000 1.000000 -0.000003
vn 0.000000 1.000000 0.000000
vn 0.000000 1.000000 0.000000
vn 0.000000 1.000000 0.000000
vn 0.000000 1.000000 0.000000
vn 0.000000 1.000000 0.000000
vn 0.000000 1.000000 0.000000
vn 0.000000 1.000000 0.000000
vn 0.000000 1.000000 0.000000
vn 0.000000 1.000000 0.000000
vn 0.000000 1.000000 0.000000
vn 0.000000 1.000000 0.000000
vn 0.000000 1.000000 0.000000
vn 0.000000 1.000000 -0.000000
vn 0.000000 1.000000 -0.000000
vn 0.000000 1.000000 -0.000000
vn 0.000000 1.000000 -0.000000
vn 0.000000 1.000000 -0.000000
vn 0.000000 1.000000 -0.000000
vn 0.000000 1.000000 0.000000
vn 0.000000 1.000000 0.000000
vn 0.000000 1.000000 0.000000
vn 0.000000 1.000000 0.000000
vn 0.000000 1.000000 0.000000
vn 0.000000 1.000000 0.000000
vn 0.000000 1.000000 0.000000
vn 0.000000 1.000000 0.000000
vn 0.000000 1.000000 0.000000
vn 0.000000 1.000000 0.000000
vn 0.000000 1.000000 0.000000
vn 0.000000 1.000000 0.000000
vn 0.000000 1.000000 0.000000
vn 0.000000 1.000000 0.000000
vn 0.000000 1.000000 0.000000
vn 0.000000 1.000000 0.000000
vn 0.000000 1.000000 0.000000
vn 0.000000 1.000000 0.000000
vn 0.000000 1.000000 0.000000
vn 0.000000 1.000000 0.000000
vn 0.000000 1.000000 0.000000
vn 0.000000 1.000000 0.000000
vn 0.000000 1.000000 0.000000
vn 0.000000 1.000000 0.000000
vn 0.000000 1.000000 0.000000
vn 0.000000 1.000000 0.000000
vn 0.000000 1.000000 0.000000
vn 0.000000 1.000000 0.000000
vn 0.000000 1.000000 0.000000
vn 0.000000 1.000000 0.000000
vn 0.000000 1.000000 0.000000
vn 0.000000 1.000000 0.000000
vn 0.000000 1.000000 0.000000
vn 0.000000 1.000000 0.000000
vn 0.000000 1.000000 0.000000
vn 0.000000 1.000000 0.000000
vn 0.000000 1.000000 0.000000
vn 0.000000 1.000000 0.000000
vn 0.000000 1.000000 0.000000
vn 0.000000 1.000000 -0.000000
vn 0.000000 1.000000 -0.000000
vn 0.000000 1.000000 -0.000000
vn 0.000000 1.000000 0.000000
vn 0.000000 1.000000 0.000000
vn 0.000000 1.000000 0.000000
vn 0.000000 1.000000 -0.000000
vn 0.000000 1.000000 -0.000000
vn 0.000000 1.000000 -0.000000
vn 0.000000 1.000000 0.000000
vn 0.000000 1.000000 0.000000
vn 0.000000 1.000000 0.000000
vn 0.000000 1.000000 0.000000
vn 0.000000 1.000000 0.000000
vn 0.000000 1.000000 0.000000
vn 0.000000 1.000000 0.000000
vn 0.000000 1.000000 0.000000
vn 0.000000 1.000000 0.000000
vn 0.000000 1.000000 0.000000
vn 0.000000 1.000000 0.000000
vn 0.000000 1.000000 0.000000
vn 0.000000 1.000000 0.000000
vn 0.000000 1.000000 0.000000
vn 0.000000 1.000000 0.000000
vn 0.000000 1.000000 0.000000
vn 0.000000 1.000000 0.000000
vn 0.000000 1.000000 0.000000
vn 0.000000 1.000000 0.000000
vn 0.000000 1.000000 0.000000
vn 0.000000 1.000000 0.000000
vn 0.000000 1.000000 0.000000
vn 0.000000 1.000000 0.000000
vn 0.000000 1.000000 0.000000
vn 0.000000 1.000000 0.000000
vn 0.000000 1.000000 0.000000
vn 0.000000 1.000000 0.000000
vn 0.000000 1.000000 0.000000
vn 0.000000 1.000000 0.000000
vn 0.000000 1.000000 0.000000
vn 0.000000 1.000000 0.000000
vn 0.000000 1.000000 0.000000
vn 0.000000 1.000000 0.000000
vn 0.000000 1.000000 0.000000
vn 0.000000 1.000000 0.000000
vn 0.000000 1.000000 0.000000
vn 0.000000 1.000000 0.000000
vn 0.000000 1.000000 0.000000
vn 0.000000 1.000000 0.000000
vn 0.000000 1.000000 0.000000
vn 0.000000 1.000000 0.000000
vn 0.000000 1.000000 0.000000
vn 0.000000 1.000000 -0.000000
vn 0.000000 1.000000 -0.000000
vn 0.000000 1.000000 -0.000000
vn 0.000000 1.000000 0.000000
vn 0.000000 1.000000 0.000000
vn 0.000000 1.000000 0.000000
vn 0.000000 1.000000 0.000000
vn 0.000000 1.000000 0.000000
vn 0.000000 1.000000 0.000000
vn 0.000000 1.000000 0.000000
vn 0.000000 1.000000 0.000000
vn 0.000000 1.000000 0.000000
vn 0.000000 1.000000 0.000000
vn 0.000000 1.000000 0.000000
vn 0.000000 1.000000 0.000000
vn 0.000000 1.000000 0.000000
vn 0.000000 1.000000 0.000000
vn 0.000000 1.000000 0.000000
vn 0.000000 1.000000 0.000000
vn 0.000000 1.000000 0.000000
vn 0.000000 1.000000 0.000000
vn 0.000000 1.000000 0.000000
vn 0.000000 1.000000 0.000000
vn 0.000000 1.000000 0.000000
vn 0.000000 1.000000 0.000000
vn 0.000000 1.000000 0.000000
vn 0.000000 1.000000 0.000000
vn 0.000000 1.000000 -0.000000
vn 0.000000 1.000000 -0.000000
vn 0.000000 1.000000 -0.000000
vn 0.000000 1.000000 0.000000
vn 0.000000 1.000000 0.000000
vn 0.000000 1.000000 0.000000
vn 0.000000 1.000000 -0.000000
vn 0.000000 1.000000 -0.000000
vn 0.000000 1.000000 -0.000000
vn 0.000000 1.000000 0.000000
vn 0.000000 1.000000 0.000000
vn 0.000000 1.000000 0.000000
vn 0.000000 1.000000 0.000000
vn 0.000000 1.000000 0.000000
vn 0.000000 1.000000 0.000000
vn 0.000000 1.000000 0.000000
vn 0.000000 1.000000 0.000000
vn 0.000000 1.000000 0.000000
vn 0.000000 1.000000 0.000000
vn 0.000000 1.000000 0.000000
vn 0.000000 1.000000 0.000000
vn 0.000000 1.000000 -0.000000
vn 0.000000 1.000000 -0.000000
vn 0.000000 1.000000 -0.000000
vn 0.000000 1.000000 0.000000
vn 0.000000 1.000000 0.000000
vn 0.000000 1.000000 0.000000
vn 0.000000 1.000000 0.000000
vn 0.000000 1.000000 0.000000
vn 0.000000 1.000000 0.000000
vn 0.000000 1.000000 -0.000000
vn 0.000000 1.000000 -0.000000
vn 0.000000 1.000000 -0.000000
vn 0.000000 1.000000 0.000000
vn 0.000000 1.000000 0.000000
vn 0.000000 1.000000 0.000000
vn 0.000000 1.000000 0.000000
vn 0.000000 1.000000 0.000000
vn 0.000000 1.000000 0.000000
vn 0.000000 1.000000 0.000000
vn 0.000000 1.000000 0.000000
vn 0.000000 1.000000 0.000000
vn 0.000000 1.000000 0.000000
vn 0.000000 1.000000 0.000000
vn 0.000000 1.000000 0.000000
vn 0.000000 1.000000 -0.000000
vn 0.000000 1.000000 -0.000000
vn 0.000000 1.000000 -0.000000
vn 0.000000 1.000000 0.000000
vn 0.000000 1.000000 0.000000
vn 0.000000 1.000000 0.000000
vn 0.000000 1.000000 0.000000
vn 0.000000 1.000000 0.000000
vn 0.000000 1.000000 0.000000
vn 0.000000 1.000000 0.000000
vn 0.000000 1.000000 0.000000
vn 0.000000 1.000000 0.000000
vn 0.000000 1.000000 0.000000
vn 0.000000 1.000000 0.000000
vn 0.000000 1.000000 0.000000
vn 0.000000 1.000000 0.000000
vn 0.000000 1.000000 0.000000
vn 0.000000 1.000000 0.000000
vn 0.000000 1.000000 0.000000
vn 0.000000 1.000000 0.000000
vn 0.000000 1.000000 0.000000
vn 0.000000 1.000000 0.000000
vn 0.000000 1.000000 0.000000
vn 0.000000 1.000000 0.000000
vn 0.000000 1.000000 0.000000
vn 0.000000 1.000000 0.000000
vn 0.000000 1.000000 0.000000
vn 0.000000 1.000000 0.000000
vn 0.000000 1.000000 0.000000
vn 0.000000 1.000000 0.000000
vn 0.000000 1.000000 -0.000000
vn 0.000000 1.000000 -0.000000
vn 0.000000 1.000000 -0.000000
vn 0.000000 1.000000 0.000000
vn 0.000000 1.000000 0.000000
vn 0.000000 1.000000 0.000000
vn 0.000000 1.000000 -0.000000
vn 0.000000 1.000000 -0.000000
vn 0.000000 1.000000 -0.000000
vn 0.000000 1.000000 0.000000
vn 0.000000 1.000000 0.000000
vn 0.000000 1.000000 0.000000
vn 0.000000 1.000000 -0.000001
vn 0.000000 1.000000 -0.000001
vn 0.000000 1.000000 -0.000001
vn 0.000000 1.000000 0.000000
vn 0.000000 1.000000 0.000000
vn 0.000000 1.000000 0.000000
vn 0.000000 1.000000 0.000000
vn 0.000000 1.000000 0.000000
vn 0.000000 1.000000 0.000000
vn 0.000000 1.000000 0.000000
vn 0.000000 1.000000 0.000000
vn 0.000000 1.000000 0.000000
vn 0.000000 1.000000 0.000000
vn 0.000000 1.000000 0.000000
vn 0.000000 1.000000 0.000000
vn 0.000000 1.000000 0.000000
vn 0.000000 1.000000 0.000000
vn 0.000000 1.000000 0.000000
vn 0.000000 1.000000 0.000000
vn 0.000000 1.000000 0.000000
vn 0.000000 1.000000 0.000000
vn 0.000000 1.000000 0.000000
vn 0.000000 1.000000 0.000000
vn 0.000000 1.000000 0.000000
vn 0.000000 1.000000 0.000000
vn 0.000000 1.000000 0.000000
vn 0.000000 1.000000 0.000000
vn 0.000000 1.000000 0.000000
vn 0.000000 1.000000 0.000000
vn 0.000000 1.000000 0.000000
vn 0.000000 1.000000 0.000000
vn 0.000000 1.000000 0.000000
vn 0.000000 1.000000 0.000000
vn 0.000000 1.000000 0.000000
vn 0.000000 1.000000 0.000000
vn 0.000000 1.000000 0.000000
vn 0.000000 1.000000 0.000000
vn 0.000000 1.000000 0.000000
vn 0.000000 1.000000 0.000000
vn 0.000000 1.000000 -0.000000
vn 0.000000 1.000000 -0.000000
vn 0.000000 1.000000 -0.000000
vn 0.000000 1.000000 0.000000
vn 0.000000 1.000000 0.000000
vn 0.000000 1.000000 0.000000
vn 0.000000 1.000000 -0.000000
vn 0.000000 1.000000 -0.000000
vn 0.000000 1.000000 -0.000000
vn 0.000000 1.000000 0.000000
vn 0.000000 1.000000 0.000000
vn 0.000000 1.000000 0.000000
vn 0.000000 1.000000 -0.000000
vn 0.000000 1.000000 -0.000000
vn 0.000000 1.000000 -0.000000
vn 0.000000 1.000000 0.000000
vn 0.000000 1.000000 0.000000
vn 0.000000 1.000000 0.000000
vn 0.000000 1.000000 0.000000
vn 0.000000 1.000000 0.000000
vn 0.000000 1.000000 0.000000
vn 0.000000 1.000000 0.000000
vn 0.000000 1.000000 0.000000
vn 0.000000 1.000000 0.000000
vn 0.000000 1.000000 0.000000
vn 0.000000 1.000000 0.000000
vn 0.000000 1.000000 0.000000
vn 0.000000 1.000000 0.000000
vn 0.000000 1.000000 0.000000
vn 0.000000 1.000000 0.000000
vn 0.000000 1.000000 0.000000
vn 0.000000 1.000000 0.000000
vn 0.000000 1.000000 0.000000
vn 0.000000 1.000000 0.000001
vn 0.000000 1.000000 0.000001
vn 0.000000 1.000000 0.000001
vn 0.000000 1.000000 0.000000
vn 0.000000 1.000000 0.000000
vn 0.000000 1.000000 0.000000
vn 0.000000 1.000000 0.000000
vn 0.000000 1.000000 0.000000
vn 0.000000 1.000000 0.000000
vn 0.000000 1.000000 0.000000
vn 0.000000 1.000000 0.000000
vn 0.000000 1.000000 0.000000
vn 0.000000 1.000000 0.000000
vn 0.000000 1.000000 0.000000
vn 0.000000 1.000000 0.000000
vn 0.000000 1.000000 -0.000000
vn 0.000000 1.000000 -0.000000
vn 0.000000 1.000000 -0.000000
vn 0.000000 1.000000 0.000000
vn 0.000000 1.000000 0.000000
vn 0.000000 1.000000 0.000000
vn 0.000000 1.000000 0.000000
vn 0.000000 1.000000 0.000000
vn 0.000000 1.000000 0.000000
vn 0.000000 1.000000 -0.000000
vn 0.000000 1.000000 -0.000000
vn 0.000000 1.000000 -0.000000
vn 0.000000 1.000000 0.000000
vn 0.000000 1.000000 0.000000
vn 0.000000 1.000000 0.000000
vn 0.000000 1.000000 0.000000
vn 0.000000 1.000000 0.000000
vn 0.000000 1.000000 0.000000
vn 0.000000 1.000000 0.000000
vn 0.000000 1.000000 0.000000
vn 0.000000 1.000000 0.000000
vn 0.000000 1.000000 -0.000000
vn 0.000000 1.000000 -0.000000
vn 0.000000 1.000000 -0.000000
vn 0.000000 1.000000 0.000000
vn 0.000000 1.000000 0.000000
vn 0.000000 1.000000 0.000000
vn 0.000000 1.000000 -0.000000
vn 0.000000 1.000000 -0.000000
vn 0.000000 1.000000 -0.000000
vn 0.000000 1.000000 0.000000
vn 0.000000 1.000000 0.000000
vn 0.000000 1.000000 0.000000
vn 0.000000 1.000000 0.000000
vn 0.000000 1.000000 0.000000
vn 0.000000 1.000000 0.000000
vn 0.000000 1.000000 0.000000
vn 0.000000 1.000000 0.000000
vn 0.000000 1.000000 0.000000
vn 0.000000 1.000000 0.000000
vn 0.000000 1.000000 0.000000
vn 0.000000 1.000000 0.000000
vn 0.000000 1.000000 0.000000
vn 0.000000 1.000000 0.000000
vn 0.000000 1.000000 0.000000
vn 0.000000 1.000000 0.000000
vn 0.000000 1.000000 0.000000
vn 0.000000 1.000000 0.000000
vn 0.000000 1.000000 0.000000
vn 0.000000 1.000000 0.000000
vn 0.000000 1.000000 0.000000
vn 0.000000 1.000000 0.000000
vn 0.000000 1.000000 0.000000
vn 0.000000 1.000000 0.000000
vn 0.000000 1.000000 -0.000000
vn 0.000000 1.000000 -0.000000
vn 0.000000 1.000000 -0.000000
vn 0.000000 1.000000 0.000004
vn 0.000000 1.000000 0.000004
vn 0.000000 1.000000 0.000004
vn 0.000000 1.000000 0.000001
vn 0.000000 1.000000 0.000001
vn 0.000000 1.000000 0.000001
vn 0.000000 1.000000 0.000000
vn 0.000000 1.000000 0.000000
vn 0.000000 1.000000 0.000000
vn 0.000000 1.000000 0.000000
vn 0.000000 1.000000 0.000000
vn 0.000000 1.000000 0.000000
vn 0.000000 1.000000 0.000000
vn 0.000000 1.000000 0.000000
vn 0.000000 1.000000 0.000000
vn 0.000000 1.000000 0.000000
vn 0.000000 1.000000 0.000000
vn 0.000000 1.000000 0.000000
vn 0.000000 1.000000 0.000000
vn 0.000000 1.000000 0.000000
vn 0.000000 1.000000 0.000000
vn 0.000000 1.000000 0.000000
vn 0.000000 1.000000 0.000000
vn 0.000000 1.000000 0.000000
vn 0.000000 1.000000 0.000000
vn 0.000000 1.000000 0.000000
vn 0.000000 1.000000 0.000000
vn 0.000000 1.000000 -0.000000
vn 0.000000 1.000000 -0.000000
vn 0.000000 1.000000 -0.000000
vn 0.000000 1.000000 0.000000
vn 0.000000 1.000000 0.000000
vn 0.000000 1.000000 0.000000
vn 0.000000 1.000000 0.000000
vn 0.000000 1.000000 0.000000
vn 0.000000 1.000000 0.000000
vn 0.000000 1.000000 0.000000
vn 0.000000 1.000000 0.000000
vn 0.000000 1.000000 0.000000
vn 0.000000 1.000000 -0.000000
vn 0.000000 1.000000 -0.000000
vn 0.000000 1.000000 -0.000000
vn 0.000000 1.000000 0.000000
vn 0.000000 1.000000 0.000000
vn 0.000000 1.000000 0.000000
vn 0.000000 1.000000 0.000000
vn 0.000000 1.000000 0.000000
vn 0.000000 1.000000 0.000000
vn 0.000000 1.000000 0.000000
vn 0.000000 1.000000 0.000000
vn 0.000000 1.000000 0.000000
vn 0.000000 1.000000 -0.000000
vn 0.000000 1.000000 -0.000000
vn 0.000000 1.000000 -0.000000
vn 0.000000 1.000000 -0.000000
vn 0.000000 1.000000 -0.000000
vn 0.000000 1.000000 -0.000000
vn 0.000000 1.000000 -0.000003
vn 0.000000 1.000000 -0.000003
vn 0.000000 1.000000 -0.000003
vn 0.000000 1.000000 -0.000000
vn 0.000000 1.000000 -0.000000
vn 0.000000 1.000000 -0.000000
vn 0.000000 1.000000 0.000000
vn 0.000000 1.000000 0.000000
vn 0.000000 1.000000 0.000000
vn 0.000000 1.000000 0.000001
vn 0.000000 1.000000 0.000001
vn 0.000000 1.000000 0.000001
vn 0.000000 1.000000 0.000000
vn 0.000000 1.000000 0.000000
vn 0.000000 1.000000 0.000000
vn 0.000000 1.000000 -0.000000
vn 0.000000 1.000000 -0.000000
vn 0.000000 1.000000 -0.000000
vn 0.000000 1.000000 0.000000
vn 0.000000 1.000000 0.000000
vn 0.000000 1.000000 0.000000
vn 0.000000 1.000000 0.000000
vn 0.000000 1.000000 0.000000
vn 0.000000 1.000000 0.000000
vn 0.000000 1.000000 0.000000
vn 0.000000 1.000000 0.000000
vn 0.000000 1.000000 0.000000
vn 0.000000 1.000000 0.000000
vn 0.000000 1.000000 0.000000
vn 0.000000 1.000000 0.000000
vn 0.000000 1.000000 0.000000
vn 0.000000 1.000000 0.000000
vn 0.000000 1.000000 0.000000
vn 0.000000 1.000000 -0.000000
vn 0.000000 1.000000 -0.000000
vn 0.000000 1.000000 -0.000000
vn 0.000000 1.000000 0.000000
vn 0.000000 1.000000 0.000000
vn 0.000000 1.000000 0.000000
vn 0.000000 1.000000 0.000000
vn 0.000000 1.000000 0.000000
vn 0.000000 1.000000 0.000000
vn 0.000000 1.000000 -0.000000
vn 0.000000 1.000000 -0.000000
vn 0.000000 1.000000 -0.000000
vn 0.000000 1.000000 0.000000
vn 0.000000 1.000000 0.000000
vn 0.000000 1.000000 0.000000
vn 0.000000 1.000000 0.000000
vn 0.000000 1.000000 0.000000
vn 0.000000 1.000000 0.000000
vn 0.000000 1.000000 -0.000000
vn 0.000000 1.000000 -0.000000
vn 0.000000 1.000000 -0.000000
vn 0.000000 1.000000 0.000000
vn 0.000000 1.000000 0.000000
vn 0.000000 1.000000 0.000000
vn 0.000000 1.000000 0.000000
vn 0.000000 1.000000 0.000000
vn 0.000000 1.000000 0.000000
vn 0.000000 1.000000 0.000001
vn 0.000000 1.000000 0.000001
vn 0.000000 1.000000 0.000001
vn 0.000000 1.000000 0.000000
vn 0.000000 1.000000 0.000000
vn 0.000000 1.000000 0.000000
vn 0.000000 1.000000 0.000000
vn 0.000000 1.000000 0.000000
vn 0.000000 1.000000 0.000000
vn 0.000000 1.000000 0.000000
vn 0.000000 1.000000 0.000000
vn 0.000000 1.000000 0.000000
vn 0.000000 1.000000 0.000001
vn 0.000000 1.000000 0.000001
vn 0.000000 1.000000 0.000001
vn 0.000000 1.000000 -0.000000
vn 0.000000 1.000000 -0.000000
vn 0.000000 1.000000 -0.000000
vn 0.000000 1.000000 0.000000
vn 0.000000 1.000000 0.000000
vn 0.000000 1.000000 0.000000
vn 0.000000 1.000000 0.000000
vn 0.000000 1.000000 0.000000
vn 0.000000 1.000000 0.000000
vn 0.000000 1.000000 0.000000
vn 0.000000 1.000000 0.000000
vn 0.000000 1.000000 0.000000
vn 0.000000 1.000000 0.000000
vn 0.000000 1.000000 0.000000
vn 0.000000 1.000000 0.000000
vn 0.000000 1.000000 0.000000
vn 0.000000 1.000000 0.000000
vn 0.000000 1.000000 0.000000
vn 0.000000 1.000000 0.000000
vn 0.000000 1.000000 0.000000
vn 0.000000 1.000000 0.000000
vn 0.000000 1.000000 0.000000
vn 0.000000 1.000000 0.000000
vn 0.000000 1.000000 0.000000
vn 0.000000 1.000000 0.000000
vn 0.000000 1.000000 0.000000
vn 0.000000 1.000000 0.000000
vn 0.000000 1.000000 0.000000
vn 0.000000 1.000000 0.000000
vn 0.000000 1.000000 0.000000
vn 0.000000 1.000000 -0.000002
vn 0.000000 1.000000 -0.000002
vn 0.000000 1.000000 -0.000002
vn 0.000000 1.000000 0.000000
vn 0.000000 1.000000 0.000000
vn 0.000000 1.000000 0.000000
vn 0.000000 1.000000 -0.000000
vn 0.000000 1.000000 -0.000000
vn 0.000000 1.000000 -0.000000
vn 0.000000 1.000000 0.000001
vn 0.000000 1.000000 0.000001
vn 0.000000 1.000000 0.000001
vn 0.000000 1.000000 -0.000000
vn 0.000000 1.000000 -0.000000
vn 0.000000 1.000000 -0.000000
vn 0.000000 1.000000 0.000000
vn 0.000000 1.000000 0.000000
vn 0.000000 1.000000 0.000000
vn 0.000000 1.000000 0.000000
vn 0.000000 1.000000 0.000000
vn 0.000000 1.000000 0.000000
vn 0.000000 1.000000 -0.000000
vn 0.000000 1.000000 -0.000000
vn 0.000000 1.000000 -0.000000
vn 0.000000 1.000000 0.000000
vn 0.000000 1.000000 0.000000
vn 0.000000 1.000000 0.000000
vn 0.000000 1.000000 -0.000000
vn 0.000000 1.000000 -0.000000
vn 0.000000 1.000000 -0.000000
vn 0.000000 1.000000 0.000000
vn 0.000000 1.000000 0.000000
vn 0.000000 1.000000 0.000000
vn 0.000000 1.000000 -0.000000
vn 0.000000 1.000000 -0.000000
vn 0.000000 1.000000 -0.000000
vn 0.000000 1.000000 0.000000
vn 0.000000 1.000000 0.000000
vn 0.000000 1.000000 0.000000
vn 0.000000 1.000000 -0.000000
vn 0.000000 1.000000 -0.000000
vn 0.000000 1.000000 -0.000000
vn 0.000000 1.000000 0.000000
vn 0.000000 1.000000 0.000000
vn 0.000000 1.000000 0.000000
vn 0.000000 1.000000 0.000000
vn 0.000000 1.000000 0.000000
vn 0.000000 1.000000 0.000000
vn 0.000000 1.000000 0.000000
vn 0.000000 1.000000 0.000000
vn 0.000000 1.000000 0.000000
vn 0.000000 1.000000 -0.000000
vn 0.000000 1.000000 -0.000000
vn 0.000000 1.000000 -0.000000
vn 0.000000 1.000000 0.000000
vn 0.000000 1.000000 0.000000
vn 0.000000 1.000000 0.000000
vn 0.000000 1.000000 0.000000
vn 0.000000 1.000000 0.000000
vn 0.000000 1.000000 0.000000
vn 0.000000 1.000000 0.000000
vn 0.000000 1.000000 0.000000
vn 0.000000 1.000000 0.000000
vn 0.000000 1.000000 0.000000
vn 0.000000 1.000000 0.000000
vn 0.000000 1.000000 0.000000
vn 0.000000 1.000000 0.000000
vn 0.000000 1.000000 0.000000
vn 0.000000 1.000000 0.000000
vn 0.000000 1.000000 0.000000
vn 0.000000 1.000000 0.000000
vn 0.000000 1.000000 0.000000
vn 0.000000 1.000000 -0.000000
vn 0.000000 1.000000 -0.000000
vn 0.000000 1.000000 -0.000000
vn 0.000000 1.000000 0.000000
vn 0.000000 1.000000 0.000000
vn 0.000000 1.000000 0.000000
vn 0.000000 1.000000 -0.000000
vn 0.000000 1.000000 -0.000000
vn 0.000000 1.000000 -0.000000
vn 0.000000 1.000000 0.000000
vn 0.000000 1.000000 0.000000
vn 0.000000 1.000000 0.000000
vn 0.000000 1.000000 -0.000000
vn 0.000000 1.000000 -0.000000
vn 0.000000 1.000000 -0.000000
vn 0.000000 1.000000 -0.000000
vn 0.000000 1.000000 -0.000000
vn 0.000000 1.000000 -0.000000
vn 0.000000 1.000000 0.000000
vn 0.000000 1.000000 0.000000
vn 0.000000 1.000000 0.000000
vn 0.000000 1.000000 0.000000
vn 0.000000 1.000000 0.000000
vn 0.000000 1.000000 0.000000
vn 0.000000 1.000000 0.000000
vn 0.000000 1.000000 0.000000
vn 0.000000 1.000000 0.000000
vn 0.000000 1.000000 -0.000000
vn 0.000000 1.000000 -0.000000
vn 0.000000 1.000000 -0.000000
vn 0.000000 1.000000 0.000000
vn 0.000000 1.000000 0.000000
vn 0.000000 1.000000 0.000000
vn 0.000000 1.000000 -0.000000
vn 0.000000 1.000000 -0.000000
vn 0.000000 1.000000 -0.000000
vn 0.000000 1.000000 0.000000
vn 0.000000 1.000000 0.000000
vn 0.000000 1.000000 0.000000
vn 0.000000 1.000000 0.000000
vn 0.000000 1.000000 0.000000
vn 0.000000 1.000000 0.000000
vn 0.000000 1.000000 0.000000
vn 0.000000 1.000000 0.000000
vn 0.000000 1.000000 0.000000
vn 0.000000 1.000000 0.000000
vn 0.000000 1.000000 0.000000
vn 0.000000 1.000000 0.000000
vn 0.000000 1.000000 0.000000
vn 0.000000 1.000000 0.000000
vn 0.000000 1.000000 0.000000
vn 0.000000 1.000000 -0.000000
vn 0.000000 1.000000 -0.000000
vn 0.000000 1.000000 -0.000000
vn 0.000000 1.000000 -0.000000
vn 0.000000 1.000000 -0.000000
vn 0.000000 1.000000 -0.000000
vn 0.000000 1.000000 0.000000
vn 0.000000 1.000000 0.000000
vn 0.000000 1.000000 0.000000
vn 0.000000 1.000000 0.000000
vn 0.000000 1.000000 0.000000
vn 0.000000 1.000000 0.000000
vn 0.000000 1.000000 0.000000
vn 0.000000 1.000000 0.000000
vn 0.000000 1.000000 0.000000
vn 0.000000 1.000000 -0.000000
vn 0.000000 1.000000 -0.000000
vn 0.000000 1.000000 -0.000000
vn 0.000000 1.000000 0.000000
vn 0.000000 1.000000 0.000000
vn 0.000000 1.000000 0.000000
vn 0.000000 1.000000 0.000000
vn 0.000000 1.000000 0.000000
vn 0.000000 1.000000 0.000000
vn 0.000000 1.000000 0.000000
vn 0.000000 1.000000 0.000000
vn 0.000000 1.000000 0.000000
vn 0.000000 1.000000 0.000000
vn 0.000000 1.000000 0.000000
vn 0.000000 1.000000 0.000000
vn 0.000000 1.000000 -0.000000
vn 0.000000 1.000000 -0.000000
vn 0.000000 1.000000 -0.000000
vn 0.000000 1.000000 0.000000
vn 0.000000 1.000000 0.000000
vn 0.000000 1.000000 0.000000
vn 0.000000 1.000000 0.000000
vn 0.000000 1.000000 0.000000
vn 0.000000 1.000000 0.000000
vn 0.000000 1.000000 0.000000
vn 0.000000 1.000000 0.000000
vn 0.000000 1.000000 0.000000
vn 0.000000 1.000000 0.000000
vn 0.000000 1.000000 0.000000
vn 0.000000 1.000000 0.000000
vn 0.000000 1.000000 0.000000
vn 0.000000 1.000000 0.000000
vn 0.000000 1.000000 0.000000
vn 0.000000 1.000000 0.000000
vn 0.000000 1.000000 0.000000
vn 0.000000 1.000000 0.000000
vn 0.000000 1.000000 0.000000
vn 0.000000 1.000000 0.000000
vn 0.000000 1.000000 0.000000
vn 0.000000 1.000000 0.000000
vn 0.000000 1.000000 0.000000
vn 0.000000 1.000000 0.000000
vn 0.000000 1.000000 0.000000
vn 0.000000 1.000000 0.000000
vn 0.000000 1.000000 0.000000
vn 0.000000 1.000000 0.000000
vn 0.000000 1.000000 0.000000
vn 0.000000 1.000000 0.000000
vn 0.000000 1.000000 0.000000
vn 0.000000 1.000000 0.000000
vn 0.000000 1.000000 0.000000
vn 0.000000 1.000000 0.000000
vn 0.000000 1.000000 0.000000
vn 0.000000 1.000000 0.000000
vn 0.000000 1.000000 0.000000
vn 0.000000 1.000000 0.000000
vn 0.000000 1.000000 0.000000
vn 0.000000 1.000000 -0.000000
vn 0.000000 1.000000 -0.000000
vn 0.000000 1.000000 -0.000000
vn 0.000000 1.000000 0.000000
vn 0.000000 1.000000 0.000000
vn 0.000000 1.000000 0.000000
vn 0.000000 1.000000 0.000000
vn 0.000000 1.000000 0.000000
vn 0.000000 1.000000 0.000000
vn 0.000000 1.000000 0.000000
vn 0.000000 1.000000 0.000000
vn 0.000000 1.000000 0.000000
vn 0.000000 1.000000 0.000000
vn 0.000000 1.000000 0.000000
vn 0.000000 1.000000 0.000000
vn 0.000000 1.000000 0.000000
vn 0.000000 1.000000 0.000000
vn 0.000000 1.000000 0.000000
vn 0.000000 1.000000 0.000000
vn 0.000000 1.000000 0.000000
vn 0.000000 1.000000 0.000000
vn 0.000000 1.000000 0.000000
vn 0.000000 1.000000 0.000000
vn 0.000000 1.000000 0.000000
vn 0.000000 1.000000 0.000000
vn 0.000000 1.000000 0.000000
vn 0.000000 1.000000 0.000000
vn 0.000000 1.000000 -0.000001
vn 0.000000 1.000000 -0.000001
vn 0.000000 1.000000 -0.000001
vn 0.000000 1.000000 0.000000
vn 0.000000 1.000000 0.000000
vn 0.000000 1.000000 0.000000
vn 0.000000 1.000000 0.000000
vn 0.000000 1.000000 0.000000
vn 0.000000 1.000000 0.000000
vn 0.000000 1.000000 0.000000
vn 0.000000 1.000000 0.000000
vn 0.000000 1.000000 0.000000
vn 0.000000 1.000000 0.000000
vn 0.000000 1.000000 0.000000
vn 0.000000 1.000000 0.000000
vn 0.000000 1.000000 0.000000
vn 0.000000 1.000000 0.000000
vn 0.000000 1.000000 0.000000
vn 0.000000 1.000000 -0.000001
vn 0.000000 1.000000 -0.000001
vn 0.000000 1.000000 -0.000001
vn 0.000000 1.000000 0.000000
vn 0.000000 1.000000 0.000000
vn 0.000000 1.000000 0.000000
vn 0.000000 1.000000 -0.000000
vn 0.000000 1.000000 -0.000000
vn 0.000000 1.000000 -0.000000
vn 0.000000 1.000000 0.000000
vn 0.000000 1.000000 0.000000
vn 0.000000 1.000000 0.000000
vn 0.000000 1.000000 0.000000
vn 0.000000 1.000000 0.000000
vn 0.000000 1.000000 0.000000
vn 0.000000 1.000000 0.000000
vn 0.000000 1.000000 0.000000
vn 0.000000 1.000000 0.000000
vn 0.000000 1.000000 0.000000
vn 0.000000 1.000000 0.000000
vn 0.000000 1.000000 0.000000
vn 0.000000 1.000000 -0.000000
vn 0.000000 1.000000 -0.000000
vn 0.000000 1.000000 -0.000000
vn 0.000000 1.000000 -0.000000
vn 0.000000 1.000000 -0.000000
vn 0.000000 1.000000 -0.000000
vn 0.000000 1.000000 0.000000
vn 0.000000 1.000000 0.000000
vn 0.000000 1.000000 0.000000
vn 0.000000 1.000000 -0.000000
vn 0.000000 1.000000 -0.000000
vn 0.000000 1.000000 -0.000000
vn 0.000000 1.000000 0.000000
vn 0.000000 1.000000 0.000000
vn 0.000000 1.000000 0.000000
vn 0.000000 1.000000 -0.000000
vn 0.000000 1.000000 -0.000000
vn 0.000000 1.000000 -0.000000
vn 0.000000 1.000000 0.000000
vn 0.000000 1.000000 0.000000
vn 0.000000 1.000000 0.000000
vn 0.000000 1.000000 0.000000
vn 0.000000 1.000000 0.000000
vn 0.000000 1.000000 0.000000
vn 0.000000 1.000000 -0.000001
vn 0.000000 1.000000 -0.000001
vn 0.000000 1.000000 -0.000001
vn 0.000000 1.000000 0.000000
vn 0.000000 1.000000 0.000000
vn 0.000000 1.000000 0.000000
vn 0.000000 1.000000 0.000000
vn 0.000000 1.000000 0.000000
vn 0.000000 1.000000 0.000000
vn 0.000000 1.000000 0.000000
vn 0.000000 1.000000 0.000000
vn 0.000000 1.000000 0.000000
vn 0.000000 1.000000 0.000000
vn 0.000000 1.000000 0.000000
vn 0.000000 1.000000 0.000000
vn 0.000000 1.000000 0.000000
vn 0.000000 1.000000 0.000000
vn 0.000000 1.000000 0.000000
vn 0.000000 1.000000 0.000000
vn 0.000000 1.000000 0.000000
vn 0.000000 1.000000 0.000000
vn 0.000000 1.000000 0.000000
vn 0.000000 1.000000 0.000000
vn 0.000000 1.000000 0.000000
vn 0.000000 1.000000 0.000000
vn 0.000000 1.000000 0.000000
vn 0.000000 1.000000 0.000000
vn 0.000000 1.000000 0.000000
vn 0.000000 1.000000 0.000000
vn 0.000000 1.000000 0.000000
vn 0.000000 1.000000 0.000000
vn 0.000000 1.000000 0.000000
vn 0.000000 1.000000 0.000000
vn 0.000000 1.000000 0.000000
vn 0.000000 1.000000 0.000000
vn 0.000000 1.000000 0.000000
vn 0.000000 1.000000 0.000000
vn 0.000000 1.000000 0.000000
vn 0.000000 1.000000 0.000000
vn 0.000000 1.000000 0.000000
vn 0.000000 1.000000 0.000000
vn 0.000000 1.000000 0.000000
vn 0.000000 1.000000 0.000000
vn 0.000000 1.000000 0.000000
vn 0.000000 1.000000 0.000000
vn 0.000000 1.000000 0.000000
vn 0.000000 1.000000 0.000000
vn 0.000000 1.000000 0.000000
vn 0.000000 1.000000 0.000001
vn 0.000000 1.000000 0.000001
vn 0.000000 1.000000 0.000001
vn 0.000000 1.000000 0.000001
vn 0.000000 1.000000 0.000001
vn 0.000000 1.000000 0.000001
vn 0.000000 1.000000 -0.000002
vn 0.000000 1.000000 -0.000002
vn 0.000000 1.000000 -0.000002
vn 0.000000 1.000000 0.000000
vn 0.000000 1.000000 0.000000
vn 0.000000 1.000000 0.000000
vn 0.000000 1.000000 0.000000
vn 0.000000 1.000000 0.000000
vn 0.000000 1.000000 0.000000
vn 0.000000 1.000000 0.000001
vn 0.000000 1.000000 0.000001
vn 0.000000 1.000000 0.000001
vn 0.000000 1.000000 0.000000
vn 0.000000 1.000000 0.000000
vn 0.000000 1.000000 0.000000
vn 0.000000 1.000000 -0.000000
vn 0.000000 1.000000 -0.000000
vn 0.000000 1.000000 -0.000000
vn 0.000000 1.000000 -0.000000
vn 0.000000 1.000000 -0.000000
vn 0.000000 1.000000 -0.000000
vn 0.000000 1.000000 0.000000
vn 0.000000 1.000000 0.000000
vn 0.000000 1.000000 0.000000
vn 0.000000 1.000000 0.000000
vn 0.000000 1.000000 0.000000
vn 0.000000 1.000000 0.000000
vn 0.000000 1.000000 0.000006
vn 0.000000 1.000000 0.000006
vn 0.000000 1.000000 0.000006
vn 0.000000 1.000000 -0.000001
vn 0.000000 1.000000 -0.000001
vn 0.000000 1.000000 -0.000001
vn 0.000000 1.000000 0.000000
vn 0.000000 1.000000 0.000000
vn 0.000000 1.000000 0.000000
vn 0.000000 1.000000 0.000000
vn 0.000000 1.000000 0.000000
vn 0.000000 1.000000 0.000000
vn 0.000000 1.000000 0.000000
vn 0.000000 1.000000 0.000000
vn 0.000000 1.000000 0.000000
vn 0.000000 1.000000 0.000000
vn 0.000000 1.000000 0.000000
vn 0.000000 1.000000 0.000000
vn 0.000000 1.000000 0.000000
vn 0.000000 1.000000 0.000000
vn 0.000000 1.000000 0.000000
vn 0.000000 1.000000 0.000000
vn 0.000000 1.000000 0.000000
vn 0.000000 1.000000 0.000000
vn 0.000000 1.000000 0.000000
vn 0.000000 1.000000 0.000000
vn 0.000000 1.000000 0.000000
vn 0.000000 1.000000 0.000000
vn 0.000000 1.000000 0.000000
vn 0.000000 1.000000 0.000000
vn 0.000000 1.000000 0.000000
vn 0.000000 1.000000 0.000000
vn 0.000000 1.000000 0.000000
vn 0.000000 1.000000 0.000000
vn 0.000000 1.000000 0.000000
vn 0.000000 1.000000 0.000000
vn 0.000000 1.000000 0.000000
vn 0.000000 1.000000 0.000000
vn 0.000000 1.000000 0.000000
vn 0.000000 1.000000 0.000000
vn 0.000000 1.000000 0.000000
vn 0.000000 1.000000 0.000000
vn 0.000000 1.000000 -0.000001
vn 0.000000 1.000000 -0.000001
vn 0.000000 1.000000 -0.000001
vn 0.000000 1.000000 0.000000
vn 0.000000 1.000000 0.000000
vn 0.000000 1.000000 0.000000
vn 0.000000 1.000000 0.000000
vn 0.000000 1.000000 0.000000
vn 0.000000 1.000000 0.000000
vn 0.000000 1.000000 -0.000000
vn 0.000000 1.000000 -0.000000
vn 0.000000 1.000000 -0.000000
vn 0.000000 1.000000 0.000000
vn 0.000000 1.000000 0.000000
vn 0.000000 1.000000 0.000000
vn 0.000000 1.000000 0.000000
vn 0.000000 1.000000 0.000000
vn 0.000000 1.000000 0.000000
vn 0.000000 1.000000 0.000000
vn 0.000000 1.000000 0.000000
vn 0.000000 1.000000 0.000000
vn 0.000000 1.000000 0.000000
vn 0.000000 1.000000 0.000000
vn 0.000000 1.000000 0.000000
vn 0.000000 1.000000 0.000000
vn 0.000000 1.000000 0.000000
vn 0.000000 1.000000 0.000000
vn 0.000000 1.000000 0.000000
vn 0.000000 1.000000 0.000000
vn 0.000000 1.000000 0.000000
vn 0.000000 1.000000 0.000000
vn 0.000000 1.000000 0.000000
vn 0.000000 1.000000 0.000000
vn 0.000000 1.000000 -0.000000
vn 0.000000 1.000000 -0.000000
vn 0.000000 1.000000 -0.000000
vn 0.000000 1.000000 -0.000000
vn 0.000000 1.000000 -0.000000
vn 0.000000 1.000000 -0.000000
vn 0.000000 1.000000 0.000000
vn 0.000000 1.000000 0.000000
vn 0.000000 1.000000 0.000000
vn 0.000000 1.000000 0.000000
vn 0.000000 1.000000 0.000000
vn 0.000000 1.000000 0.000000
vn 0.000000 1.000000 0.000000
vn 0.000000 1.000000 0.000000
vn 0.000000 1.000000 0.000000
vn 0.000000 1.000000 -0.000000
vn 0.000000 1.000000 -0.000000
vn 0.000000 1.000000 -0.000000
vn 0.000000 1.000000 0.000000
vn 0.000000 1.000000 0.000000
vn 0.000000 1.000000 0.000000
vn 0.000000 1.000000 0.000000
vn 0.000000 1.000000 0.000000
vn 0.000000 1.000000 0.000000
vn 0.000000 1.000000 0.000000
vn 0.000000 1.000000 0.000000
vn 0.000000 1.000000 0.000000
vn 0.000000 1.000000 0.000000
vn 0.000000 1.000000 0.000000
vn 0.000000 1.000000 0.000000
vn 0.000000 1.000000 0.000000
vn 0.000000 1.000000 0.000000
vn 0.000000 1.000000 0.000000
vn 0.000000 1.000000 0.000000
vn 0.000000 1.000000 0.000000
vn 0.000000 1.000000 0.000000
vn 0.000000 1.000000 0.000000
vn 0.000000 1.000000 0.000000
vn 0.000000 1.000000 0.000000
vn 0.000000 1.000000 0.000000
vn 0.000000 1.000000 0.000000
vn 0.000000 1.000000 0.000000
vn 0.000000 1.000000 -0.000001
vn 0.000000 1.000000 -0.000001
vn 0.000000 1.000000 -0.000001
vn 0.000000 1.000000 0.000000
vn 0.000000 1.000000 0.000000
vn 0.000000 1.000000 0.000000
vn 0.000000 1.000000 0.000000
vn 0.000000 1.000000 0.000000
vn 0.000000 1.000000 0.000000
vn 0.000000 1.000000 -0.000000
vn 0.000000 1.000000 -0.000000
vn 0.000000 1.000000 -0.000000
vn 0.000000 1.000000 -0.000000
vn 0.000000 1.000000 -0.000000
vn 0.000000 1.000000 -0.000000
vn 0.000000 1.000000 0.000000
vn 0.000000 1.000000 0.000000
vn 0.000000 1.000000 0.000000
vn 0.000000 1.000000 0.000000
vn 0.000000 1.000000 0.000000
vn 0.000000 1.000000 0.000000
vn 0.000000 1.000000 0.000000
vn 0.000000 1.000000 0.000000
vn 0.000000 1.000000 0.000000
vn 0.000000 1.000000 0.000000
vn 0.000000 1.000000 0.000000
vn 0.000000 1.000000 0.000000
vn 0.000000 1.000000 -0.000000
vn 0.000000 1.000000 -0.000000
vn 0.000000 1.000000 -0.000000
vn 0.000000 1.000000 0.000000
vn 0.000000 1.000000 0.000000
vn 0.000000 1.000000 0.000000
vn 0.000000 1.000000 0.000000
vn 0.000000 1.000000 0.000000
vn 0.000000 1.000000 0.000000
vn 0.000000 1.000000 0.000000
vn 0.000000 1.000000 0.000000
vn 0.000000 1.000000 0.000000
vn 0.000000 1.000000 -0.000000
vn 0.000000 1.000000 -0.000000
vn 0.000000 1.000000 -0.000000
vn 0.000000 1.000000 0.000000
vn 0.000000 1.000000 0.000000
vn 0.000000 1.000000 0.000000
vn 0.000000 1.000000 0.000000
vn 0.000000 1.000000 0.000000
vn 0.000000 1.000000 0.000000
vn 0.000000 1.000000 0.000000
vn 0.000000 1.000000 0.000000
vn 0.000000 1.000000 0.000000
vn 0.000000 1.000000 0.000000
vn 0.000000 1.000000 0.000000
vn 0.000000 1.000000 0.000000
vn 0.000000 1.000000 0.000000
vn 0.000000 1.000000 0.000000
vn 0.000000 1.000000 0.000000
vn 0.000000 1.000000 0.000000
vn 0.000000 1.000000 0.000000
vn 0.000000 1.000000 0.000000
vn 0.000000 1.000000 -0.000000
vn 0.000000 1.000000 -0.000000
vn 0.000000 1.000000 -0.000000
vn 0.000000 1.000000 -0.000000
vn 0.000000 1.000000 -0.000000
vn 0.000000 1.000000 -0.000000
vn 0.000000 1.000000 0.000000
vn 0.000000 1.000000 0.000000
vn 0.000000 1.000000 0.000000
vn 0.000000 1.000000 0.000000
vn 0.000000 1.000000 0.000000
vn 0.000000 1.000000 0.000000
vn 0.000000 1.000000 0.000000
vn 0.000000 1.000000 0.000000
vn 0.000000 1.000000 0.000000
vn 0.000000 1.000000 0.000000
vn 0.000000 1.000000 0.000000
vn 0.000000 1.000000 0.000000
vn 0.000000 1.000000 0.000000
vn 0.000000 1.000000 0.000000
vn 0.000000 1.000000 0.000000
vn 0.000000 1.000000 0.000000
vn 0.000000 1.000000 0.000000
vn 0.000000 1.000000 0.000000
vn 0.000000 1.000000 0.000000
vn 0.000000 1.000000 0.000000
vn 0.000000 1.000000 0.000000
vn 0.000000 1.000000 0.000000
vn 0.000000 1.000000 0.000000
vn 0.000000 1.000000 0.000000
vn 0.000000 1.000000 0.000000
vn 0.000000 1.000000 0.000000
vn 0.000000 1.000000 0.000000
vn 0.000000 1.000000 0.000000
vn 0.000000 1.000000 0.000000
vn 0.000000 1.000000 0.000000
vn 0.000000 1.000000 -0.000000
vn 0.000000 1.000000 -0.000000
vn 0.000000 1.000000 -0.000000
vn 0.000000 1.000000 0.000000
vn 0.000000 1.000000 0.000000
vn 0.000000 1.000000 0.000000
vn 0.000000 1.000000 0.000000
vn 0.000000 1.000000 0.000000
vn 0.000000 1.000000 0.000000
vn 0.000000 1.000000 0.000000
vn 0.000000 1.000000 0.000000
vn 0.000000 1.000000 0.000000
vn 0.000000 1.000000 -0.000000
vn 0.000000 1.000000 -0.000000
vn 0.000000 1.000000 -0.000000
vn 0.000000 1.000000 0.000000
vn 0.000000 1.000000 0.000000
vn 0.000000 1.000000 0.000000
vn 0.000000 1.000000 0.000000
vn 0.000000 1.000000 0.000000
vn 0.000000 1.000000 0.000000
vn 0.000000 1.000000 0.000000
vn 0.000000 1.000000 0.000000
vn 0.000000 1.000000 0.000000
vn 0.000000 1.000000 0.000000
vn 0.000000 1.000000 0.000000
vn 0.000000 1.000000 0.000000
vn 0.000000 1.000000 0.000000
vn 0.000000 1.000000 0.000000
vn 0.000000 1.000000 0.000000
vn 0.000000 1.000000 0.000000
vn 0.000000 1.000000 0.000000
vn 0.000000 1.000000 0.000000
vn 0.000000 1.000000 0.000000
vn 0.000000 1.000000 0.000000
vn 0.000000 1.000000 0.000000
vn 0.000000 1.000000 0.000000
vn 0.000000 1.000000 0.000000
vn 0.000000 1.000000 0.000000
vn 0.000000 1.000000 -0.000000
vn 0.000000 1.000000 -0.000000
vn 0.000000 1.000000 -0.000000
vn 0.000000 1.000000 0.000000
vn 0.000000 1.000000 0.000000
vn 0.000000 1.000000 0.000000
vn 0.000000 1.000000 0.000000
vn 0.000000 1.000000 0.000000
vn 0.000000 1.000000 0.000000
vn 0.000000 1.000000 -0.000000
vn 0.000000 1.000000 -0.000000
vn 0.000000 1.000000 -0.000000
vn 0.000000 1.000000 0.000000
vn 0.000000 1.000000 0.000000
vn 0.000000 1.000000 0.000000
vn 0.000000 1.000000 0.000000
vn 0.000000 1.000000 0.000000
vn 0.000000 1.000000 0.000000
vn 0.000000 1.000000 -0.000000
vn 0.000000 1.000000 -0.000000
vn 0.000000 1.000000 -0.000000
vn 0.000000 1.000000 0.000000
vn 0.000000 1.000000 0.000000
vn 0.000000 1.000000 0.000000
vn 0.000000 1.000000 0.000000
vn 0.000000 1.000000 0.000000
vn 0.000000 1.000000 0.000000
vn 0.000000 1.000000 0.000000
vn 0.000000 1.000000 0.000000
vn 0.000000 1.000000 0.000000
vn 0.000000 1.000000 -0.000000
vn 0.000000 1.000000 -0.000000
vn 0.000000 1.000000 -0.000000
vn 0.000000 1.000000 0.000000
vn 0.000000 1.000000 0.000000
vn 0.000000 1.000000 0.000000
vn 0.000000 1.000000 0.000000
vn 0.000000 1.000000 0.000000
vn 0.000000 1.000000 0.000000
vn 0.000000 1.000000 0.000000
vn 0.000000 1.000000 0.000000
vn 0.000000 1.000000 0.000000
vn 0.000000 1.000000 -0.000000
vn 0.000000 1.000000 -0.000000
vn 0.000000 1.000000 -0.000000
vn 0.000000 1.000000 0.000000
vn 0.000000 1.000000 0.000000
vn 0.000000 1.000000 0.000000
vn 0.000000 1.000000 0.000000
vn 0.000000 1.000000 0.000000
vn 0.000000 1.000000 0.000000
vn 0.000000 1.000000 0.000000
vn 0.000000 1.000000 0.000000
vn 0.000000 1.000000 0.000000
vn 0.000000 1.000000 0.000000
vn 0.000000 1.000000 0.000000
vn 0.000000 1.000000 0.000000
vn 0.000000 1.000000 -0.000000
vn 0.000000 1.000000 -0.000000
vn 0.000000 1.000000 -0.000000
vn 0.000000 1.000000 0.000000
vn 0.000000 1.000000 0.000000
vn 0.000000 1.000000 0.000000
vn 0.000000 1.000000 -0.000000
vn 0.000000 1.000000 -0.000000
vn 0.000000 1.000000 -0.000000
vn 0.000000 1.000000 0.000000
vn 0.000000 1.000000 0.000000
vn 0.000000 1.000000 0.000000
vn 0.000000 1.000000 0.000000
vn 0.000000 1.000000 0.000000
vn 0.000000 1.000000 0.000000
vn 0.000000 1.000000 -0.000001
vn 0.000000 1.000000 -0.000001
vn 0.000000 1.000000 -0.000001
vn 0.000000 1.000000 0.000012
vn 0.000000 1.000000 0.000012
vn 0.000000 1.000000 0.000012
vn 0.000000 1.000000 0.000000
vn 0.000000 1.000000 0.000000
vn 0.000000 1.000000 0.000000
vn 0.000000 1.000000 0.000000
vn 0.000000 1.000000 0.000000
vn 0.000000 1.000000 0.000000
vn 0.000000 1.000000 -0.000001
vn 0.000000 1.000000 -0.000001
vn 0.000000 1.000000 -0.000001
vn 0.000000 1.000000 0.000000
vn 0.000000 1.000000 0.000000
vn 0.000000 1.000000 0.000000
vn 0.000000 1.000000 -0.000000
vn 0.000000 1.000000 -0.000000
vn 0.000000 1.000000 -0.000000
vn 0.000000 1.000000 -0.000000
vn 0.000000 1.000000 -0.000000
vn 0.000000 1.000000 -0.000000
vn 0.000000 1.000000 -0.000001
vn 0.000000 1.000000 -0.000001
vn 0.000000 1.000000 -0.000001
vn 0.000000 1.000000 -0.000000
vn 0.000000 1.000000 -0.000000
vn 0.000000 1.000000 -0.000000
vn 0.000000 1.000000 0.000000
vn 0.000000 1.000000 0.000000
vn 0.000000 1.000000 0.000000
vn 0.000000 1.000000 0.000004
vn 0.000000 1.000000 0.000004
vn 0.000000 1.000000 0.000004
vn 0.000000 1.000000 0.000000
vn 0.000000 1.000000 0.000000
vn 0.000000 1.000000 0.000000
vn 0.000000 1.000000 0.000000
vn 0.000000 1.000000 0.000000
vn 0.000000 1.000000 0.000000
vn 0.000000 1.000000 0.000000
vn 0.000000 1.000000 0.000000
vn 0.000000 1.000000 0.000000
vn 0.000000 1.000000 -0.000000
vn 0.000000 1.000000 -0.000000
vn 0.000000 1.000000 -0.000000
vn 0.000000 1.000000 0.000000
vn 0.000000 1.000000 0.000000
vn 0.000000 1.000000 0.000000
vn 0.000000 1.000000 0.000000
vn 0.000000 1.000000 0.000000
vn 0.000000 1.000000 0.000000
vn 0.000000 1.000000 0.000000
vn 0.000000 1.000000 0.000000
vn 0.000000 1.000000 0.000000
vn 0.000000 1.000000 0.000000
vn 0.000000 1.000000 0.000000
vn 0.000000 1.000000 0.000000
vn 0.000000 1.000000 0.000000
vn 0.000000 1.000000 0.000000
vn 0.000000 1.000000 0.000000
vn 0.000000 1.000000 0.000000
vn 0.000000 1.000000 0.000000
vn 0.000000 1.000000 0.000000
vn 0.000000 1.000000 0.000000
vn 0.000000 1.000000 0.000000
vn 0.000000 1.000000 0.000000
vn 0.000000 1.000000 0.000000
vn 0.000000 1.000000 0.000000
vn 0.000000 1.000000 0.000000
vn 0.000000 1.000000 -0.000000
vn 0.000000 1.000000 -0.000000
vn 0.000000 1.000000 -0.000000
vn 0.000000 1.000000 0.000000
vn 0.000000 1.000000 0.000000
vn 0.000000 1.000000 0.000000
vn 0.000000 1.000000 0.000000
vn 0.000000 1.000000 0.000000
vn 0.000000 1.000000 0.000000
vn 0.000000 1.000000 -0.000000
vn 0.000000 1.000000 -0.000000
vn 0.000000 1.000000 -0.000000
vn 0.000000 1.000000 0.000000
vn 0.000000 1.000000 0.000000
vn 0.000000 1.000000 0.000000
vn 0.000000 1.000000 0.000000
vn 0.000000 1.000000 0.000000
vn 0.000000 1.000000 0.000000
vn 0.000000 1.000000 0.000000
vn 0.000000 1.000000 0.000000
vn 0.000000 1.000000 0.000000
vn 0.000000 1.000000 0.000000
vn 0.000000 1.000000 0.000000
vn 0.000000 1.000000 0.000000
vn 0.000000 1.000000 0.000000
vn 0.000000 1.000000 0.000000
vn 0.000000 1.000000 0.000000
vn 0.000000 1.000000 0.000000
vn 0.000000 1.000000 0.000000
vn 0.000000 1.000000 0.000000
vn 0.000000 1.000000 -0.000000
vn 0.000000 1.000000 -0.000000
vn 0.000000 1.000000 -0.000000
vn 0.000000 1.000000 0.000003
vn 0.000000 1.000000 0.000003
vn 0.000000 1.000000 0.000003
vn 0.000000 1.000000 0.000000
vn 0.000000 1.000000 0.000000
vn 0.000000 1.000000 0.000000
vn 0.000000 1.000000 0.000000
vn 0.000000 1.000000 0.000000
vn 0.000000 1.000000 0.000000
vn 0.000000 1.000000 -0.000000
vn 0.000000 1.000000 -0.000000
vn 0.000000 1.000000 -0.000000
vn 0.000000 1.000000 0.000000
vn 0.000000 1.000000 0.000000
vn 0.000000 1.000000 0.000000
vn 0.000000 1.000000 -0.000000
vn 0.000000 1.000000 -0.000000
vn 0.000000 1.000000 -0.000000
vn 0.000000 1.000000 0.000000
vn 0.000000 1.000000 0.000000
vn 0.000000 1.000000 0.000000
vn 0.000000 1.000000 -0.000000
vn 0.000000 1.000000 -0.000000
vn 0.000000 1.000000 -0.000000
vn 0.000000 1.000000 0.000000
vn 0.000000 1.000000 0.000000
vn 0.000000 1.000000 0.000000
vn 0.000000 1.000000 0.000000
vn 0.000000 1.000000 0.000000
vn 0.000000 1.000000 0.000000
vn 0.000000 1.000000 0.000000
vn 0.000000 1.000000 0.000000
vn 0.000000 1.000000 0.000000
vn 0.000000 1.000000 0.000000
vn 0.000000 1.000000 0.000000
vn 0.000000 1.000000 0.000000
vn 0.000000 1.000000 0.000000
vn 0.000000 1.000000 0.000000
vn 0.000000 1.000000 0.000000
vn 0.000000 1.000000 -0.000000
vn 0.000000 1.000000 -0.000000
vn 0.000000 1.000000 -0.000000
vn 0.000000 1.000000 0.000000
vn 0.000000 1.000000 0.000000
vn 0.000000 1.000000 0.000000
vn 0.000000 1.000000 0.000000
vn 0.000000 1.000000 0.000000
vn 0.000000 1.000000 0.000000
vn 0.000000 1.000000 0.000000
vn 0.000000 1.000000 0.000000
vn 0.000000 1.000000 0.000000
vn 0.000000 1.000000 0.000000
vn 0.000000 1.000000 0.000000
vn 0.000000 1.000000 0.000000
vn 0.000000 1.000000 0.000000
vn 0.000000 1.000000 0.000000
vn 0.000000 1.000000 0.000000
vn 0.000000 1.000000 0.000000
vn 0.000000 1.000000 0.000000
vn 0.000000 1.000000 0.000000
vn 0.000000 1.000000 -0.000000
vn 0.000000 1.000000 -0.000000
vn 0.000000 1.000000 -0.000000
vn 0.000000 1.000000 0.000000
vn 0.000000 1.000000 0.000000
vn 0.000000 1.000000 0.000000
vn 0.000000 1.000000 0.000000
vn 0.000000 1.000000 0.000000
vn 0.000000 1.000000 0.000000
vn 0.000000 1.000000 -0.000001
vn 0.000000 1.000000 -0.000001
vn 0.000000 1.000000 -0.000001
vn 0.000000 1.000000 0.000000
vn 0.000000 1.000000 0.000000
vn 0.000000 1.000000 0.000000
vn 0.000000 1.000000 0.000000
vn 0.000000 1.000000 0.000000
vn 0.000000 1.000000 0.000000
vn 0.000000 1.000000 0.000001
vn 0.000000 1.000000 0.000001
vn 0.000000 1.000000 0.000001
vn 0.000000 1.000000 0.000000
vn 0.000000 1.000000 0.000000
vn 0.000000 1.000000 0.000000
vn 0.000000 1.000000 0.000000
vn 0.000000 1.000000 0.000000
vn 0.000000 1.000000 0.000000
vn 0.000000 1.000000 0.000000
vn 0.000000 1.000000 0.000000
vn 0.000000 1.000000 0.000000
vn 0.000000 1.000000 0.000000
vn 0.000000 1.000000 0.000000
vn 0.000000 1.000000 0.000000
vn 0.000000 1.000000 0.000000
vn 0.000000 1.000000 0.000000
vn 0.000000 1.000000 0.000000
vn 0.000000 1.000000 0.000000
vn 0.000000 1.000000 0.000000
vn 0.000000 1.000000 0.000000
vn 0.000000 1.000000 0.000000
vn 0.000000 1.000000 0.000000
vn 0.000000 1.000000 0.000000
vn 0.000000 1.000000 0.000000
vn 0.000000 1.000000 0.000000
vn 0.000000 1.000000 0.000000
vn 0.000000 1.000000 0.000000
vn 0.000000 1.000000 0.000000
vn 0.000000 1.000000 0.000000
vn 0.000000 1.000000 0.000000
vn 0.000000 1.000000 0.000000
vn 0.000000 1.000000 0.000000
vn 0.000000 1.000000 0.000000
vn 0.000000 1.000000 0.000000
vn 0.000000 1.000000 0.000000
vn 0.000000 1.000000 -0.000000
vn 0.000000 1.000000 -0.000000
vn 0.000000 1.000000 -0.000000
vn 0.000000 1.000000 0.000000
vn 0.000000 1.000000 0.000000
vn 0.000000 1.000000 0.000000
vn 0.000000 1.000000 -0.000000
vn 0.000000 1.000000 -0.000000
vn 0.000000 1.000000 -0.000000
vn 0.000000 1.000000 0.000000
vn 0.000000 1.000000 0.000000
vn 0.000000 1.000000 0.000000
vn 0.000000 1.000000 0.000000
vn 0.000000 1.000000 0.000000
vn 0.000000 1.000000 0.000000
vn 0.000000 1.000000 -0.000003
vn 0.000000 1.000000 -0.000003
vn 0.000000 1.000000 -0.000003
vn 0.000000 1.000000 0.000000
vn 0.000000 1.000000 0.000000
vn 0.000000 1.000000 0.000000
vn 0.000000 1.000000 0.000000
vn 0.000000 1.000000 0.000000
vn 0.000000 1.000000 0.000000
vn 0.000000 1.000000 0.000000
vn 0.000000 1.000000 0.000000
vn 0.000000 1.000000 0.000000
vn 0.000000 1.000000 0.000001
vn 0.000000 1.000000 0.000001
vn 0.000000 1.000000 0.000001
vn 0.000000 1.000000 -0.000000
vn 0.000000 1.000000 -0.000000
vn 0.000000 1.000000 -0.000000
vn 0.000000 1.000000 0.000000
vn 0.000000 1.000000 0.000000
vn 0.000000 1.000000 0.000000
vn 0.000000 1.000000 0.000000
vn 0.000000 1.000000 0.000000
vn 0.000000 1.000000 0.000000
vn 0.000000 1.000000 0.000000
vn 0.000000 1.000000 0.000000
vn 0.000000 1.000000 0.000000
vn 0.000000 1.000000 0.000000
vn 0.000000 1.000000 0.000000
vn 0.000000 1.000000 0.000000
vn 0.000000 1.000000 0.000000
vn 0.000000 1.000000 0.000000
vn 0.000000 1.000000 0.000000
vn 0.000000 1.000000 0.000000
vn 0.000000 1.000000 0.000000
vn 0.000000 1.000000 0.000000
vn 0.000000 1.000000 -0.000000
vn 0.000000 1.000000 -0.000000
vn 0.000000 1.000000 -0.000000
vn 0.000000 1.000000 0.000000
vn 0.000000 1.000000 0.000000
vn 0.000000 1.000000 0.000000
vn 0.000000 1.000000 0.000000
vn 0.000000 1.000000 0.000000
vn 0.000000 1.000000 0.000000
vn 0.000000 1.000000 0.000000
vn 0.000000 1.000000 0.000000
vn 0.000000 1.000000 0.000000
vn 0.000000 1.000000 0.000000
vn 0.000000 1.000000 0.000000
vn 0.000000 1.000000 0.000000
vn 0.000000 1.000000 0.000000
vn 0.000000 1.000000 0.000000
vn 0.000000 1.000000 0.000000
vn 0.000000 1.000000 0.000000
vn 0.000000 1.000000 0.000000
vn 0.000000 1.000000 0.000000
vn 0.000000 1.000000 0.000000
vn 0.000000 1.000000 0.000000
vn 0.000000 1.000000 0.000000
vn 0.000000 1.000000 -0.000000
vn 0.000000 1.000000 -0.000000
vn 0.000000 1.000000 -0.000000
vn 0.000000 1.000000 0.000000
vn 0.000000 1.000000 0.000000
vn 0.000000 1.000000 0.000000
vn 0.000000 1.000000 0.000000
vn 0.000000 1.000000 0.000000
vn 0.000000 1.000000 0.000000
vn 0.000000 1.000000 0.000000
vn 0.000000 1.000000 0.000000
vn 0.000000 1.000000 0.000000
vn 0.000000 1.000000 0.000000
vn 0.000000 1.000000 0.000000
vn 0.000000 1.000000 0.000000
vn 0.000000 1.000000 0.000000
vn 0.000000 1.000000 0.000000
vn 0.000000 1.000000 0.000000
vn 0.000000 1.000000 0.000000
vn 0.000000 1.000000 0.000000
vn 0.000000 1.000000 0.000000
vn 0.000000 1.000000 -0.000003
vn 0.000000 1.000000 -0.000003
vn 0.000000 1.000000 -0.000003
vn 0.000000 1.000000 0.000000
vn 0.000000 1.000000 0.000000
vn 0.000000 1.000000 0.000000
vn 0.000000 1.000000 0.000000
vn 0.000000 1.000000 0.000000
vn 0.000000 1.000000 0.000000
vn 0.000000 1.000000 0.000000
vn 0.000000 1.000000 0.000000
vn 0.000000 1.000000 0.000000
vn 0.000000 1.000000 -0.000000
vn 0.000000 1.000000 -0.000000
vn 0.000000 1.000000 -0.000000
vn 0.000000 1.000000 0.000000
vn 0.000000 1.000000 0.000000
vn 0.000000 1.000000 0.000000
vn 0.000000 1.000000 -0.000000
vn 0.000000 1.000000 -0.000000
vn 0.000000 1.000000 -0.000000
vn 0.000000 1.000000 0.000000
vn 0.000000 1.000000 0.000000
vn 0.000000 1.000000 0.000000
vn 0.000000 1.000000 0.000001
vn 0.000000 1.000000 0.000001
vn 0.000000 1.000000 0.000001
vn 0.000000 1.000000 0.000000
vn 0.000000 1.000000 0.000000
vn 0.000000 1.000000 0.000000
vn 0.000000 1.000000 0.000000
vn 0.000000 1.000000 0.000000
vn 0.000000 1.000000 0.000000
vn 0.000000 1.000000 0.000000
vn 0.000000 1.000000 0.000000
vn 0.000000 1.000000 0.000000
vn 0.000000 1.000000 0.000001
vn 0.000000 1.000000 0.000001
vn 0.000000 1.000000 0.000001
vn 0.000000 1.000000 0.000000
vn 0.000000 1.000000 0.000000
vn 0.000000 1.000000 0.000000
vn 0.000000 1.000000 0.000000
vn 0.000000 1.000000 0.000000
vn 0.000000 1.000000 0.000000
vn 0.000000 1.000000 0.000000
vn 0.000000 1.000000 0.000000
vn 0.000000 1.000000 0.000000
vn 0.000000 1.000000 0.000000
vn 0.000000 1.000000 0.000000
vn 0.000000 1.000000 0.000000
vn 0.000000 1.000000 -0.000000
vn 0.000000 1.000000 -0.000000
vn 0.000000 1.000000 -0.000000
vn 0.000000 1.000000 -0.000000
vn 0.000000 1.000000 -0.000000
vn 0.000000 1.000000 -0.000000
vn 0.000000 1.000000 0.000000
vn 0.000000 1.000000 0.000000
vn 0.000000 1.000000 0.000000
vn 0.000000 1.000000 0.000000
vn 0.000000 1.000000 0.000000
vn 0.000000 1.000000 0.000000
vn 0.000000 1.000000 0.000000
vn 0.000000 1.000000 0.000000
vn 0.000000 1.000000 0.000000
vn 0.000000 1.000000 -0.000000
vn 0.000000 1.000000 -0.000000
vn 0.000000 1.000000 -0.000000
vn 0.000000 1.000000 0.000000
vn 0.000000 1.000000 0.000000
vn 0.000000 1.000000 0.000000
vn 0.000000 1.000000 -0.000000
vn 0.000000 1.000000 -0.000000
vn 0.000000 1.000000 -0.000000
vn 0.000000 1.000000 0.000000
vn 0.000000 1.000000 0.000000
vn 0.000000 1.000000 0.000000
vn 0.000000 1.000000 0.000000
vn 0.000000 1.000000 0.000000
vn 0.000000 1.000000 0.000000
vn 0.000000 1.000000 0.000000
vn 0.000000 1.000000 0.000000
vn 0.000000 1.000000 0.000000
vn 0.000000 1.000000 0.000000
vn 0.000000 1.000000 0.000000
vn 0.000000 1.000000 0.000000
vn 0.000000 1.000000 0.000000
vn 0.000000 1.000000 0.000000
vn 0.000000 1.000000 0.000000
vn 0.000000 1.000000 0.000000
vn 0.000000 1.000000 0.000000
vn 0.000000 1.000000 0.000000
vn 0.000000 1.000000 0.000000
vn 0.000000 1.000000 0.000000
vn 0.000000 1.000000 0.000000
vn 0.000000 1.000000 0.000000
vn 0.000000 1.000000 0.000000
vn 0.000000 1.000000 0.000000
vn 0.000000 1.000000 0.000000
vn 0.000000 1.000000 0.000000
vn 0.000000 1.000000 0.000000
vn 0.000000 1.000000 0.000000
vn 0.000000 1.000000 0.000000
vn 0.000000 1.000000 0.000000
vn 0.000000 1.000000 0.000000
vn 0.000000 1.000000 0.000000
vn 0.000000 1.000000 0.000000
vn 0.000000 1.000000 -0.000000
vn 0.000000 1.000000 -0.000000
vn 0.000000 1.000000 -0.000000
vn 0.000000 1.000000 0.000001
vn 0.000000 1.000000 0.000001
vn 0.000000 1.000000 0.000001
vn 0.000000 1.000000 0.000000
vn 0.000000 1.000000 0.000000
vn 0.000000 1.000000 0.000000
vn 0.000000 1.000000 -0.000000
vn 0.000000 1.000000 -0.000000
vn 0.000000 1.000000 -0.000000
vn 0.000000 1.000000 0.000000
vn 0.000000 1.000000 0.000000
vn 0.000000 1.000000 0.000000
vn 0.000000 1.000000 0.000000
vn 0.000000 1.000000 0.000000
vn 0.000000 1.000000 0.000000
vn 0.000000 1.000000 0.000000
vn 0.000000 1.000000 0.000000
vn 0.000000 1.000000 0.000000
vn 0.000000 1.000000 0.000000
vn 0.000000 1.000000 0.000000
vn 0.000000 1.000000 0.000000
vn 0.000000 1.000000 0.000000
vn 0.000000 1.000000 0.000000
vn 0.000000 1.000000 0.000000
vn 0.000000 1.000000 -0.000000
vn 0.000000 1.000000 -0.000000
vn 0.000000 1.000000 -0.000000
vn 0.000000 1.000000 0.000000
vn 0.000000 1.000000 0.000000
vn 0.000000 1.000000 0.000000
vn 0.000000 1.000000 0.000000
vn 0.000000 1.000000 0.000000
vn 0.000000 1.000000 0.000000
vn 0.000000 1.000000 -0.000000
vn 0.000000 1.000000 -0.000000
vn 0.000000 1.000000 -0.000000
vn 0.000000 1.000000 -0.000000
vn 0.000000 1.000000 -0.000000
vn 0.000000 1.000000 -0.000000
vn 0.000000 1.000000 0.000000
vn 0.000000 1.000000 0.000000
vn 0.000000 1.000000 0.000000
vn 0.000000 1.000000 0.000000
vn 0.000000 1.000000 0.000000
vn 0.000000 1.000000 0.000000
vn 0.000000 1.000000 0.000000
vn 0.000000 1.000000 0.000000
vn 0.000000 1.000000 0.000000
vn 0.000000 1.000000 0.000000
vn 0.000000 1.000000 0.000000
vn 0.000000 1.000000 0.000000
vn 0.000000 1.000000 0.000000
vn 0.000000 1.000000 0.000000
vn 0.000000 1.000000 0.000000
vn 0.000000 1.000000 0.000000
vn 0.000000 1.000000 0.000000
vn 0.000000 1.000000 0.000000
vn 0.000000 1.000000 0.000000
vn 0.000000 1.000000 0.000000
vn 0.000000 1.000000 0.000000
vn 0.000000 1.000000 0.000000
vn 0.000000 1.000000 0.000000
vn 0.000000 1.000000 0.000000
vn 0.000000 1.000000 0.000000
vn 0.000000 1.000000 0.000000
vn 0.000000 1.000000 0.000000
vn 0.000000 1.000000 -0.000000
vn 0.000000 1.000000 -0.000000
vn 0.000000 1.000000 -0.000000
vn 0.000000 1.000000 0.000000
vn 0.000000 1.000000 0.000000
vn 0.000000 1.000000 0.000000
vn 0.000000 1.000000 0.000000
vn 0.000000 1.000000 0.000000
vn 0.000000 1.000000 0.000000
vn 0.000000 1.000000 0.000000
vn 0.000000 1.000000 0.000000
vn 0.000000 1.000000 0.000000
vn 0.000000 1.000000 0.000000
vn 0.000000 1.000000 0.000000
vn 0.000000 1.000000 0.000000
vn 0.000000 1.000000 0.000000
vn 0.000000 1.000000 0.000000
vn 0.000000 1.000000 0.000000
vn 0.000000 1.000000 0.000000
vn 0.000000 1.000000 0.000000
vn 0.000000 1.000000 0.000000
vn 0.000000 1.000000 0.000000
vn 0.000000 1.000000 0.000000
vn 0.000000 1.000000 0.000000
vn 0.000000 1.000000 0.000000
vn 0.000000 1.000000 0.000000
vn 0.000000 1.000000 0.000000
vn 0.000000 1.000000 0.000000
vn 0.000000 1.000000 0.000000
vn 0.000000 1.000000 0.000000
vn 0.000000 1.000000 0.000000
vn 0.000000 1.000000 0.000000
vn 0.000000 1.000000 0.000000
vn 0.000000 1.000000 0.000000
vn 0.000000 1.000000 0.000000
vn 0.000000 1.000000 0.000000
vn 0.000000 1.000000 0.000000
vn 0.000000 1.000000 0.000000
vn 0.000000 1.000000 0.000000
vn 0.000000 1.000000 -0.000000
vn 0.000000 1.000000 -0.000000
vn 0.000000 1.000000 -0.000000
vn 0.000000 1.000000 0.000000
vn 0.000000 1.000000 0.000000
vn 0.000000 1.000000 0.000000
vn 0.000000 1.000000 0.000000
vn 0.000000 1.000000 0.000000
vn 0.000000 1.000000 0.000000
vn 0.000000 1.000000 0.000000
vn 0.000000 1.000000 0.000000
vn 0.000000 1.000000 0.000000
vn 0.000000 1.000000 0.000000
vn 0.000000 1.000000 0.000000
vn 0.000000 1.000000 0.000000
vn 0.000000 1.000000 0.000000
vn 0.000000 1.000000 0.000000
vn 0.000000 1.000000 0.000000
vn 0.000000 1.000000 0.000000
vn 0.000000 1.000000 0.000000
vn 0.000000 1.000000 0.000000
vn 0.000000 1.000000 0.000000
vn 0.000000 1.000000 0.000000
vn 0.000000 1.000000 0.000000
vn 0.000000 1.000000 0.000000
vn 0.000000 1.000000 0.000000
vn 0.000000 1.000000 0.000000
vn 0.000000 1.000000 0.000000
vn 0.000000 1.000000 0.000000
vn 0.000000 1.000000 0.000000
vn 0.000000 1.000000 0.000000
vn 0.000000 1.000000 0.000000
vn 0.000000 1.000000 0.000000
vn 0.000000 1.000000 0.000000
vn 0.000000 1.000000 0.000000
vn 0.000000 1.000000 0.000000
vn 0.000000 1.000000 0.000000
vn 0.000000 1.000000 0.000000
vn 0.000000 1.000000 0.000000
vn 0.000000 1.000000 0.000000
vn 0.000000 1.000000 0.000000
vn 0.000000 1.000000 0.000000
vn 0.000000 1.000000 0.000000
vn 0.000000 1.000000 0.000000
vn 0.000000 1.000000 0.000000
vn 0.000000 1.000000 -0.000000
vn 0.000000 1.000000 -0.000000
vn 0.000000 1.000000 -0.000000
vn 0.000000 1.000000 0.000000
vn 0.000000 1.000000 0.000000
vn 0.000000 1.000000 0.000000
vn 0.000000 1.000000 0.000000
vn 0.000000 1.000000 0.000000
vn 0.000000 1.000000 0.000000
vn 0.000000 1.000000 -0.000000
vn 0.000000 1.000000 -0.000000
vn 0.000000 1.000000 -0.000000
vn 0.000000 1.000000 -0.000000
vn 0.000000 1.000000 -0.000000
vn 0.000000 1.000000 -0.000000
vn 0.000000 1.000000 0.000000
vn 0.000000 1.000000 0.000000
vn 0.000000 1.000000 0.000000
vn 0.000000 1.000000 0.000000
vn 0.000000 1.000000 0.000000
vn 0.000000 1.000000 0.000000
vn 0.000000 1.000000 -0.000000
vn 0.000000 1.000000 -0.000000
vn 0.000000 1.000000 -0.000000
vn 0.000000 1.000000 0.000000
vn 0.000000 1.000000 0.000000
vn 0.000000 1.000000 0.000000
vn 0.000000 1.000000 0.000000
vn 0.000000 1.000000 0.000000
vn 0.000000 1.000000 0.000000
vn 0.000000 1.000000 0.000000
vn 0.000000 1.000000 0.000000
vn 0.000000 1.000000 0.000000
vn 0.000000 1.000000 0.000000
vn 0.000000 1.000000 0.000000
vn 0.000000 1.000000 0.000000
vn 0.000000 1.000000 0.000000
vn 0.000000 1.000000 0.000000
vn 0.000000 1.000000 0.000000
vn 0.000000 1.000000 -0.000000
vn 0.000000 1.000000 -0.000000
vn 0.000000 1.000000 -0.000000
vn 0.000000 1.000000 0.000000
vn 0.000000 1.000000 0.000000
vn 0.000000 1.000000 0.000000
vn 0.000000 1.000000 -0.000000
vn 0.000000 1.000000 -0.000000
vn 0.000000 1.000000 -0.000000
vn 0.000000 1.000000 -0.000000
vn 0.000000 1.000000 -0.000000
vn 0.000000 1.000000 -0.000000
vn 0.000000 1.000000 0.000000
vn 0.000000 1.000000 0.000000
vn 0.000000 1.000000 0.000000
vn 0.000000 1.000000 0.000000
vn 0.000000 1.000000 0.000000
vn 0.000000 1.000000 0.000000
vn 0.000000 1.000000 0.000000
vn 0.000000 1.000000 0.000000
vn 0.000000 1.000000 0.000000
vn 0.000000 1.000000 0.000000
vn 0.000000 1.000000 0.000000
vn 0.000000 1.000000 0.000000
vn 0.000000 1.000000 0.000000
vn 0.000000 1.000000 0.000000
vn 0.000000 1.000000 0.000000
vn 0.000000 1.000000 0.000000
vn 0.000000 1.000000 0.000000
vn 0.000000 1.000000 0.000000
vn 0.000000 1.000000 0.000000
vn 0.000000 1.000000 0.000000
vn 0.000000 1.000000 0.000000
vn 0.000000 1.000000 -0.000000
vn 0.000000 1.000000 -0.000000
vn 0.000000 1.000000 -0.000000
vn 0.000000 1.000000 0.000000
vn 0.000000 1.000000 0.000000
vn 0.000000 1.000000 0.000000
vn 0.000000 1.000000 0.000000
vn 0.000000 1.000000 0.000000
vn 0.000000 1.000000 0.000000
vn 0.000000 1.000000 0.000000
vn 0.000000 1.000000 0.000000
vn 0.000000 1.000000 0.000000
vn 0.000000 1.000000 0.000000
vn 0.000000 1.000000 0.000000
vn 0.000000 1.000000 0.000000
vn 0.000000 1.000000 -0.000000
vn 0.000000 1.000000 -0.000000
vn 0.000000 1.000000 -0.000000
vn 0.000000 1.000000 0.000000
vn 0.000000 1.000000 0.000000
vn 0.000000 1.000000 0.000000
vn 0.000000 1.000000 0.000000
vn 0.000000 1.000000 0.000000
vn 0.000000 1.000000 0.000000
vn 0.000000 1.000000 0.000000
vn 0.000000 1.000000 0.000000
vn 0.000000 1.000000 0.000000
vn 0.000000 1.000000 -0.000000
vn 0.000000 1.000000 -0.000000
vn 0.000000 1.000000 -0.000000
vn 0.000000 1.000000 0.000000
vn 0.000000 1.000000 0.000000
vn 0.000000 1.000000 0.000000
vn 0.000000 1.000000 -0.000000
vn 0.000000 1.000000 -0.000000
vn 0.000000 1.000000 -0.000000
vn 0.000000 1.000000 0.000000
vn 0.000000 1.000000 0.000000
vn 0.000000 1.000000 0.000000
vn 0.000000 1.000000 0.000000
vn 0.000000 1.000000 0.000000
vn 0.000000 1.000000 0.000000
vn 0.000000 1.000000 0.000000
vn 0.000000 1.000000 0.000000
vn 0.000000 1.000000 0.000000
vn 0.000000 1.000000 0.000000
vn 0.000000 1.000000 0.000000
vn 0.000000 1.000000 0.000000
vn 0.000000 1.000000 0.000000
vn 0.000000 1.000000 0.000000
vn 0.000000 1.000000 0.000000
vn 0.000000 1.000000 -0.000000
vn 0.000000 1.000000 -0.000000
vn 0.000000 1.000000 -0.000000
vn 0.000000 1.000000 -0.000000
vn 0.000000 1.000000 -0.000000
vn 0.000000 1.000000 -0.000000
vn 0.000000 1.000000 0.000000
vn 0.000000 1.000000 0.000000
vn 0.000000 1.000000 0.000000
vn 0.000000 1.000000 0.000000
vn 0.000000 1.000000 0.000000
vn 0.000000 1.000000 0.000000
vn 0.000000 1.000000 -0.000000
vn 0.000000 1.000000 -0.000000
vn 0.000000 1.000000 -0.000000
vn 0.000000 1.000000 0.000000
vn 0.000000 1.000000 0.000000
vn 0.000000 1.000000 0.000000
vn 0.000000 1.000000 0.000000
vn 0.000000 1.000000 0.000000
vn 0.000000 1.000000 0.000000
vn 0.000000 1.000000 0.000000
vn 0.000000 1.000000 0.000000
vn 0.000000 1.000000 0.000000
vn 0.000000 1.000000 0.000000
vn 0.000000 1.000000 0.000000
vn 0.000000 1.000000 0.000000
vn 0.000000 1.000000 0.000000
vn 0.000000 1.000000 0.000000
vn 0.000000 1.000000 0.000000
vn 0.000000 1.000000 0.000000
vn 0.000000 1.000000 0.000000
vn 0.000000 1.000000 0.000000
vn 0.000000 1.000000 -0.000000
vn 0.000000 1.000000 -0.000000
vn 0.000000 1.000000 -0.000000
vn 0.000000 1.000000 0.000000
vn 0.000000 1.000000 0.000000
vn 0.000000 1.000000 0.000000
vn 0.000000 1.000000 0.000000
vn 0.000000 1.000000 0.000000
vn 0.000000 1.000000 0.000000
vn 0.000000 1.000000 -0.000000
vn 0.000000 1.000000 -0.000000
vn 0.000000 1.000000 -0.000000
vn 0.000000 1.000000 0.000000
vn 0.000000 1.000000 0.000000
vn 0.000000 1.000000 0.000000
vn 0.000000 1.000000 -0.000000
vn 0.000000 1.000000 -0.000000
vn 0.000000 1.000000 -0.000000
vn 0.000000 1.000000 0.000000
vn 0.000000 1.000000 0.000000
vn 0.000000 1.000000 0.000000
vn 0.000000 1.000000 0.000000
vn 0.000000 1.000000 0.000000
vn 0.000000 1.000000 0.000000
vn 0.000000 1.000000 0.000000
vn 0.000000 1.000000 0.000000
vn 0.000000 1.000000 0.000000
vn 0.000000 1.000000 0.000000
vn 0.000000 1.000000 0.000000
vn 0.000000 1.000000 0.000000
vn 0.000000 1.000000 0.000000
vn 0.000000 1.000000 0.000000
vn 0.000000 1.000000 0.000000
vn 0.000000 1.000000 0.000000
vn 0.000000 1.000000 0.000000
vn 0.000000 1.000000 0.000000
vn 0.000000 1.000000 0.000000
vn 0.000000 1.000000 0.000000
vn 0.000000 1.000000 0.000000
vn 0.000000 1.000000 0.000000
vn 0.000000 1.000000 0.000000
vn 0.000000 1.000000 0.000000
vn 0.000000 1.000000 0.000000
vn 0.000000 1.000000 0.000000
vn 0.000000 1.000000 0.000000
vn 0.000000 1.000000 -0.000001
vn 0.000000 1.000000 -0.000001
vn 0.000000 1.000000 -0.000001
vn 0.000000 1.000000 -0.000000
vn 0.000000 1.000000 -0.000000
vn 0.000000 1.000000 -0.000000
vn 0.000000 1.000000 0.000000
vn 0.000000 1.000000 0.000000
vn 0.000000 1.000000 0.000000
vn 0.000000 1.000000 0.000000
vn 0.000000 1.000000 0.000000
vn 0.000000 1.000000 0.000000
vn 0.000000 1.000000 0.000000
vn 0.000000 1.000000 0.000000
vn 0.000000 1.000000 0.000000
vn 0.000000 1.000000 0.000000
vn 0.000000 1.000000 0.000000
vn 0.000000 1.000000 0.000000
vn 0.000000 1.000000 0.000000
vn 0.000000 1.000000 0.000000
vn 0.000000 1.000000 0.000000
vn 0.000000 1.000000 0.000000
vn 0.000000 1.000000 0.000000
vn 0.000000 1.000000 0.000000
vn 0.000000 1.000000 -0.000000
vn 0.000000 1.000000 -0.000000
vn 0.000000 1.000000 -0.000000
vn 0.000000 1.000000 -0.000001
vn 0.000000 1.000000 -0.000001
vn 0.000000 1.000000 -0.000001
vn 0.000000 1.000000 -0.000000
vn 0.000000 1.000000 -0.000000
vn 0.000000 1.000000 -0.000000
vn 0.000000 1.000000 0.000000
vn 0.000000 1.000000 0.000000
vn 0.000000 1.000000 0.000000
vn 0.000000 1.000000 0.000000
vn 0.000000 1.000000 0.000000
vn 0.000000 1.000000 0.000000
vn 0.000000 1.000000 0.000000
vn 0.000000 1.000000 0.000000
vn 0.000000 1.000000 0.000000
vn 0.000000 1.000000 0.000000
vn 0.000000 1.000000 0.000000
vn 0.000000 1.000000 0.000000
vn 0.000000 1.000000 -0.000000
vn 0.000000 1.000000 -0.000000
vn 0.000000 1.000000 -0.000000
vn 0.000000 1.000000 0.000000
vn 0.000000 1.000000 0.000000
vn 0.000000 1.000000 0.000000
vn 0.000000 1.000000 0.000000
vn 0.000000 1.000000 0.000000
vn 0.000000 1.000000 0.000000
vn 0.000000 1.000000 -0.000000
vn 0.000000 1.000000 -0.000000
vn 0.000000 1.000000 -0.000000
vn 0.000000 1.000000 0.000000
vn 0.000000 1.000000 0.000000
vn 0.000000 1.000000 0.000000
vn 0.000000 1.000000 0.000000
vn 0.000000 1.000000 0.000000
vn 0.000000 1.000000 0.000000
vn 0.000000 1.000000 0.000000
vn 0.000000 1.000000 0.000000
vn 0.000000 1.000000 0.000000
vn 0.000000 1.000000 -0.000000
vn 0.000000 1.000000 -0.000000
vn 0.000000 1.000000 -0.000000
vn 0.000000 1.000000 0.000000
vn 0.000000 1.000000 0.000000
vn 0.000000 1.000000 0.000000
vn 0.000000 1.000000 0.000000
vn 0.000000 1.000000 0.000000
vn 0.000000 1.000000 0.000000
vn 0.000000 1.000000 0.000000
vn 0.000000 1.000000 0.000000
vn 0.000000 1.000000 0.000000
vn 0.000000 1.000000 0.000000
vn 0.000000 1.000000 0.000000
vn 0.000000 1.000000 0.000000
vn 0.000000 1.000000 0.000000
vn 0.000000 1.000000 0.000000
vn 0.000000 1.000000 0.000000
vn 0.000000 1.000000 -0.000000
vn 0.000000 1.000000 -0.000000
vn 0.000000 1.000000 -0.000000
vn 0.000000 1.000000 0.000002
vn 0.000000 1.000000 0.000002
vn 0.000000 1.000000 0.000002
vn 0.000000 1.000000 -0.000000
vn 0.000000 1.000000 -0.000000
vn 0.000000 1.000000 -0.000000
vn 0.000000 1.000000 0.000000
vn 0.000000 1.000000 0.000000
vn 0.000000 1.000000 0.000000
vn 0.000000 1.000000 0.000000
vn 0.000000 1.000000 0.000000
vn 0.000000 1.000000 0.000000
vn 0.000000 1.000000 0.000000
vn 0.000000 1.000000 0.000000
vn 0.000000 1.000000 0.000000
vn 0.000000 1.000000 -0.000000
vn 0.000000 1.000000 -0.000000
vn 0.000000 1.000000 -0.000000
vn 0.000000 1.000000 0.000000
vn 0.000000 1.000000 0.000000
vn 0.000000 1.000000 0.000000
vn 0.000000 1.000000 0.000000
vn 0.000000 1.000000 0.000000
vn 0.000000 1.000000 0.000000
vn 0.000000 1.000000 0.000000
vn 0.000000 1.000000 0.000000
vn 0.000000 1.000000 0.000000
vn 0.000000 1.000000 0.000000
vn 0.000000 1.000000 0.000000
vn 0.000000 1.000000 0.000000
vn 0.000000 1.000000 0.000000
vn 0.000000 1.000000 0.000000
vn 0.000000 1.000000 0.000000
vn 0.000000 1.000000 0.000000
vn 0.000000 1.000000 0.000000
vn 0.000000 1.000000 0.000000
vn 0.000000 1.000000 0.000005
vn 0.000000 1.000000 0.000005
vn 0.000000 1.000000 0.000005
vn 0.000000 1.000000 0.000000
vn 0.000000 1.000000 0.000000
vn 0.000000 1.000000 0.000000
vn 0.000000 1.000000 -0.000001
vn 0.000000 1.000000 -0.000001
vn 0.000000 1.000000 -0.000001
vn 0.000000 1.000000 0.000000
vn 0.000000 1.000000 0.000000
vn 0.000000 1.000000 0.000000
vn 0.000000 1.000000 -0.000001
vn 0.000000 1.000000 -0.000001
vn 0.000000 1.000000 -0.000001
vn 0.000000 1.000000 -0.000000
vn 0.000000 1.000000 -0.000000
vn 0.000000 1.000000 -0.000000
vn 0.000000 1.000000 0.000001
vn 0.000000 1.000000 0.000001
vn 0.000000 1.000000 0.000001
vn 0.000000 1.000000 -0.000000
vn 0.000000 1.000000 -0.000000
vn 0.000000 1.000000 -0.000000
vn 0.000000 1.000000 -0.000000
vn 0.000000 1.000000 -0.000000
vn 0.000000 1.000000 -0.000000
vn 0.000000 1.000000 0.000000
vn 0.000000 1.000000 0.000000
vn 0.000000 1.000000 0.000000
vn 0.000000 1.000000 0.000000
vn 0.000000 1.000000 0.000000
vn 0.000000 1.000000 0.000000
vn 0.000000 1.000000 0.000000
vn 0.000000 1.000000 0.000000
vn 0.000000 1.000000 0.000000
vn 0.000000 1.000000 0.000000
vn 0.000000 1.000000 0.000000
vn 0.000000 1.000000 0.000000
vn 0.000000 1.000000 0.000000
vn 0.000000 1.000000 0.000000
vn 0.000000 1.000000 0.000000
vn 0.000000 1.000000 0.000000
vn 0.000000 1.000000 0.000000
vn 0.000000 1.000000 0.000000
vn 0.000000 1.000000 0.000000
vn 0.000000 1.000000 0.000000
vn 0.000000 1.000000 0.000000
vn 0.000000 1.000000 0.000000
vn 0.000000 1.000000 0.000000
vn 0.000000 1.000000 0.000000
vn 0.000000 1.000000 0.000000
vn 0.000000 1.000000 0.000000
vn 0.000000 1.000000 0.000000
vn 0.000000 1.000000 0.000000
vn 0.000000 1.000000 0.000000
vn 0.000000 1.000000 0.000000
vn 0.000000 1.000000 0.000000
vn 0.000000 1.000000 0.000000
vn 0.000000 1.000000 0.000000
vn 0.000000 1.000000 -0.000000
vn 0.000000 1.000000 -0.000000
vn 0.000000 1.000000 -0.000000
vn 0.000000 1.000000 0.000000
vn 0.000000 1.000000 0.000000
vn 0.000000 1.000000 0.000000
vn 0.000000 1.000000 0.000000
vn 0.000000 1.000000 0.000000
vn 0.000000 1.000000 0.000000
vn 0.000000 1.000000 -0.000000
vn 0.000000 1.000000 -0.000000
vn 0.000000 1.000000 -0.000000
vn 0.000000 1.000000 0.000000
vn 0.000000 1.000000 0.000000
vn 0.000000 1.000000 0.000000
vn 0.000000 1.000000 0.000000
vn 0.000000 1.000000 0.000000
vn 0.000000 1.000000 0.000000
vn 0.000000 1.000000 0.000000
vn 0.000000 1.000000 0.000000
vn 0.000000 1.000000 0.000000
vn 0.000000 1.000000 0.000000
vn 0.000000 1.000000 0.000000
vn 0.000000 1.000000 0.000000
vn 0.000000 1.000000 0.000000
vn 0.000000 1.000000 0.000000
vn 0.000000 1.000000 0.000000
vn 0.000000 1.000000 0.000000
vn 0.000000 1.000000 0.000000
vn 0.000000 1.000000 0.000000
vn 0.000000 1.000000 0.000003
vn 0.000000 1.000000 0.000003
vn 0.000000 1.000000 0.000003
vn 0.000000 1.000000 -0.000000
vn 0.000000 1.000000 -0.000000
vn 0.000000 1.000000 -0.000000
vn 0.000000 1.000000 0.000000
vn 0.000000 1.000000 0.000000
vn 0.000000 1.000000 0.000000
vn 0.000000 1.000000 -0.000000
vn 0.000000 1.000000 -0.000000
vn 0.000000 1.000000 -0.000000
vn 0.000000 1.000000 0.000000
vn 0.000000 1.000000 0.000000
vn 0.000000 1.000000 0.000000
vn 0.000000 1.000000 0.000000
vn 0.000000 1.000000 0.000000
vn 0.000000 1.000000 0.000000
vn 0.000000 1.000000 0.000000
vn 0.000000 1.000000 0.000000
vn 0.000000 1.000000 0.000000
vn 0.000000 1.000000 0.000000
vn 0.000000 1.000000 0.000000
vn 0.000000 1.000000 0.000000
vn 0.000000 1.000000 0.000000
vn 0.000000 1.000000 0.000000
vn 0.000000 1.000000 0.000000
vn 0.000000 1.000000 -0.000000
vn 0.000000 1.000000 -0.000000
vn 0.000000 1.000000 -0.000000
vn 0.000000 1.000000 0.000000
vn 0.000000 1.000000 0.000000
vn 0.000000 1.000000 0.000000
vn 0.000000 1.000000 0.000000
vn 0.000000 1.000000 0.000000
vn 0.000000 1.000000 0.000000
vn 0.000000 1.000000 0.000000
vn 0.000000 1.000000 0.000000
vn 0.000000 1.000000 0.000000
vn 0.000000 1.000000 0.000000
vn 0.000000 1.000000 0.000000
vn 0.000000 1.000000 0.000000
vn 0.000000 1.000000 0.000000
vn 0.000000 1.000000 0.000000
vn 0.000000 1.000000 0.000000
vn 0.000000 1.000000 0.000000
vn 0.000000 1.000000 0.000000
vn 0.000000 1.000000 0.000000
vn 0.000000 1.000000 -0.000000
vn 0.000000 1.000000 -0.000000
vn 0.000000 1.000000 -0.000000
vn 0.000000 1.000000 0.000000
vn 0.000000 1.000000 0.000000
vn 0.000000 1.000000 0.000000
vn 0.000000 1.000000 0.000000
vn 0.000000 1.000000 0.000000
vn 0.000000 1.000000 0.000000
vn 0.000000 1.000000 0.000000
vn 0.000000 1.000000 0.000000
vn 0.000000 1.000000 0.000000
vn 0.000000 1.000000 0.000000
vn 0.000000 1.000000 0.000000
vn 0.000000 1.000000 0.000000
vn 0.000000 1.000000 0.000000
vn 0.000000 1.000000 0.000000
vn 0.000000 1.000000 0.000000
vn 0.000000 1.000000 0.000000
vn 0.000000 1.000000 0.000000
vn 0.000000 1.000000 0.000000
vn 0.000000 1.000000 0.000000
vn 0.000000 1.000000 0.000000
vn 0.000000 1.000000 0.000000
vn 0.000000 1.000000 0.000000
vn 0.000000 1.000000 0.000000
vn 0.000000 1.000000 0.000000
vn 0.000000 1.000000 0.000000
vn 0.000000 1.000000 0.000000
vn 0.000000 1.000000 0.000000
vn 0.000000 1.000000 0.000000
vn 0.000000 1.000000 0.000000
vn 0.000000 1.000000 0.000000
vn 0.000000 1.000000 0.000000
vn 0.000000 1.000000 0.000000
vn 0.000000 1.000000 0.000000
vn 0.000000 1.000000 0.000000
vn 0.000000 1.000000 0.000000
vn 0.000000 1.000000 0.000000
vn 0.000000 1.000000 0.000000
vn 0.000000 1.000000 0.000000
vn 0.000000 1.000000 0.000000
vn 0.000000 1.000000 0.000000
vn 0.000000 1.000000 0.000000
vn 0.000000 1.000000 0.000000
vn 0.000000 1.000000 0.000000
vn 0.000000 1.000000 0.000000
vn 0.000000 1.000000 0.000000
vn 0.000000 1.000000 0.000000
vn 0.000000 1.000000 0.000000
vn 0.000000 1.000000 0.000000
vn 0.000000 1.000000 0.000000
vn 0.000000 1.000000 0.000000
vn 0.000000 1.000000 0.000000
vn 0.000000 1.000000 0.000000
vn 0.000000 1.000000 0.000000
vn 0.000000 1.000000 0.000000
vn 0.000000 1.000000 0.000000
vn 0.000000 1.000000 0.000000
vn 0.000000 1.000000 0.000000
vn 0.000000 1.000000 0.000000
vn 0.000000 1.000000 0.000000
vn 0.000000 1.000000 0.000000
vn 0.000000 1.000000 0.000000
vn 0.000000 1.000000 0.000000
vn 0.000000 1.000000 0.000000
vn 0.000000 1.000000 -0.000001
vn 0.000000 1.000000 -0.000001
vn 0.000000 1.000000 -0.000001
vn 0.000000 1.000000 -0.000000
vn 0.000000 1.000000 -0.000000
vn 0.000000 1.000000 -0.000000
vn 0.000000 1.000000 0.000000
vn 0.000000 1.000000 0.000000
vn 0.000000 1.000000 0.000000
vn 0.000000 1.000000 -0.000000
vn 0.000000 1.000000 -0.000000
vn 0.000000 1.000000 -0.000000
vn 0.000000 1.000000 0.000000
vn 0.000000 1.000000 0.000000
vn 0.000000 1.000000 0.000000
vn 0.000000 1.000000 0.000000
vn 0.000000 1.000000 0.000000
vn 0.000000 1.000000 0.000000
vn 0.000000 1.000000 0.000000
vn 0.000000 1.000000 0.000000
vn 0.000000 1.000000 0.000000
vn 0.000000 1.000000 0.000000
vn 0.000000 1.000000 0.000000
vn 0.000000 1.000000 0.000000
vn 0.000000 1.000000 0.000001
vn 0.000000 1.000000 0.000001
vn 0.000000 1.000000 0.000001
vn 0.000000 1.000000 0.000000
vn 0.000000 1.000000 0.000000
vn 0.000000 1.000000 0.000000
vn 0.000000 1.000000 0.000000
vn 0.000000 1.000000 0.000000
vn 0.000000 1.000000 0.000000
vn 0.000000 1.000000 0.000000
vn 0.000000 1.000000 0.000000
vn 0.000000 1.000000 0.000000
vn 0.000000 1.000000 0.000000
vn 0.000000 1.000000 0.000000
vn 0.000000 1.000000 0.000000
vn 0.000000 1.000000 0.000000
vn 0.000000 1.000000 0.000000
vn 0.000000 1.000000 0.000000
vn 0.000000 1.000000 0.000000
vn 0.000000 1.000000 0.000000
vn 0.000000 1.000000 0.000000
vn 0.000000 1.000000 -0.000000
vn 0.000000 1.000000 -0.000000
vn 0.000000 1.000000 -0.000000
vn 0.000000 1.000000 0.000000
vn 0.000000 1.000000 0.000000
vn 0.000000 1.000000 0.000000
vn 0.000000 1.000000 -0.000000
vn 0.000000 1.000000 -0.000000
vn 0.000000 1.000000 -0.000000
vn 0.000000 1.000000 0.000000
vn 0.000000 1.000000 0.000000
vn 0.000000 1.000000 0.000000
vn 0.000000 1.000000 0.000000
vn 0.000000 1.000000 0.000000
vn 0.000000 1.000000 0.000000
vn 0.000000 1.000000 0.000000
vn 0.000000 1.000000 0.000000
vn 0.000000 1.000000 0.000000
vn 0.000000 1.000000 0.000000
vn 0.000000 1.000000 0.000000
vn 0.000000 1.000000 0.000000
vn 0.000000 1.000000 -0.000000
vn 0.000000 1.000000 -0.000000
vn 0.000000 1.000000 -0.000000
vn 0.000000 1.000000 0.000000
vn 0.000000 1.000000 0.000000
vn 0.000000 1.000000 0.000000
vn 0.000000 1.000000 0.000000
vn 0.000000 1.000000 0.000000
vn 0.000000 1.000000 0.000000
vn 0.000000 1.000000 0.000000
vn 0.000000 1.000000 0.000000
vn 0.000000 1.000000 0.000000
vn 0.000000 1.000000 0.000000
vn 0.000000 1.000000 0.000000
vn 0.000000 1.000000 0.000000
vn 0.000000 1.000000 0.000000
vn 0.000000 1.000000 0.000000
vn 0.000000 1.000000 0.000000
vn 0.000000 1.000000 -0.000000
vn 0.000000 1.000000 -0.000000
vn 0.000000 1.000000 -0.000000
vn 0.000000 1.000000 0.000000
vn 0.000000 1.000000 0.000000
vn 0.000000 1.000000 0.000000
vn 0.000000 1.000000 0.000000
vn 0.000000 1.000000 0.000000
vn 0.000000 1.000000 0.000000
vn 0.000000 1.000000 -0.000000
vn 0.000000 1.000000 -0.000000
vn 0.000000 1.000000 -0.000000
vn 0.000000 1.000000 -0.000000
vn 0.000000 1.000000 -0.000000
vn 0.000000 1.000000 -0.000000
vn 0.000000 1.000000 0.000000
vn 0.000000 1.000000 0.000000
vn 0.000000 1.000000 0.000000
vn 0.000000 1.000000 0.000000
vn 0.000000 1.000000 0.000000
vn 0.000000 1.000000 0.000000
vn 0.000000 1.000000 0.000000
vn 0.000000 1.000000 0.000000
vn 0.000000 1.000000 0.000000
vn 0.000000 1.000000 0.000000
vn 0.000000 1.000000 0.000000
vn 0.000000 1.000000 0.000000
vn 0.000000 1.000000 0.000000
vn 0.000000 1.000000 0.000000
vn 0.000000 1.000000 0.000000
vn 0.000000 1.000000 0.000000
vn 0.000000 1.000000 0.000000
vn 0.000000 1.000000 0.000000
vn 0.000000 1.000000 0.000000
vn 0.000000 1.000000 0.000000
vn 0.000000 1.000000 0.000000
vn 0.000000 1.000000 0.000000
vn 0.000000 1.000000 0.000000
vn 0.000000 1.000000 0.000000
vn 0.000000 1.000000 0.000000
vn 0.000000 1.000000 0.000000
vn 0.000000 1.000000 0.000000
vn 0.000000 1.000000 0.000000
vn 0.000000 1.000000 0.000000
vn 0.000000 1.000000 0.000000
vn 0.000000 1.000000 0.000000
vn 0.000000 1.000000 0.000000
vn 0.000000 1.000000 0.000000
vn 0.000000 1.000000 -0.000001
vn 0.000000 1.000000 -0.000001
vn 0.000000 1.000000 -0.000001
vn 0.000000 1.000000 0.000000
vn 0.000000 1.000000 0.000000
vn 0.000000 1.000000 0.000000
vn 0.000000 1.000000 0.000001
vn 0.000000 1.000000 0.000001
vn 0.000000 1.000000 0.000001
vn 0.000000 1.000000 -0.000000
vn 0.000000 1.000000 -0.000000
vn 0.000000 1.000000 -0.000000
vn 0.000000 1.000000 0.000000
vn 0.000000 1.000000 0.000000
vn 0.000000 1.000000 0.000000
vn 0.000000 1.000000 0.000000
vn 0.000000 1.000000 0.000000
vn 0.000000 1.000000 0.000000
vn 0.000000 1.000000 0.000000
vn 0.000000 1.000000 0.000000
vn 0.000000 1.000000 0.000000
vn 0.000000 1.000000 -0.000000
vn 0.000000 1.000000 -0.000000
vn 0.000000 1.000000 -0.000000
vn 0.000000 1.000000 0.000000
vn 0.000000 1.000000 0.000000
vn 0.000000 1.000000 0.000000
vn 0.000000 1.000000 0.000000
vn 0.000000 1.000000 0.000000
vn 0.000000 1.000000 0.000000
vn 0.000000 1.000000 0.000000
vn 0.000000 1.000000 0.000000
vn 0.000000 1.000000 0.000000
vn 0.000000 1.000000 0.000000
vn 0.000000 1.000000 0.000000
vn 0.000000 1.000000 0.000000
vn 0.000000 1.000000 0.000000
vn 0.000000 1.000000 0.000000
vn 0.000000 1.000000 0.000000
vn 0.000000 1.000000 0.000000
vn 0.000000 1.000000 0.000000
vn 0.000000 1.000000 0.000000
vn 0.000000 1.000000 -0.000000
vn 0.000000 1.000000 -0.000000
vn 0.000000 1.000000 -0.000000
vn 0.000000 1.000000 0.000000
vn 0.000000 1.000000 0.000000
vn 0.000000 1.000000 0.000000
vn 0.000000 1.000000 0.000000
vn 0.000000 1.000000 0.000000
vn 0.000000 1.000000 0.000000
vn 0.000000 1.000000 0.000000
vn 0.000000 1.000000 0.000000
vn 0.000000 1.000000 0.000000
vn 0.000000 1.000000 -0.000000
vn 0.000000 1.000000 -0.000000
vn 0.000000 1.000000 -0.000000
vn 0.000000 1.000000 0.000000
vn 0.000000 1.000000 0.000000
vn 0.000000 1.000000 0.000000
vn 0.000000 1.000000 -0.000001
vn 0.000000 1.000000 -0.000001
vn 0.000000 1.000000 -0.000001
vn 0.000000 1.000000 0.000000
vn 0.000000 1.000000 0.000000
vn 0.000000 1.000000 0.000000
vn 0.000000 1.000000 0.000000
vn 0.000000 1.000000 0.000000
vn 0.000000 1.000000 0.000000
vn 0.000000 1.000000 -0.000000
vn 0.000000 1.000000 -0.000000
vn 0.000000 1.000000 -0.000000
vn 0.000000 1.000000 0.000005
vn 0.000000 1.000000 0.000005
vn 0.000000 1.000000 0.000005
vn 0.000000 1.000000 0.000000
vn 0.000000 1.000000 0.000000
vn 0.000000 1.000000 0.000000
vn 0.000000 1.000000 0.000000
vn 0.000000 1.000000 0.000000
vn 0.000000 1.000000 0.000000
vn 0.000000 1.000000 0.000000
vn 0.000000 1.000000 0.000000
vn 0.000000 1.000000 0.000000
vn 0.000000 1.000000 -0.000001
vn 0.000000 1.000000 -0.000001
vn 0.000000 1.000000 -0.000001
vn 0.000000 1.000000 0.000000
vn 0.000000 1.000000 0.000000
vn 0.000000 1.000000 0.000000
vn 0.000000 1.000000 0.000000
vn 0.000000 1.000000 0.000000
vn 0.000000 1.000000 0.000000
vn 0.000000 1.000000 0.000001
vn 0.000000 1.000000 0.000001
vn 0.000000 1.000000 0.000001
vn 0.000000 1.000000 0.000000
vn 0.000000 1.000000 0.000000
vn 0.000000 1.000000 0.000000
vn 0.000000 1.000000 0.000000
vn 0.000000 1.000000 0.000000
vn 0.000000 1.000000 0.000000
vn 0.000000 1.000000 0.000000
vn 0.000000 1.000000 0.000000
vn 0.000000 1.000000 0.000000
vn 0.000000 1.000000 -0.000000
vn 0.000000 1.000000 -0.000000
vn 0.000000 1.000000 -0.000000
vn 0.000000 1.000000 0.000000
vn 0.000000 1.000000 0.000000
vn 0.000000 1.000000 0.000000
vn 0.000000 1.000000 -0.000000
vn 0.000000 1.000000 -0.000000
vn 0.000000 1.000000 -0.000000
vn 0.000000 1.000000 0.000000
vn 0.000000 1.000000 0.000000
vn 0.000000 1.000000 0.000000
vn 0.000000 1.000000 0.000000
vn 0.000000 1.000000 0.000000
vn 0.000000 1.000000 0.000000
vn 0.000000 1.000000 0.000000
vn 0.000000 1.000000 0.000000
vn 0.000000 1.000000 0.000000
vn 0.000000 1.000000 0.000000
vn 0.000000 1.000000 0.000000
vn 0.000000 1.000000 0.000000
vn 0.000000 1.000000 0.000000
vn 0.000000 1.000000 0.000000
vn 0.000000 1.000000 0.000000
vn 0.000000 1.000000 0.000000
vn 0.000000 1.000000 0.000000
vn 0.000000 1.000000 0.000000
vn 0.000000 1.000000 0.000000
vn 0.000000 1.000000 0.000000
vn 0.000000 1.000000 0.000000
vn 0.000000 1.000000 0.000000
vn 0.000000 1.000000 0.000000
vn 0.000000 1.000000 0.000000
vn 0.000000 1.000000 0.000000
vn 0.000000 1.000000 0.000000
vn 0.000000 1.000000 0.000000
vn 0.000000 1.000000 0.000000
vn 0.000000 1.000000 0.000000
vn 0.000000 1.000000 0.000000
vn 0.000000 1.000000 0.000000
vn 0.000000 1.000000 0.000000
vn 0.000000 1.000000 0.000000
vn 0.000000 1.000000 0.000000
vn 0.000000 1.000000 0.000000
vn 0.000000 1.000000 0.000000
vn 0.000000 1.000000 0.000000
vn 0.000000 1.000000 0.000000
vn 0.000000 1.000000 0.000000
vn 0.000000 1.000000 0.000000
vn 0.000000 1.000000 0.000000
vn 0.000000 1.000000 0.000000
vn 0.000000 1.000000 0.000000
vn 0.000000 1.000000 0.000000
vn 0.000000 1.000000 0.000000
vn 0.000000 1.000000 0.000000
vn 0.000000 1.000000 0.000000
vn 0.000000 1.000000 0.000000
vn 0.000000 1.000000 0.000000
vn 0.000000 1.000000 0.000000
vn 0.000000 1.000000 0.000000
vn 0.000000 1.000000 0.000000
vn 0.000000 1.000000 0.000000
vn 0.000000 1.000000 0.000000
vn 0.000000 1.000000 0.000000
vn 0.000000 1.000000 0.000000
vn 0.000000 1.000000 0.000000
vn 0.000000 1.000000 0.000000
vn 0.000000 1.000000 0.000000
vn 0.000000 1.000000 0.000000
vn 0.000000 1.000000 -0.000000
vn 0.000000 1.000000 -0.000000
vn 0.000000 1.000000 -0.000000
vn 0.000000 1.000000 0.000000
vn 0.000000 1.000000 0.000000
vn 0.000000 1.000000 0.000000
vn 0.000000 1.000000 0.000000
vn 0.000000 1.000000 0.000000
vn 0.000000 1.000000 0.000000
vn 0.000000 1.000000 -0.000000
vn 0.000000 1.000000 -0.000000
vn 0.000000 1.000000 -0.000000
vn 0.000000 1.000000 0.000000
vn 0.000000 1.000000 0.000000
vn 0.000000 1.000000 0.000000
vn 0.000000 1.000000 0.000000
vn 0.000000 1.000000 0.000000
vn 0.000000 1.000000 0.000000
vn 0.000000 1.000000 0.000000
vn 0.000000 1.000000 0.000000
vn 0.000000 1.000000 0.000000
vn 0.000000 1.000000 -0.000000
vn 0.000000 1.000000 -0.000000
vn 0.000000 1.000000 -0.000000
vn 0.000000 1.000000 0.000000
vn 0.000000 1.000000 0.000000
vn 0.000000 1.000000 0.000000
vn 0.000000 1.000000 0.000000
vn 0.000000 1.000000 0.000000
vn 0.000000 1.000000 0.000000
vn 0.000000 1.000000 0.000000
vn 0.000000 1.000000 0.000000
vn 0.000000 1.000000 0.000000
vn 0.000000 1.000000 0.000000
vn 0.000000 1.000000 0.000000
vn 0.000000 1.000000 0.000000
vn 0.000000 1.000000 0.000000
vn 0.000000 1.000000 0.000000
vn 0.000000 1.000000 0.000000
vn 0.000000 1.000000 -0.000000
vn 0.000000 1.000000 -0.000000
vn 0.000000 1.000000 -0.000000
vn 0.000000 1.000000 0.000000
vn 0.000000 1.000000 0.000000
vn 0.000000 1.000000 0.000000
vn 0.000000 1.000000 -0.000000
vn 0.000000 1.000000 -0.000000
vn 0.000000 1.000000 -0.000000
vn 0.000000 1.000000 0.000000
vn 0.000000 1.000000 0.000000
vn 0.000000 1.000000 0.000000
vn 0.000000 1.000000 0.000000
vn 0.000000 1.000000 0.000000
vn 0.000000 1.000000 0.000000
vn 0.000000 1.000000 -0.000001
vn 0.000000 1.000000 -0.000001
vn 0.000000 1.000000 -0.000001
vn 0.000000 1.000000 0.000001
vn 0.000000 1.000000 0.000001
vn 0.000000 1.000000 0.000001
vn 0.000000 1.000000 0.000000
vn 0.000000 1.000000 0.000000
vn 0.000000 1.000000 0.000000
vn 0.000000 1.000000 0.000000
vn 0.000000 1.000000 0.000000
vn 0.000000 1.000000 0.000000
vn 0.000000 1.000000 0.000000
vn 0.000000 1.000000 0.000000
vn 0.000000 1.000000 0.000000
vn 0.000000 1.000000 0.000002
vn 0.000000 1.000000 0.000002
vn 0.000000 1.000000 0.000002
vn 0.000000 1.000000 0.000000
vn 0.000000 1.000000 0.000000
vn 0.000000 1.000000 0.000000
vn 0.000000 1.000000 0.000000
vn 0.000000 1.000000 0.000000
vn 0.000000 1.000000 0.000000
vn 0.000000 1.000000 0.000000
vn 0.000000 1.000000 0.000000
vn 0.000000 1.000000 0.000000
vn 0.000000 1.000000 -0.000000
vn 0.000000 1.000000 -0.000000
vn 0.000000 1.000000 -0.000000
vn 0.000000 1.000000 0.000000
vn 0.000000 1.000000 0.000000
vn 0.000000 1.000000 0.000000
vn 0.000000 1.000000 -0.000000
vn 0.000000 1.000000 -0.000000
vn 0.000000 1.000000 -0.000000
vn 0.000000 1.000000 0.000000
vn 0.000000 1.000000 0.000000
vn 0.000000 1.000000 0.000000
vn 0.000000 1.000000 0.000000
vn 0.000000 1.000000 0.000000
vn 0.000000 1.000000 0.000000
vn 0.000000 1.000000 0.000000
vn 0.000000 1.000000 0.000000
vn 0.000000 1.000000 0.000000
vn 0.000000 1.000000 0.000000
vn 0.000000 1.000000 0.000000
vn 0.000000 1.000000 0.000000
vn 0.000000 1.000000 0.000000
vn 0.000000 1.000000 0.000000
vn 0.000000 1.000000 0.000000
vn 0.000000 1.000000 0.000000
vn 0.000000 1.000000 0.000000
vn 0.000000 1.000000 0.000000
vn 0.000000 1.000000 -0.000000
vn 0.000000 1.000000 -0.000000
vn 0.000000 1.000000 -0.000000
vn 0.000000 1.000000 0.000000
vn 0.000000 1.000000 0.000000
vn 0.000000 1.000000 0.000000
vn 0.000000 1.000000 -0.000000
vn 0.000000 1.000000 -0.000000
vn 0.000000 1.000000 -0.000000
vn 0.000000 1.000000 0.000000
vn 0.000000 1.000000 0.000000
vn 0.000000 1.000000 0.000000
vn 0.000000 1.000000 0.000000
vn 0.000000 1.000000 0.000000
vn 0.000000 1.000000 0.000000
vn 0.000000 1.000000 0.000000
vn 0.000000 1.000000 0.000000
vn 0.000000 1.000000 0.000000
vn 0.000000 1.000000 0.000000
vn 0.000000 1.000000 0.000000
vn 0.000000 1.000000 0.000000
vn 0.000000 1.000000 0.000000
vn 0.000000 1.000000 0.000000
vn 0.000000 1.000000 0.000000
vn 0.000000 1.000000 0.000000
vn 0.000000 1.000000 0.000000
vn 0.000000 1.000000 0.000000
vn 0.000000 1.000000 0.000002
vn 0.000000 1.000000 0.000002
vn 0.000000 1.000000 0.000002
vn 0.000000 1.000000 0.000000
vn 0.000000 1.000000 0.000000
vn 0.000000 1.000000 0.000000
vn 0.000000 1.000000 0.000000
vn 0.000000 1.000000 0.000000
vn 0.000000 1.000000 0.000000
vn 0.000000 1.000000 0.000000
vn 0.000000 1.000000 0.000000
vn 0.000000 1.000000 0.000000
vn 0.000000 1.000000 0.000000
vn 0.000000 1.000000 0.000000
vn 0.000000 1.000000 0.000000
vn 0.000000 1.000000 0.000000
vn 0.000000 1.000000 0.000000
vn 0.000000 1.000000 0.000000
vn 0.000000 1.000000 -0.000000
vn 0.000000 1.000000 -0.000000
vn 0.000000 1.000000 -0.000000
vn 0.000000 1.000000 0.000000
vn 0.000000 1.000000 0.000000
vn 0.000000 1.000000 0.000000
vn 0.000000 1.000000 0.000000
vn 0.000000 1.000000 0.000000
vn 0.000000 1.000000 0.000000
vn 0.000000 1.000000 0.000000
vn 0.000000 1.000000 0.000000
vn 0.000000 1.000000 0.000000
vn 0.000000 1.000000 0.000000
vn 0.000000 1.000000 0.000000
vn 0.000000 1.000000 0.000000
vn 0.000000 1.000000 0.000000
vn 0.000000 1.000000 0.000000
vn 0.000000 1.000000 0.000000
vn 0.000000 1.000000 0.000000
vn 0.000000 1.000000 0.000000
vn 0.000000 1.000000 0.000000
vn 0.000000 1.000000 0.000000
vn 0.000000 1.000000 0.000000
vn 0.000000 1.000000 0.000000
vn 0.000000 1.000000 0.000000
vn 0.000000 1.000000 0.000000
vn 0.000000 1.000000 0.000000
vn 0.000000 1.000000 -0.000000
vn 0.000000 1.000000 -0.000000
vn 0.000000 1.000000 -0.000000
vn 0.000000 1.000000 0.000000
vn 0.000000 1.000000 0.000000
vn 0.000000 1.000000 0.000000
vn 0.000000 1.000000 -0.000000
vn 0.000000 1.000000 -0.000000
vn 0.000000 1.000000 -0.000000
vn 0.000000 1.000000 0.000000
vn 0.000000 1.000000 0.000000
vn 0.000000 1.000000 0.000000
vn 0.000000 1.000000 0.000000
vn 0.000000 1.000000 0.000000
vn 0.000000 1.000000 0.000000
vn 0.000000 1.000000 0.000000
vn 0.000000 1.000000 0.000000
vn 0.000000 1.000000 0.000000
vn 0.000000 1.000000 0.000000
vn 0.000000 1.000000 0.000000
vn 0.000000 1.000000 0.000000
vn 0.000000 1.000000 0.000000
vn 0.000000 1.000000 0.000000
vn 0.000000 1.000000 0.000000
vn 0.000000 1.000000 0.000000
vn 0.000000 1.000000 0.000000
vn 0.000000 1.000000 0.000000
vn 0.000000 1.000000 0.000000
vn 0.000000 1.000000 0.000000
vn 0.000000 1.000000 0.000000
vn 0.000000 1.000000 0.000000
vn 0.000000 1.000000 0.000000
vn 0.000000 1.000000 0.000000
vn 0.000000 1.000000 0.000000
vn 0.000000 1.000000 0.000000
vn 0.000000 1.000000 0.000000
vn 0.000000 1.000000 0.000000
vn 0.000000 1.000000 0.000000
vn 0.000000 1.000000 0.000000
vn 0.000000 1.000000 0.000001
vn 0.000000 1.000000 0.000001
vn 0.000000 1.000000 0.000001
vn 0.000000 1.000000 -0.000000
vn 0.000000 1.000000 -0.000000
vn 0.000000 1.000000 -0.000000
vn 0.000000 1.000000 -0.000000
vn 0.000000 1.000000 -0.000000
vn 0.000000 1.000000 -0.000000
vn 0.000000 1.000000 -0.000000
vn 0.000000 1.000000 -0.000000
vn 0.000000 1.000000 -0.000000
vn 0.000000 1.000000 0.000000
vn 0.000000 1.000000 0.000000
vn 0.000000 1.000000 0.000000
vn 0.000000 1.000000 0.000000
vn 0.000000 1.000000 0.000000
vn 0.000000 1.000000 0.000000
vn 0.000000 1.000000 0.000000
vn 0.000000 1.000000 0.000000
vn 0.000000 1.000000 0.000000
vn 0.000000 1.000000 0.000004
vn 0.000000 1.000000 0.000004
vn 0.000000 1.000000 0.000004
vn 0.000000 1.000000 0.000000
vn 0.000000 1.000000 0.000000
vn 0.000000 1.000000 0.000000
vn 0.000000 1.000000 0.000000
vn 0.000000 1.000000 0.000000
vn 0.000000 1.000000 0.000000
vn 0.000000 1.000000 0.000000
vn 0.000000 1.000000 0.000000
vn 0.000000 1.000000 0.000000
vn 0.000000 1.000000 0.000000
vn 0.000000 1.000000 0.000000
vn 0.000000 1.000000 0.000000
vn 0.000000 1.000000 0.000000
vn 0.000000 1.000000 0.000000
vn 0.000000 1.000000 0.000000
vn 0.000000 1.000000 0.000000
vn 0.000000 1.000000 0.000000
vn 0.000000 1.000000 0.000000
vn 0.000000 1.000000 0.000000
vn 0.000000 1.000000 0.000000
vn 0.000000 1.000000 0.000000
vn 0.000000 1.000000 -0.000000
vn 0.000000 1.000000 -0.000000
vn 0.000000 1.000000 -0.000000
vn 0.000000 1.000000 0.000000
vn 0.000000 1.000000 0.000000
vn 0.000000 1.000000 0.000000
vn 0.000000 1.000000 0.000000
vn 0.000000 1.000000 0.000000
vn 0.000000 1.000000 0.000000
vn 0.000000 1.000000 -0.000000
vn 0.000000 1.000000 -0.000000
vn 0.000000 1.000000 -0.000000
vn 0.000000 1.000000 0.000000
vn 0.000000 1.000000 0.000000
vn 0.000000 1.000000 0.000000
vn 0.000000 1.000000 -0.000000
vn 0.000000 1.000000 -0.000000
vn 0.000000 1.000000 -0.000000
vn 0.000000 1.000000 0.000000
vn 0.000000 1.000000 0.000000
vn 0.000000 1.000000 0.000000
vn 0.000000 1.000000 0.000000
vn 0.000000 1.000000 0.000000
vn 0.000000 1.000000 0.000000
vn 0.000000 1.000000 -0.000000
vn 0.000000 1.000000 -0.000000
vn 0.000000 1.000000 -0.000000
vn 0.000000 1.000000 0.000000
vn 0.000000 1.000000 0.000000
vn 0.000000 1.000000 0.000000
vn 0.000000 1.000000 0.000000
vn 0.000000 1.000000 0.000000
vn 0.000000 1.000000 0.000000
vn 0.000000 1.000000 0.000000
vn 0.000000 1.000000 0.000000
vn 0.000000 1.000000 0.000000
vn 0.000000 1.000000 0.000000
vn 0.000000 1.000000 0.000000
vn 0.000000 1.000000 0.000000
vn 0.000000 1.000000 0.000000
vn 0.000000 1.000000 0.000000
vn 0.000000 1.000000 0.000000
vn 0.000000 1.000000 0.000000
vn 0.000000 1.000000 0.000000
vn 0.000000 1.000000 0.000000
vn 0.000000 1.000000 -0.000000
vn 0.000000 1.000000 -0.000000
vn 0.000000 1.000000 -0.000000
vn 0.000000 1.000000 0.000000
vn 0.000000 1.000000 0.000000
vn 0.000000 1.000000 0.000000
vn 0.000000 1.000000 -0.000000
vn 0.000000 1.000000 -0.000000
vn 0.000000 1.000000 -0.000000
vn 0.000000 1.000000 0.000000
vn 0.000000 1.000000 0.000000
vn 0.000000 1.000000 0.000000
vn 0.000000 1.000000 -0.000000
vn 0.000000 1.000000 -0.000000
vn 0.000000 1.000000 -0.000000
vn 0.000000 1.000000 0.000000
vn 0.000000 1.000000 0.000000
vn 0.000000 1.000000 0.000000
vn 0.000000 1.000000 0.000000
vn 0.000000 1.000000 0.000000
vn 0.000000 1.000000 0.000000
vn 0.000000 1.000000 0.000000
vn 0.000000 1.000000 0.000000
vn 0.000000 1.000000 0.000000
vn 0.000000 1.000000 -0.000001
vn 0.000000 1.000000 -0.000001
vn 0.000000 1.000000 -0.000001
vn 0.000000 1.000000 0.000000
vn 0.000000 1.000000 0.000000
vn 0.000000 1.000000 0.000000
vn 0.000000 1.000000 0.000000
vn 0.000000 1.000000 0.000000
vn 0.000000 1.000000 0.000000
vn 0.000000 1.000000 0.000000
vn 0.000000 1.000000 0.000000
vn 0.000000 1.000000 0.000000
vn 0.000000 1.000000 0.000000
vn 0.000000 1.000000 0.000000
vn 0.000000 1.000000 0.000000
vn 0.000000 1.000000 0.000000
vn 0.000000 1.000000 0.000000
vn 0.000000 1.000000 0.000000
vn 0.000000 1.000000 0.000000
vn 0.000000 1.000000 0.000000
vn 0.000000 1.000000 0.000000
vn 0.000000 1.000000 0.000000
vn 0.000000 1.000000 0.000000
vn 0.000000 1.000000 0.000000
vn 0.000000 1.000000 0.000000
vn 0.000000 1.000000 0.000000
vn 0.000000 1.000000 0.000000
vn 0.000000 1.000000 -0.000000
vn 0.000000 1.000000 -0.000000
vn 0.000000 1.000000 -0.000000
vn 0.000000 1.000000 -0.000000
vn 0.000000 1.000000 -0.000000
vn 0.000000 1.000000 -0.000000
vn 0.000000 1.000000 0.000000
vn 0.000000 1.000000 0.000000
vn 0.000000 1.000000 0.000000
vn 0.000000 1.000000 0.000000
vn 0.000000 1.000000 0.000000
vn 0.000000 1.000000 0.000000
vn 0.000000 1.000000 0.000000
vn 0.000000 1.000000 0.000000
vn 0.000000 1.000000 0.000000
vn 0.000000 1.000000 0.000000
vn 0.000000 1.000000 0.000000
vn 0.000000 1.000000 0.000000
vn 0.000000 1.000000 0.000002
vn 0.000000 1.000000 0.000002
vn 0.000000 1.000000 0.000002
vn 0.000000 1.000000 -0.000000
vn 0.000000 1.000000 -0.000000
vn 0.000000 1.000000 -0.000000
vn 0.000000 1.000000 0.000000
vn 0.000000 1.000000 0.000000
vn 0.000000 1.000000 0.000000
vn 0.000000 1.000000 -0.000000
vn 0.000000 1.000000 -0.000000
vn 0.000000 1.000000 -0.000000
vn 0.000000 1.000000 0.000000
vn 0.000000 1.000000 0.000000
vn 0.000000 1.000000 0.000000
vn 0.000000 1.000000 0.000000
vn 0.000000 1.000000 0.000000
vn 0.000000 1.000000 0.000000
vn 0.000000 1.000000 0.000000
vn 0.000000 1.000000 0.000000
vn 0.000000 1.000000 0.000000
vn 0.000000 1.000000 0.000000
vn 0.000000 1.000000 0.000000
vn 0.000000 1.000000 0.000000
vn 0.000000 1.000000 0.000000
vn 0.000000 1.000000 0.000000
vn 0.000000 1.000000 0.000000
vn 0.000000 1.000000 0.000000
vn 0.000000 1.000000 0.000000
vn 0.000000 1.000000 0.000000
vn 0.000000 1.000000 0.000000
vn 0.000000 1.000000 0.000000
vn 0.000000 1.000000 0.000000
vn 0.000000 1.000000 0.000000
vn 0.000000 1.000000 0.000000
vn 0.000000 1.000000 0.000000
vn 0.000000 1.000000 -0.000000
vn 0.000000 1.000000 -0.000000
vn 0.000000 1.000000 -0.000000
vn 0.000000 1.000000 0.000000
vn 0.000000 1.000000 0.000000
vn 0.000000 1.000000 0.000000
vn 0.000000 1.000000 0.000000
vn 0.000000 1.000000 0.000000
vn 0.000000 1.000000 0.000000
vn 0.000000 1.000000 0.000000
vn 0.000000 1.000000 0.000000
vn 0.000000 1.000000 0.000000
vn 0.000000 1.000000 0.000000
vn 0.000000 1.000000 0.000000
vn 0.000000 1.000000 0.000000
vn 0.000000 1.000000 -0.000001
vn 0.000000 1.000000 -0.000001
vn 0.000000 1.000000 -0.000001
vn 0.000000 1.000000 0.000000
vn 0.000000 1.000000 0.000000
vn 0.000000 1.000000 0.000000
vn 0.000000 1.000000 0.000000
vn 0.000000 1.000000 0.000000
vn 0.000000 1.000000 0.000000
vn 0.000000 1.000000 -0.000000
vn 0.000000 1.000000 -0.000000
vn 0.000000 1.000000 -0.000000
vn 0.000000 1.000000 0.000000
vn 0.000000 1.000000 0.000000
vn 0.000000 1.000000 0.000000
vn 0.000000 1.000000 0.000000
vn 0.000000 1.000000 0.000000
vn 0.000000 1.000000 0.000000
vn 0.000000 1.000000 0.000000
vn 0.000000 1.000000 0.000000
vn 0.000000 1.000000 0.000000
vn 0.000000 1.000000 0.000000
vn 0.000000 1.000000 0.000000
vn 0.000000 1.000000 0.000000
vn 0.000000 1.000000 0.000000
vn 0.000000 1.000000 0.000000
vn 0.000000 1.000000 0.000000
vn 0.000000 1.000000 -0.000000
vn 0.000000 1.000000 -0.000000
vn 0.000000 1.000000 -0.000000
vn 0.000000 1.000000 0.000000
vn 0.000000 1.000000 0.000000
vn 0.000000 1.000000 0.000000
vn 0.000000 1.000000 0.000000
vn 0.000000 1.000000 0.000000
vn 0.000000 1.000000 0.000000
vn 0.000000 1.000000 -0.000000
vn 0.000000 1.000000 -0.000000
vn 0.000000 1.000000 -0.000000
vn 0.000000 1.000000 -0.000000
vn 0.000000 1.000000 -0.000000
vn 0.000000 1.000000 -0.000000
vn 0.000000 1.000000 0.000000
vn 0.000000 1.000000 0.000000
vn 0.000000 1.000000 0.000000
vn 0.000000 1.000000 0.000000
vn 0.000000 1.000000 0.000000
vn 0.000000 1.000000 0.000000
vn 0.000000 1.000000 -0.000000
vn 0.000000 1.000000 -0.000000
vn 0.000000 1.000000 -0.000000
vn 0.000000 1.000000 0.000000
vn 0.000000 1.000000 0.000000
vn 0.000000 1.000000 0.000000
vn 0.000000 1.000000 0.000000
vn 0.000000 1.000000 0.000000
vn 0.000000 1.000000 0.000000
vn 0.000000 1.000000 0.000000
vn 0.000000 1.000000 0.000000
vn 0.000000 1.000000 0.000000
vn 0.000000 1.000000 0.000000
vn 0.000000 1.000000 0.000000
vn 0.000000 1.000000 0.000000
vn 0.000000 1.000000 0.000001
vn 0.000000 1.000000 0.000001
vn 0.000000 1.000000 0.000001
vn 0.000000 1.000000 0.000000
vn 0.000000 1.000000 0.000000
vn 0.000000 1.000000 0.000000
vn 0.000000 1.000000 -0.000001
vn 0.000000 1.000000 -0.000001
vn 0.000000 1.000000 -0.000001
vn 0.000000 1.000000 0.000000
vn 0.000000 1.000000 0.000000
vn 0.000000 1.000000 0.000000
vn 0.000000 1.000000 0.000001
vn 0.000000 1.000000 0.000001
vn 0.000000 1.000000 0.000001
vn 0.000000 1.000000 0.000000
vn 0.000000 1.000000 0.000000
vn 0.000000 1.000000 0.000000
vn 0.000000 1.000000 0.000000
vn 0.000000 1.000000 0.000000
vn 0.000000 1.000000 0.000000
vn 0.000000 1.000000 0.000000
vn 0.000000 1.000000 0.000000
vn 0.000000 1.000000 0.000000
vn 0.000000 1.000000 0.000000
vn 0.000000 1.000000 0.000000
vn 0.000000 1.000000 0.000000
vn 0.000000 1.000000 0.000000
vn 0.000000 1.000000 0.000000
vn 0.000000 1.000000 0.000000
vn 0.000000 1.000000 -0.000000
vn 0.000000 1.000000 -0.000000
vn 0.000000 1.000000 -0.000000
vn 0.000000 1.000000 0.000000
vn 0.000000 1.000000 0.000000
vn 0.000000 1.000000 0.000000
vn 0.000000 1.000000 -0.000000
vn 0.000000 1.000000 -0.000000
vn 0.000000 1.000000 -0.000000
vn 0.000000 1.000000 0.000000
vn 0.000000 1.000000 0.000000
vn 0.000000 1.000000 0.000000
vn 0.000000 1.000000 0.000000
vn 0.000000 1.000000 0.000000
vn 0.000000 1.000000 0.000000
vn 0.000000 1.000000 0.000000
vn 0.000000 1.000000 0.000000
vn 0.000000 1.000000 0.000000
vn 0.000000 1.000000 0.000000
vn 0.000000 1.000000 0.000000
vn 0.000000 1.000000 0.000000
vn 0.000000 1.000000 0.000004
vn 0.000000 1.000000 0.000004
vn 0.000000 1.000000 0.000004
vn 0.000000 1.000000 0.000001
vn 0.000000 1.000000 0.000001
vn 0.000000 1.000000 0.000001
vn 0.000000 1.000000 0.000000
vn 0.000000 1.000000 0.000000
vn 0.000000 1.000000 0.000000
vn 0.000000 1.000000 0.000000
vn 0.000000 1.000000 0.000000
vn 0.000000 1.000000 0.000000
vn 0.000000 1.000000 0.000000
vn 0.000000 1.000000 0.000000
vn 0.000000 1.000000 0.000000
vn 0.000000 1.000000 0.000000
vn 0.000000 1.000000 0.000000
vn 0.000000 1.000000 0.000000
vn 0.000000 1.000000 -0.000000
vn 0.000000 1.000000 -0.000000
vn 0.000000 1.000000 -0.000000
vn 0.000000 1.000000 -0.000000
vn 0.000000 1.000000 -0.000000
vn 0.000000 1.000000 -0.000000
vn 0.000000 1.000000 0.000000
vn 0.000000 1.000000 0.000000
vn 0.000000 1.000000 0.000000
vn 0.000000 1.000000 0.000000
vn 0.000000 1.000000 0.000000
vn 0.000000 1.000000 0.000000
vn 0.000000 1.000000 0.000000
vn 0.000000 1.000000 0.000000
vn 0.000000 1.000000 0.000000
vn 0.000000 1.000000 0.000000
vn 0.000000 1.000000 0.000000
vn 0.000000 1.000000 0.000000
vn 0.000000 1.000000 0.000000
vn 0.000000 1.000000 0.000000
vn 0.000000 1.000000 0.000000
vn 0.000000 1.000000 0.000000
vn 0.000000 1.000000 0.000000
vn 0.000000 1.000000 0.000000
vn 0.000000 1.000000 0.000000
vn 0.000000 1.000000 0.000000
vn 0.000000 1.000000 0.000000
vn 0.000000 1.000000 -0.000002
vn 0.000000 1.000000 -0.000002
vn 0.000000 1.000000 -0.000002
vn 0.000000 1.000000 0.000001
vn 0.000000 1.000000 0.000001
vn 0.000000 1.000000 0.000001
vn 0.000000 1.000000 -0.000001
vn 0.000000 1.000000 -0.000001
vn 0.000000 1.000000 -0.000001
vn 0.000000 1.000000 0.000003
vn 0.000000 1.000000 0.000003
vn 0.000000 1.000000 0.000003
vn 0.000000 1.000000 0.000000
vn 0.000000 1.000000 0.000000
vn 0.000000 1.000000 0.000000
vn 0.000000 1.000000 0.000000
vn 0.000000 1.000000 0.000000
vn 0.000000 1.000000 0.000000
vn 0.000000 1.000000 0.000000
vn 0.000000 1.000000 0.000000
vn 0.000000 1.000000 0.000000
vn 0.000000 1.000000 -0.000002
vn 0.000000 1.000000 -0.000002
vn 0.000000 1.000000 -0.000002
vn 0.000000 1.000000 0.000000
vn 0.000000 1.000000 0.000000
vn 0.000000 1.000000 0.000000
vn 0.000000 1.000000 -0.000000
vn 0.000000 1.000000 -0.000000
vn 0.000000 1.000000 -0.000000
vn 0.000000 1.000000 0.000000
vn 0.000000 1.000000 0.000000
vn 0.000000 1.000000 0.000000
vn 0.000000 1.000000 0.000000
vn 0.000000 1.000000 0.000000
vn 0.000000 1.000000 0.000000
vn 0.000000 1.000000 -0.000000
vn 0.000000 1.000000 -0.000000
vn 0.000000 1.000000 -0.000000
vn 0.000000 1.000000 0.000000
vn 0.000000 1.000000 0.000000
vn 0.000000 1.000000 0.000000
vn 0.000000 1.000000 0.000000
vn 0.000000 1.000000 0.000000
vn 0.000000 1.000000 0.000000
vn 0.000000 1.000000 -0.000000
vn 0.000000 1.000000 -0.000000
vn 0.000000 1.000000 -0.000000
vn 0.000000 1.000000 0.000000
vn 0.000000 1.000000 0.000000
vn 0.000000 1.000000 0.000000
vn 0.000000 1.000000 0.000000
vn 0.000000 1.000000 0.000000
vn 0.000000 1.000000 0.000000
vn 0.000000 1.000000 0.000000
vn 0.000000 1.000000 0.000000
vn 0.000000 1.000000 0.000000
vn 0.000000 1.000000 -0.000000
vn 0.000000 1.000000 -0.000000
vn 0.000000 1.000000 -0.000000
vn 0.000000 1.000000 -0.000000
vn 0.000000 1.000000 -0.000000
vn 0.000000 1.000000 -0.000000
vn 0.000000 1.000000 0.000000
vn 0.000000 1.000000 0.000000
vn 0.000000 1.000000 0.000000
vn 0.000000 1.000000 0.000000
vn 0.000000 1.000000 0.000000
vn 0.000000 1.000000 0.000000
vn 0.000000 1.000000 0.000000
vn 0.000000 1.000000 0.000000
vn 0.000000 1.000000 0.000000
vn 0.000000 1.000000 0.000000
vn 0.000000 1.000000 0.000000
vn 0.000000 1.000000 0.000000
vn 0.000000 1.000000 0.000000
vn 0.000000 1.000000 0.000000
vn 0.000000 1.000000 0.000000
vn 0.000000 1.000000 0.000000
vn 0.000000 1.000000 0.000000
vn 0.000000 1.000000 0.000000
vn 0.000000 1.000000 0.000001
vn 0.000000 1.000000 0.000001
vn 0.000000 1.000000 0.000001
vn 0.000000 1.000000 0.000000
vn 0.000000 1.000000 0.000000
vn 0.000000 1.000000 0.000000
vn 0.000000 1.000000 0.000000
vn 0.000000 1.000000 0.000000
vn 0.000000 1.000000 0.000000
vn 0.000000 1.000000 -0.000000
vn 0.000000 1.000000 -0.000000
vn 0.000000 1.000000 -0.000000
vn 0.000000 1.000000 0.000000
vn 0.000000 1.000000 0.000000
vn 0.000000 1.000000 0.000000
vn 0.000000 1.000000 0.000000
vn 0.000000 1.000000 0.000000
vn 0.000000 1.000000 0.000000
vn 0.000000 1.000000 -0.000001
vn 0.000000 1.000000 -0.000001
vn 0.000000 1.000000 -0.000001
vn 0.000000 1.000000 0.000000
vn 0.000000 1.000000 0.000000
vn 0.000000 1.000000 0.000000
vn 0.000000 1.000000 0.000000
vn 0.000000 1.000000 0.000000
vn 0.000000 1.000000 0.000000
vn 0.000000 1.000000 -0.000000
vn 0.000000 1.000000 -0.000000
vn 0.000000 1.000000 -0.000000
vn 0.000000 1.000000 -0.000000
vn 0.000000 1.000000 -0.000000
vn 0.000000 1.000000 -0.000000
vn 0.000000 1.000000 0.000000
vn 0.000000 1.000000 0.000000
vn 0.000000 1.000000 0.000000
vn 0.000000 1.000000 0.000000
vn 0.000000 1.000000 0.000000
vn 0.000000 1.000000 0.000000
vn 0.000000 1.000000 0.000000
vn 0.000000 1.000000 0.000000
vn 0.000000 1.000000 0.000000
vn 0.000000 1.000000 0.000000
vn 0.000000 1.000000 0.000000
vn 0.000000 1.000000 0.000000
vn 0.000000 1.000000 0.000000
vn 0.000000 1.000000 0.000000
vn 0.000000 1.000000 0.000000
vn 0.000000 1.000000 0.000000
vn 0.000000 1.000000 0.000000
vn 0.000000 1.000000 0.000000
vn 0.000000 1.000000 -0.000001
vn 0.000000 1.000000 -0.000001
vn 0.000000 1.000000 -0.000001
vn 0.000000 1.000000 0.000000
vn 0.000000 1.000000 0.000000
vn 0.000000 1.000000 0.000000
vn 0.000000 1.000000 0.000000
vn 0.000000 1.000000 0.000000
vn 0.000000 1.000000 0.000000
vn 0.000000 1.000000 0.000000
vn 0.000000 1.000000 0.000000
vn 0.000000 1.000000 0.000000
vn 0.000000 1.000000 0.000000
vn 0.000000 1.000000 0.000000
vn 0.000000 1.000000 0.000000
vn 0.000000 1.000000 -0.000001
vn 0.000000 1.000000 -0.000001
vn 0.000000 1.000000 -0.000001
vn 0.000000 1.000000 -0.000001
vn 0.000000 1.000000 -0.000001
vn 0.000000 1.000000 -0.000001
vn 0.000000 1.000000 0.000002
vn 0.000000 1.000000 0.000002
vn 0.000000 1.000000 0.000002
vn 0.000000 1.000000 0.000000
vn 0.000000 1.000000 0.000000
vn 0.000000 1.000000 0.000000
vn 0.000000 1.000000 0.000001
vn 0.000000 1.000000 0.000001
vn 0.000000 1.000000 0.000001
vn 0.000000 1.000000 -0.000000
vn 0.000000 1.000000 -0.000000
vn 0.000000 1.000000 -0.000000
vn 0.000000 1.000000 0.000000
vn 0.000000 1.000000 0.000000
vn 0.000000 1.000000 0.000000
vn 0.000000 1.000000 0.000000
vn 0.000000 1.000000 0.000000
vn 0.000000 1.000000 0.000000
vn 0.000000 1.000000 0.000000
vn 0.000000 1.000000 0.000000
vn 0.000000 1.000000 0.000000
vn 0.000000 1.000000 0.000000
vn 0.000000 1.000000 0.000000
vn 0.000000 1.000000 0.000000
vn 0.000000 1.000000 0.000000
vn 0.000000 1.000000 0.000000
vn 0.000000 1.000000 0.000000
vn 0.000000 1.000000 0.000000
vn 0.000000 1.000000 0.000000
vn 0.000000 1.000000 0.000000
vn 0.000000 1.000000 0.000000
vn 0.000000 1.000000 0.000000
vn 0.000000 1.000000 0.000000
vn 0.000000 1.000000 0.000000
vn 0.000000 1.000000 0.000000
vn 0.000000 1.000000 0.000000
vn 0.000000 1.000000 -0.000004
vn 0.000000 1.000000 -0.000004
vn 0.000000 1.000000 -0.000004
vn 0.000000 1.000000 -0.000001
vn 0.000000 1.000000 -0.000001
vn 0.000000 1.000000 -0.000001
vn 0.000000 1.000000 0.000000
vn 0.000000 1.000000 0.000000
vn 0.000000 1.000000 0.000000
vn 0.000000 1.000000 0.000000
vn 0.000000 1.000000 0.000000
vn 0.000000 1.000000 0.000000
vn 0.000000 1.000000 0.000000
vn 0.000000 1.000000 0.000000
vn 0.000000 1.000000 0.000000
vn 0.000000 1.000000 0.000000
vn 0.000000 1.000000 0.000000
vn 0.000000 1.000000 0.000000
vn 0.000000 1.000000 0.000000
vn 0.000000 1.000000 0.000000
vn 0.000000 1.000000 0.000000
vn 0.000000 1.000000 -0.000000
vn 0.000000 1.000000 -0.000000
vn 0.000000 1.000000 -0.000000
vn 0.000000 1.000000 0.000000
vn 0.000000 1.000000 0.000000
vn 0.000000 1.000000 0.000000
vn 0.000000 1.000000 0.000000
vn 0.000000 1.000000 0.000000
vn 0.000000 1.000000 0.000000
vn 0.000000 1.000000 0.000000
vn 0.000000 1.000000 0.000000
vn 0.000000 1.000000 0.000000
vn 0.000000 1.000000 0.000000
vn 0.000000 1.000000 0.000000
vn 0.000000 1.000000 0.000000
vn 0.000000 1.000000 -0.000001
vn 0.000000 1.000000 -0.000001
vn 0.000000 1.000000 -0.000001
vn 0.000000 1.000000 0.000000
vn 0.000000 1.000000 0.000000
vn 0.000000 1.000000 0.000000
vn 0.000000 1.000000 0.000000
vn 0.000000 1.000000 0.000000
vn 0.000000 1.000000 0.000000
vn 0.000000 1.000000 0.000000
vn 0.000000 1.000000 0.000000
vn 0.000000 1.000000 0.000000
vn 0.000000 1.000000 0.000000
vn 0.000000 1.000000 0.000000
vn 0.000000 1.000000 0.000000
vn 0.000000 1.000000 0.000000
vn 0.000000 1.000000 0.000000
vn 0.000000 1.000000 0.000000
vn 0.000000 1.000000 0.000000
vn 0.000000 1.000000 0.000000
vn 0.000000 1.000000 0.000000
vn 0.000000 1.000000 0.000000
vn 0.000000 1.000000 0.000000
vn 0.000000 1.000000 0.000000
vn 0.000000 1.000000 0.000000
vn 0.000000 1.000000 0.000000
vn 0.000000 1.000000 0.000000
vn 0.000000 1.000000 -0.000000
vn 0.000000 1.000000 -0.000000
vn 0.000000 1.000000 -0.000000
vn 0.000000 1.000000 0.000000
vn 0.000000 1.000000 0.000000
vn 0.000000 1.000000 0.000000
vn 0.000000 1.000000 0.000000
vn 0.000000 1.000000 0.000000
vn 0.000000 1.000000 0.000000
vn 0.000000 1.000000 0.000000
vn 0.000000 1.000000 0.000000
vn 0.000000 1.000000 0.000000
vn 0.000000 1.000000 0.000000
vn 0.000000 1.000000 0.000000
vn 0.000000 1.000000 0.000000
vn 0.000000 1.000000 0.000000
vn 0.000000 1.000000 0.000000
vn 0.000000 1.000000 0.000000
vn 0.000000 1.000000 0.000000
vn 0.000000 1.000000 0.000000
vn 0.000000 1.000000 0.000000
vn 0.000000 1.000000 -0.000000
vn 0.000000 1.000000 -0.000000
vn 0.000000 1.000000 -0.000000
vn 0.000000 1.000000 0.000000
vn 0.000000 1.000000 0.000000
vn 0.000000 1.000000 0.000000
vn 0.000000 1.000000 0.000000
vn 0.000000 1.000000 0.000000
vn 0.000000 1.000000 0.000000
vn 0.000000 1.000000 0.000000
vn 0.000000 1.000000 0.000000
vn 0.000000 1.000000 0.000000
vn 0.000000 1.000000 -0.000000
vn 0.000000 1.000000 -0.000000
vn 0.000000 1.000000 -0.000000
vn 0.000000 1.000000 -0.000000
vn 0.000000 1.000000 -0.000000
vn 0.000000 1.000000 -0.000000
vn 0.000000 1.000000 -0.000000
vn 0.000000 1.000000 -0.000000
vn 0.000000 1.000000 -0.000000
vn 0.000000 1.000000 0.000000
vn 0.000000 1.000000 0.000000
vn 0.000000 1.000000 0.000000
vn 0.000000 1.000000 0.000000
vn 0.000000 1.000000 0.000000
vn 0.000000 1.000000 0.000000
vn 0.000000 1.000000 0.000000
vn 0.000000 1.000000 0.000000
vn 0.000000 1.000000 0.000000
vn 0.000000 1.000000 0.000000
vn 0.000000 1.000000 0.000000
vn 0.000000 1.000000 0.000000
vn 0.000000 1.000000 -0.000000
vn 0.000000 1.000000 -0.000000
vn 0.000000 1.000000 -0.000000
vn 0.000000 1.000000 0.000000
vn 0.000000 1.000000 0.000000
vn 0.000000 1.000000 0.000000
vn 0.000000 1.000000 0.000000
vn 0.000000 1.000000 0.000000
vn 0.000000 1.000000 0.000000
vn 0.000000 1.000000 0.000000
vn 0.000000 1.000000 0.000000
vn 0.000000 1.000000 0.000000
vn 0.000000 1.000000 0.000000
vn 0.000000 1.000000 0.000000
vn 0.000000 1.000000 0.000000
vn 0.000000 1.000000 0.000000
vn 0.000000 1.000000 0.000000
vn 0.000000 1.000000 0.000000
vn 0.000000 1.000000 0.000000
vn 0.000000 1.000000 0.000000
vn 0.000000 1.000000 0.000000
vn 0.000000 1.000000 0.000000
vn 0.000000 1.000000 0.000000
vn 0.000000 1.000000 0.000000
vn 0.000000 1.000000 0.000000
vn 0.000000 1.000000 0.000000
vn 0.000000 1.000000 0.000000
vn 0.000000 1.000000 0.000000
vn 0.000000 1.000000 0.000000
vn 0.000000 1.000000 0.000000
vn 0.000000 1.000000 0.000000
vn 0.000000 1.000000 0.000000
vn 0.000000 1.000000 0.000000
vn 0.000000 1.000000 0.000000
vn 0.000000 1.000000 0.000000
vn 0.000000 1.000000 0.000000
vn 0.000000 1.000000 0.000000
vn 0.000000 1.000000 -0.000000
vn 0.000000 1.000000 -0.000000
vn 0.000000 1.000000 -0.000000
vn 0.000000 1.000000 0.000000
vn 0.000000 1.000000 0.000000
vn 0.000000 1.000000 0.000000
vn 0.000000 1.000000 0.000000
vn 0.000000 1.000000 0.000000
vn 0.000000 1.000000 0.000000
vn 0.000000 1.000000 0.000000
vn 0.000000 1.000000 0.000000
vn 0.000000 1.000000 0.000000
vn 0.000000 1.000000 0.000000
vn 0.000000 1.000000 0.000000
vn 0.000000 1.000000 0.000000
vn 0.000000 1.000000 0.000000
vn 0.000000 1.000000 0.000000
vn 0.000000 1.000000 0.000000
vn 0.000000 1.000000 0.000000
vn 0.000000 1.000000 0.000000
vn 0.000000 1.000000 0.000000
vn 0.000000 1.000000 0.000000
vn 0.000000 1.000000 0.000000
vn 0.000000 1.000000 0.000000
vn 0.000000 1.000000 0.000000
vn 0.000000 1.000000 0.000000
vn 0.000000 1.000000 0.000000
vn 0.000000 1.000000 -0.000000
vn 0.000000 1.000000 -0.000000
vn 0.000000 1.000000 -0.000000
vn 0.000000 1.000000 0.000000
vn 0.000000 1.000000 0.000000
vn 0.000000 1.000000 0.000000
vn 0.000000 1.000000 0.000000
vn 0.000000 1.000000 0.000000
vn 0.000000 1.000000 0.000000
vn 0.000000 1.000000 0.000000
vn 0.000000 1.000000 0.000000
vn 0.000000 1.000000 0.000000
vn 0.000000 1.000000 0.000000
vn 0.000000 1.000000 0.000000
vn 0.000000 1.000000 0.000000
vn 0.000000 1.000000 0.000000
vn 0.000000 1.000000 0.000000
vn 0.000000 1.000000 0.000000
vn 0.000000 1.000000 0.000000
vn 0.000000 1.000000 0.000000
vn 0.000000 1.000000 0.000000
vn 0.000000 1.000000 -0.000001
vn 0.000000 1.000000 -0.000001
vn 0.000000 1.000000 -0.000001
vn 0.000000 1.000000 0.000000
vn 0.000000 1.000000 0.000000
vn 0.000000 1.000000 0.000000
vn 0.000000 1.000000 0.000000
vn 0.000000 1.000000 0.000000
vn 0.000000 1.000000 0.000000
vn 0.000000 1.000000 -0.000000
vn 0.000000 1.000000 -0.000000
vn 0.000000 1.000000 -0.000000
vn 0.000000 1.000000 0.000000
vn 0.000000 1.000000 0.000000
vn 0.000000 1.000000 0.000000
vn 0.000000 1.000000 0.000000
vn 0.000000 1.000000 0.000000
vn 0.000000 1.000000 0.000000
vn 0.000000 1.000000 0.000000
vn 0.000000 1.000000 0.000000
vn 0.000000 1.000000 0.000000
vn 0.000000 1.000000 0.000000
vn 0.000000 1.000000 0.000000
vn 0.000000 1.000000 0.000000
vn 0.000000 1.000000 -0.000000
vn 0.000000 1.000000 -0.000000
vn 0.000000 1.000000 -0.000000
vn 0.000000 1.000000 0.000000
vn 0.000000 1.000000 0.000000
vn 0.000000 1.000000 0.000000
vn 0.000000 1.000000 0.000000
vn 0.000000 1.000000 0.000000
vn 0.000000 1.000000 0.000000
vn 0.000000 1.000000 0.000000
vn 0.000000 1.000000 0.000000
vn 0.000000 1.000000 0.000000
vn 0.000000 1.000000 0.000000
vn 0.000000 1.000000 0.000000
vn 0.000000 1.000000 0.000000
vn 0.000000 1.000000 0.000000
vn 0.000000 1.000000 0.000000
vn 0.000000 1.000000 0.000000
vn 0.000000 1.000000 -0.000001
vn 0.000000 1.000000 -0.000001
vn 0.000000 1.000000 -0.000001
vn 0.000000 1.000000 0.000000
vn 0.000000 1.000000 0.000000
vn 0.000000 1.000000 0.000000
vn 0.000000 1.000000 0.000001
vn 0.000000 1.000000 0.000001
vn 0.000000 1.000000 0.000001
vn 0.000000 1.000000 0.000000
vn 0.000000 1.000000 0.000000
vn 0.000000 1.000000 0.000000
vn 0.000000 1.000000 0.000000
vn 0.000000 1.000000 0.000000
vn 0.000000 1.000000 0.000000
vn 0.000000 1.000000 -0.000000
vn 0.000000 1.000000 -0.000000
vn 0.000000 1.000000 -0.000000
vn 0.000000 1.000000 0.000000
vn 0.000000 1.000000 0.000000
vn 0.000000 1.000000 0.000000
vn 0.000000 1.000000 0.000000
vn 0.000000 1.000000 0.000000
vn 0.000000 1.000000 0.000000
vn 0.000000 1.000000 -0.000001
vn 0.000000 1.000000 -0.000001
vn 0.000000 1.000000 -0.000001
vn 0.000000 1.000000 0.000000
vn 0.000000 1.000000 0.000000
vn 0.000000 1.000000 0.000000
vn 0.000000 1.000000 0.000000
vn 0.000000 1.000000 0.000000
vn 0.000000 1.000000 0.000000
vn 0.000000 1.000000 -0.000000
vn 0.000000 1.000000 -0.000000
vn 0.000000 1.000000 -0.000000
vn 0.000000 1.000000 0.000000
vn 0.000000 1.000000 0.000000
vn 0.000000 1.000000 0.000000
vn 0.000000 1.000000 0.000000
vn 0.000000 1.000000 0.000000
vn 0.000000 1.000000 0.000000
vn 0.000000 1.000000 0.000000
vn 0.000000 1.000000 0.000000
vn 0.000000 1.000000 0.000000
vn 0.000000 1.000000 0.000000
vn 0.000000 1.000000 0.000000
vn 0.000000 1.000000 0.000000
vn 0.000000 1.000000 0.000000
vn 0.000000 1.000000 0.000000
vn 0.000000 1.000000 0.000000
vn 0.000000 1.000000 0.000000
vn 0.000000 1.000000 0.000000
vn 0.000000 1.000000 0.000000
vn 0.000000 1.000000 -0.000000
vn 0.000000 1.000000 -0.000000
vn 0.000000 1.000000 -0.000000
vn 0.000000 1.000000 -0.000001
vn 0.000000 1.000000 -0.000001
vn 0.000000 1.000000 -0.000001
vn 0.000000 1.000000 0.000000
vn 0.000000 1.000000 0.000000
vn 0.000000 1.000000 0.000000
vn 0.000000 1.000000 0.000000
vn 0.000000 1.000000 0.000000
vn 0.000000 1.000000 0.000000
vn 0.000000 1.000000 0.000000
vn 0.000000 1.000000 0.000000
vn 0.000000 1.000000 0.000000
vn 0.000000 1.000000 -0.000000
vn 0.000000 1.000000 -0.000000
vn 0.000000 1.000000 -0.000000
vn 0.000000 1.000000 0.000000
vn 0.000000 1.000000 0.000000
vn 0.000000 1.000000 0.000000
vn 0.000000 1.000000 0.000000
vn 0.000000 1.000000 0.000000
vn 0.000000 1.000000 0.000000
vn 0.000000 1.000000 0.000000
vn 0.000000 1.000000 0.000000
vn 0.000000 1.000000 0.000000
vn 0.000000 1.000000 -0.000000
vn 0.000000 1.000000 -0.000000
vn 0.000000 1.000000 -0.000000
vn 0.000000 1.000000 0.000000
vn 0.000000 1.000000 0.000000
vn 0.000000 1.000000 0.000000
vn 0.000000 1.000000 0.000000
vn 0.000000 1.000000 0.000000
vn 0.000000 1.000000 0.000000
vn 0.000000 1.000000 -0.000000
vn 0.000000 1.000000 -0.000000
vn 0.000000 1.000000 -0.000000
vn 0.000000 1.000000 0.000000
vn 0.000000 1.000000 0.000000
vn 0.000000 1.000000 0.000000
vn 0.000000 1.000000 0.000000
vn 0.000000 1.000000 0.000000
vn 0.000000 1.000000 0.000000
vn 0.000000 1.000000 -0.000000
vn 0.000000 1.000000 -0.000000
vn 0.000000 1.000000 -0.000000
vn 0.000000 1.000000 -0.000000
vn 0.000000 1.000000 -0.000000
vn 0.000000 1.000000 -0.000000
vn 0.000000 1.000000 -0.000000
vn 0.000000 1.000000 -0.000000
vn 0.000000 1.000000 -0.000000
vn 0.000000 1.000000 0.000000
vn 0.000000 1.000000 0.000000
vn 0.000000 1.000000 0.000000
vn 0.000000 1.000000 0.000000
vn 0.000000 1.000000 0.000000
vn 0.000000 1.000000 0.000000
vn 0.000000 1.000000 0.000000
vn 0.000000 1.000000 0.000000
vn 0.000000 1.000000 0.000000
vn 0.000000 1.000000 0.000000
vn 0.000000 1.000000 0.000000
vn 0.000000 1.000000 0.000000
vn 0.000000 1.000000 0.000000
vn 0.000000 1.000000 0.000000
vn 0.000000 1.000000 0.000000
vn 0.000000 1.000000 0.000000
vn 0.000000 1.000000 0.000000
vn 0.000000 1.000000 0.000000
vn 0.000000 1.000000 0.000000
vn 0.000000 1.000000 0.000000
vn 0.000000 1.000000 0.000000
vn 0.000000 1.000000 -0.000000
vn 0.000000 1.000000 -0.000000
vn 0.000000 1.000000 -0.000000
vn 0.000000 1.000000 0.000000
vn 0.000000 1.000000 0.000000
vn 0.000000 1.000000 0.000000
vn 0.000000 1.000000 0.000000
vn 0.000000 1.000000 0.000000
vn 0.000000 1.000000 0.000000
vn 0.000000 1.000000 0.000001
vn 0.000000 1.000000 0.000001
vn 0.000000 1.000000 0.000001
vn 0.000000 1.000000 -0.000000
vn 0.000000 1.000000 -0.000000
vn 0.000000 1.000000 -0.000000
vn 0.000000 1.000000 0.000000
vn 0.000000 1.000000 0.000000
vn 0.000000 1.000000 0.000000
vn 0.000000 1.000000 0.000000
vn 0.000000 1.000000 0.000000
vn 0.000000 1.000000 0.000000
vn 0.000000 1.000000 0.000000
vn 0.000000 1.000000 0.000000
vn 0.000000 1.000000 0.000000
vn 0.000000 1.000000 0.000000
vn 0.000000 1.000000 0.000000
vn 0.000000 1.000000 0.000000
vn 0.000000 1.000000 0.000001
vn 0.000000 1.000000 0.000001
vn 0.000000 1.000000 0.000001
vn 0.000000 1.000000 0.000000
vn 0.000000 1.000000 0.000000
vn 0.000000 1.000000 0.000000
vn 0.000000 1.000000 0.000000
vn 0.000000 1.000000 0.000000
vn 0.000000 1.000000 0.000000
vn 0.000000 1.000000 0.000000
vn 0.000000 1.000000 0.000000
vn 0.000000 1.000000 0.000000
vn 0.000000 1.000000 -0.000000
vn 0.000000 1.000000 -0.000000
vn 0.000000 1.000000 -0.000000
vn 0.000000 1.000000 0.000000
vn 0.000000 1.000000 0.000000
vn 0.000000 1.000000 0.000000
vn 0.000000 1.000000 -0.000002
vn 0.000000 1.000000 -0.000002
vn 0.000000 1.000000 -0.000002
vn 0.000000 1.000000 -0.000000
vn 0.000000 1.000000 -0.000000
vn 0.000000 1.000000 -0.000000
vn 0.000000 1.000000 0.000000
vn 0.000000 1.000000 0.000000
vn 0.000000 1.000000 0.000000
vn 0.000000 1.000000 0.000000
vn 0.000000 1.000000 0.000000
vn 0.000000 1.000000 0.000000
vn 0.000000 1.000000 0.000000
vn 0.000000 1.000000 0.000000
vn 0.000000 1.000000 0.000000
vn 0.000000 1.000000 0.000000
vn 0.000000 1.000000 0.000000
vn 0.000000 1.000000 0.000000
vn 0.000000 1.000000 -0.000000
vn 0.000000 1.000000 -0.000000
vn 0.000000 1.000000 -0.000000
vn 0.000000 1.000000 0.000000
vn 0.000000 1.000000 0.000000
vn 0.000000 1.000000 0.000000
vn 0.000000 1.000000 0.000001
vn 0.000000 1.000000 0.000001
vn 0.000000 1.000000 0.000001
vn 0.000000 1.000000 0.000000
vn 0.000000 1.000000 0.000000
vn 0.000000 1.000000 0.000000
vn 0.000000 1.000000 0.000000
vn 0.000000 1.000000 0.000000
vn 0.000000 1.000000 0.000000
vn 0.000000 1.000000 0.000000
vn 0.000000 1.000000 0.000000
vn 0.000000 1.000000 0.000000
vn 0.000000 1.000000 0.000000
vn 0.000000 1.000000 0.000000
vn 0.000000 1.000000 0.000000
vn 0.000000 1.000000 0.000000
vn 0.000000 1.000000 0.000000
vn 0.000000 1.000000 0.000000
vn 0.000000 1.000000 0.000001
vn 0.000000 1.000000 0.000001
vn 0.000000 1.000000 0.000001
vn 0.000000 1.000000 0.000000
vn 0.000000 1.000000 0.000000
vn 0.000000 1.000000 0.000000
vn 0.000000 1.000000 0.000000
vn 0.000000 1.000000 0.000000
vn 0.000000 1.000000 0.000000
vn 0.000000 1.000000 0.000000
vn 0.000000 1.000000 0.000000
vn 0.000000 1.000000 0.000000
vn 0.000000 1.000000 0.000000
vn 0.000000 1.000000 0.000000
vn 0.000000 1.000000 0.000000
vn 0.000000 1.000000 0.000000
vn 0.000000 1.000000 0.000000
vn 0.000000 1.000000 0.000000
vn 0.000000 1.000000 0.000000
vn 0.000000 1.000000 0.000000
vn 0.000000 1.000000 0.000000
vn 0.000000 1.000000 0.000001
vn 0.000000 1.000000 0.000001
vn 0.000000 1.000000 0.000001
vn 0.000000 1.000000 0.000000
vn 0.000000 1.000000 0.000000
vn 0.000000 1.000000 0.000000
vn 0.000000 1.000000 0.000000
vn 0.000000 1.000000 0.000000
vn 0.000000 1.000000 0.000000
vn 0.000000 1.000000 0.000000
vn 0.000000 1.000000 0.000000
vn 0.000000 1.000000 0.000000
vn 0.000000 1.000000 0.000000
vn 0.000000 1.000000 0.000000
vn 0.000000 1.000000 0.000000
vn 0.000000 1.000000 0.000000
vn 0.000000 1.000000 0.000000
vn 0.000000 1.000000 0.000000
vn 0.000000 1.000000 0.000000
vn 0.000000 1.000000 0.000000
vn 0.000000 1.000000 0.000000
vn 0.000000 1.000000 0.000000
vn 0.000000 1.000000 0.000000
vn 0.000000 1.000000 0.000000
vn 0.000000 1.000000 -0.000000
vn 0.000000 1.000000 -0.000000
vn 0.000000 1.000000 -0.000000
vn 0.000000 1.000000 0.000000
vn 0.000000 1.000000 0.000000
vn 0.000000 1.000000 0.000000
vn 0.000000 1.000000 -0.000001
vn 0.000000 1.000000 -0.000001
vn 0.000000 1.000000 -0.000001
vn 0.000000 1.000000 0.000000
vn 0.000000 1.000000 0.000000
vn 0.000000 1.000000 0.000000
vn 0.000000 1.000000 0.000000
vn 0.000000 1.000000 0.000000
vn 0.000000 1.000000 0.000000
vn 0.000000 1.000000 0.000000
vn 0.000000 1.000000 0.000000
vn 0.000000 1.000000 0.000000
vn 0.000000 1.000000 0.000000
vn 0.000000 1.000000 0.000000
vn 0.000000 1.000000 0.000000
vn 0.000000 1.000000 0.000000
vn 0.000000 1.000000 0.000000
vn 0.000000 1.000000 0.000000
vn 0.000000 1.000000 -0.000000
vn 0.000000 1.000000 -0.000000
vn 0.000000 1.000000 -0.000000
vn 0.000000 1.000000 0.000000
vn 0.000000 1.000000 0.000000
vn 0.000000 1.000000 0.000000
vn 0.000000 1.000000 0.000000
vn 0.000000 1.000000 0.000000
vn 0.000000 1.000000 0.000000
vn 0.000000 1.000000 0.000000
vn 0.000000 1.000000 0.000000
vn 0.000000 1.000000 0.000000
vn 0.000000 1.000000 0.000000
vn 0.000000 1.000000 0.000000
vn 0.000000 1.000000 0.000000
vn 0.000000 1.000000 0.000000
vn 0.000000 1.000000 0.000000
vn 0.000000 1.000000 0.000000
vn 0.000000 1.000000 0.000000
vn 0.000000 1.000000 0.000000
vn 0.000000 1.000000 0.000000
vn 0.000000 1.000000 -0.000000
vn 0.000000 1.000000 -0.000000
vn 0.000000 1.000000 -0.000000
vn 0.000000 1.000000 -0.000000
vn 0.000000 1.000000 -0.000000
vn 0.000000 1.000000 -0.000000
vn 0.000000 1.000000 0.000000
vn 0.000000 1.000000 0.000000
vn 0.000000 1.000000 0.000000
vn 0.000000 1.000000 0.000000
vn 0.000000 1.000000 0.000000
vn 0.000000 1.000000 0.000000
vn 0.000000 1.000000 0.000000
vn 0.000000 1.000000 0.000000
vn 0.000000 1.000000 0.000000
vn 0.000000 1.000000 0.000000
vn 0.000000 1.000000 0.000000
vn 0.000000 1.000000 0.000000
vn 0.000000 1.000000 0.000000
vn 0.000000 1.000000 0.000000
vn 0.000000 1.000000 0.000000
vn 0.000000 1.000000 0.000000
vn 0.000000 1.000000 0.000000
vn 0.000000 1.000000 0.000000
vn 0.000000 1.000000 0.000000
vn 0.000000 1.000000 0.000000
vn 0.000000 1.000000 0.000000
vn 0.000000 1.000000 0.000000
vn 0.000000 1.000000 0.000000
vn 0.000000 1.000000 0.000000
vn 0.000000 1.000000 0.000000
vn 0.000000 1.000000 0.000000
vn 0.000000 1.000000 0.000000
vn 0.000000 1.000000 0.000000
vn 0.000000 1.000000 0.000000
vn 0.000000 1.000000 0.000000
vn 0.000000 1.000000 0.000000
vn 0.000000 1.000000 0.000000
vn 0.000000 1.000000 0.000000
vn 0.000000 1.000000 0.000000
vn 0.000000 1.000000 0.000000
vn 0.000000 1.000000 0.000000
vn 0.000000 1.000000 0.000000
vn 0.000000 1.000000 0.000000
vn 0.000000 1.000000 0.000000
vn 0.000000 1.000000 0.000000
vn 0.000000 1.000000 0.000000
vn 0.000000 1.000000 0.000000
vn 0.000000 1.000000 0.000000
vn 0.000000 1.000000 0.000000
vn 0.000000 1.000000 0.000000
vn 0.000000 1.000000 -0.000000
vn 0.000000 1.000000 -0.000000
vn 0.000000 1.000000 -0.000000
vn 0.000000 1.000000 -0.000000
vn 0.000000 1.000000 -0.000000
vn 0.000000 1.000000 -0.000000
vn 0.000000 1.000000 0.000000
vn 0.000000 1.000000 0.000000
vn 0.000000 1.000000 0.000000
vn 0.000000 1.000000 0.000000
vn 0.000000 1.000000 0.000000
vn 0.000000 1.000000 0.000000
vn 0.000000 1.000000 -0.000000
vn 0.000000 1.000000 -0.000000
vn 0.000000 1.000000 -0.000000
vn 0.000000 1.000000 0.000000
vn 0.000000 1.000000 0.000000
vn 0.000000 1.000000 0.000000
vn 0.000000 1.000000 0.000000
vn 0.000000 1.000000 0.000000
vn 0.000000 1.000000 0.000000
vn 0.000000 1.000000 0.000000
vn 0.000000 1.000000 0.000000
vn 0.000000 1.000000 0.000000
vn 0.000000 1.000000 0.000000
vn 0.000000 1.000000 0.000000
vn 0.000000 1.000000 0.000000
vn 0.000000 1.000000 0.000000
vn 0.000000 1.000000 0.000000
vn 0.000000 1.000000 0.000000
vn 0.000000 1.000000 0.000000
vn 0.000000 1.000000 0.000000
vn 0.000000 1.000000 0.000000
vn 0.000000 1.000000 -0.000000
vn 0.000000 1.000000 -0.000000
vn 0.000000 1.000000 -0.000000
vn 0.000000 1.000000 0.000000
vn 0.000000 1.000000 0.000000
vn 0.000000 1.000000 0.000000
vn 0.000000 1.000000 0.000000
vn 0.000000 1.000000 0.000000
vn 0.000000 1.000000 0.000000
vn 0.000000 1.000000 0.000000
vn 0.000000 1.000000 0.000000
vn 0.000000 1.000000 0.000000
vn 0.000000 1.000000 0.000000
vn 0.000000 1.000000 0.000000
vn 0.000000 1.000000 0.000000
vn 0.000000 1.000000 -0.000000
vn 0.000000 1.000000 -0.000000
vn 0.000000 1.000000 -0.000000
vn 0.000000 1.000000 0.000000
vn 0.000000 1.000000 0.000000
vn 0.000000 1.000000 0.000000
vn 0.000000 1.000000 0.000000
vn 0.000000 1.000000 0.000000
vn 0.000000 1.000000 0.000000
vn 0.000000 1.000000 0.000000
vn 0.000000 1.000000 0.000000
vn 0.000000 1.000000 0.000000
vn 0.000000 1.000000 -0.000000
vn 0.000000 1.000000 -0.000000
vn 0.000000 1.000000 -0.000000
vn 0.000000 1.000000 0.000000
vn 0.000000 1.000000 0.000000
vn 0.000000 1.000000 0.000000
vn 0.000000 1.000000 0.000000
vn 0.000000 1.000000 0.000000
vn 0.000000 1.000000 0.000000
vn 0.000000 1.000000 -0.000000
vn 0.000000 1.000000 -0.000000
vn 0.000000 1.000000 -0.000000
vn 0.000000 1.000000 -0.000000
vn 0.000000 1.000000 -0.000000
vn 0.000000 1.000000 -0.000000
vn 0.000000 1.000000 0.000000
vn 0.000000 1.000000 0.000000
vn 0.000000 1.000000 0.000000
vn 0.000000 1.000000 0.000000
vn 0.000000 1.000000 0.000000
vn 0.000000 1.000000 0.000000
vn 0.000000 1.000000 0.000000
vn 0.000000 1.000000 0.000000
vn 0.000000 1.000000 0.000000
vn 0.000000 1.000000 0.000000
vn 0.000000 1.000000 0.000000
vn 0.000000 1.000000 0.000000
vn 0.000000 1.000000 0.000000
vn 0.000000 1.000000 0.000000
vn 0.000000 1.000000 0.000000
vn 0.000000 1.000000 0.000000
vn 0.000000 1.000000 0.000000
vn 0.000000 1.000000 0.000000
vn 0.000000 1.000000 0.000000
vn 0.000000 1.000000 0.000000
vn 0.000000 1.000000 0.000000
vn 0.000000 1.000000 0.000000
vn 0.000000 1.000000 0.000000
vn 0.000000 1.000000 0.000000
vn 0.000000 1.000000 -0.000000
vn 0.000000 1.000000 -0.000000
vn 0.000000 1.000000 -0.000000
vn 0.000000 1.000000 0.000000
vn 0.000000 1.000000 0.000000
vn 0.000000 1.000000 0.000000
vn 0.000000 1.000000 -0.000000
vn 0.000000 1.000000 -0.000000
vn 0.000000 1.000000 -0.000000
vn 0.000000 1.000000 0.000000
vn 0.000000 1.000000 0.000000
vn 0.000000 1.000000 0.000000
vn 0.000000 1.000000 0.000000
vn 0.000000 1.000000 0.000000
vn 0.000000 1.000000 0.000000
vn 0.000000 1.000000 -0.000000
vn 0.000000 1.000000 -0.000000
vn 0.000000 1.000000 -0.000000
vn 0.000000 1.000000 0.000000
vn 0.000000 1.000000 0.000000
vn 0.000000 1.000000 0.000000
vn 0.000000 1.000000 0.000000
vn 0.000000 1.000000 0.000000
vn 0.000000 1.000000 0.000000
vn 0.000000 1.000000 0.000000
vn 0.000000 1.000000 0.000000
vn 0.000000 1.000000 0.000000
vn 0.000000 1.000000 0.000000
vn 0.000000 1.000000 0.000000
vn 0.000000 1.000000 0.000000
vn 0.000000 1.000000 0.000000
vn 0.000000 1.000000 0.000000
vn 0.000000 1.000000 0.000000
vn 0.000000 1.000000 -0.000000
vn 0.000000 1.000000 -0.000000
vn 0.000000 1.000000 -0.000000
vn 0.000000 1.000000 0.000000
vn 0.000000 1.000000 0.000000
vn 0.000000 1.000000 0.000000
vn 0.000000 1.000000 0.000001
vn 0.000000 1.000000 0.000001
vn 0.000000 1.000000 0.000001
vn 0.000000 1.000000 0.000000
vn 0.000000 1.000000 0.000000
vn 0.000000 1.000000 0.000000
vn 0.000000 1.000000 0.000000
vn 0.000000 1.000000 0.000000
vn 0.000000 1.000000 0.000000
vn 0.000000 1.000000 -0.000000
vn 0.000000 1.000000 -0.000000
vn 0.000000 1.000000 -0.000000
vn 0.000000 1.000000 0.000000
vn 0.000000 1.000000 0.000000
vn 0.000000 1.000000 0.000000
vn 0.000000 1.000000 -0.000000
vn 0.000000 1.000000 -0.000000
vn 0.000000 1.000000 -0.000000
vn 0.000000 1.000000 -0.000000
vn 0.000000 1.000000 -0.000000
vn 0.000000 1.000000 -0.000000
vn 0.000000 1.000000 0.000000
vn 0.000000 1.000000 0.000000
vn 0.000000 1.000000 0.000000
vn 0.000000 1.000000 0.000000
vn 0.000000 1.000000 0.000000
vn 0.000000 1.000000 0.000000
vn 0.000000 1.000000 0.000000
vn 0.000000 1.000000 0.000000
vn 0.000000 1.000000 0.000000
vn 0.000000 1.000000 0.000000
vn 0.000000 1.000000 0.000000
vn 0.000000 1.000000 0.000000
vn 0.000000 1.000000 -0.000000
vn 0.000000 1.000000 -0.000000
vn 0.000000 1.000000 -0.000000
vn 0.000000 1.000000 0.000000
vn 0.000000 1.000000 0.000000
vn 0.000000 1.000000 0.000000
vn 0.000000 1.000000 -0.000000
vn 0.000000 1.000000 -0.000000
vn 0.000000 1.000000 -0.000000
vn 0.000000 1.000000 0.000000
vn 0.000000 1.000000 0.000000
vn 0.000000 1.000000 0.000000
vn 0.000000 1.000000 0.000000
vn 0.000000 1.000000 0.000000
vn 0.000000 1.000000 0.000000
vn 0.000000 1.000000 0.000000
vn 0.000000 1.000000 0.000000
vn 0.000000 1.000000 0.000000
vn 0.000000 1.000000 0.000000
vn 0.000000 1.000000 0.000000
vn 0.000000 1.000000 0.000000
vn 0.000000 1.000000 0.000000
vn 0.000000 1.000000 0.000000
vn 0.000000 1.000000 0.000000
vn 0.000000 1.000000 0.000000
vn 0.000000 1.000000 0.000000
vn 0.000000 1.000000 0.000000
vn 0.000000 1.000000 0.000000
vn 0.000000 1.000000 0.000000
vn 0.000000 1.000000 0.000000
vn 0.000000 1.000000 -0.000000
vn 0.000000 1.000000 -0.000000
vn 0.000000 1.000000 -0.000000
vn 0.000000 1.000000 0.000000
vn 0.000000 1.000000 0.000000
vn 0.000000 1.000000 0.000000
vn 0.000000 1.000000 0.000000
vn 0.000000 1.000000 0.000000
vn 0.000000 1.000000 0.000000
vn 0.000000 1.000000 -0.000000
vn 0.000000 1.000000 -0.000000
vn 0.000000 1.000000 -0.000000
vn 0.000000 1.000000 0.000000
vn 0.000000 1.000000 0.000000
vn 0.000000 1.000000 0.000000
vn 0.000000 1.000000 0.000000
vn 0.000000 1.000000 0.000000
vn 0.000000 1.000000 0.000000
vn 0.000000 1.000000 0.000000
vn 0.000000 1.000000 0.000000
vn 0.000000 1.000000 0.000000
vn 0.000000 1.000000 -0.000000
vn 0.000000 1.000000 -0.000000
vn 0.000000 1.000000 -0.000000
vn 0.000000 1.000000 0.000000
vn 0.000000 1.000000 0.000000
vn 0.000000 1.000000 0.000000
vn 0.000000 1.000000 0.000000
vn 0.000000 1.000000 0.000000
vn 0.000000 1.000000 0.000000
vn 0.000000 1.000000 0.000000
vn 0.000000 1.000000 0.000000
vn 0.000000 1.000000 0.000000
vn 0.000000 1.000000 0.000000
vn 0.000000 1.000000 0.000000
vn 0.000000 1.000000 0.000000
vn 0.000000 1.000000 0.000000
vn 0.000000 1.000000 0.000000
vn 0.000000 1.000000 0.000000
vn 0.000000 1.000000 -0.000000
vn 0.000000 1.000000 -0.000000
vn 0.000000 1.000000 -0.000000
vn 0.000000 1.000000 0.000000
vn 0.000000 1.000000 0.000000
vn 0.000000 1.000000 0.000000
vn 0.000000 1.000000 0.000000
vn 0.000000 1.000000 0.000000
vn 0.000000 1.000000 0.000000
vn 0.000000 1.000000 0.000000
vn 0.000000 1.000000 0.000000
vn 0.000000 1.000000 0.000000
vn 0.000000 1.000000 -0.000000
vn 0.000000 1.000000 -0.000000
vn 0.000000 1.000000 -0.000000
vn 0.000000 1.000000 0.000001
vn 0.000000 1.000000 0.000001
vn 0.000000 1.000000 0.000001
vn 0.000000 1.000000 0.000000
vn 0.000000 1.000000 0.000000
vn 0.000000 1.000000 0.000000
vn 0.000000 1.000000 0.000000
vn 0.000000 1.000000 0.000000
vn 0.000000 1.000000 0.000000
vn 0.000000 1.000000 0.000000
vn 0.000000 1.000000 0.000000
vn 0.000000 1.000000 0.000000
vn 0.000000 1.000000 0.000000
vn 0.000000 1.000000 0.000000
vn 0.000000 1.000000 0.000000
vn 0.000000 1.000000 -0.000000
vn 0.000000 1.000000 -0.000000
vn 0.000000 1.000000 -0.000000
vn 0.000000 1.000000 0.000000
vn 0.000000 1.000000 0.000000
vn 0.000000 1.000000 0.000000
vn 0.000000 1.000000 -0.000002
vn 0.000000 1.000000 -0.000002
vn 0.000000 1.000000 -0.000002
vn 0.000000 1.000000 -0.000000
vn 0.000000 1.000000 -0.000000
vn 0.000000 1.000000 -0.000000
vn 0.000000 1.000000 0.000000
vn 0.000000 1.000000 0.000000
vn 0.000000 1.000000 0.000000
vn 0.000000 1.000000 0.000000
vn 0.000000 1.000000 0.000000
vn 0.000000 1.000000 0.000000
vn 0.000000 1.000000 0.000000
vn 0.000000 1.000000 0.000000
vn 0.000000 1.000000 0.000000
vn 0.000000 1.000000 -0.000002
vn 0.000000 1.000000 -0.000002
vn 0.000000 1.000000 -0.000002
vn 0.000000 1.000000 0.000000
vn 0.000000 1.000000 0.000000
vn 0.000000 1.000000 0.000000
vn 0.000000 1.000000 0.000000
vn 0.000000 1.000000 0.000000
vn 0.000000 1.000000 0.000000
vn 0.000000 1.000000 0.000000
vn 0.000000 1.000000 0.000000
vn 0.000000 1.000000 0.000000
vn 0.000000 1.000000 -0.000000
vn 0.000000 1.000000 -0.000000
vn 0.000000 1.000000 -0.000000
vn 0.000000 1.000000 -0.000000
vn 0.000000 1.000000 -0.000000
vn 0.000000 1.000000 -0.000000
vn 0.000000 1.000000 0.000000
vn 0.000000 1.000000 0.000000
vn 0.000000 1.000000 0.000000
vn 0.000000 1.000000 0.000000
vn 0.000000 1.000000 0.000000
vn 0.000000 1.000000 0.000000
vn 0.000000 1.000000 0.000000
vn 0.000000 1.000000 0.000000
vn 0.000000 1.000000 0.000000
vn 0.000000 1.000000 -0.000000
vn 0.000000 1.000000 -0.000000
vn 0.000000 1.000000 -0.000000
vn 0.000000 1.000000 0.000000
vn 0.000000 1.000000 0.000000
vn 0.000000 1.000000 0.000000
vn 0.000000 1.000000 0.000000
vn 0.000000 1.000000 0.000000
vn 0.000000 1.000000 0.000000
vn 0.000000 1.000000 -0.000000
vn 0.000000 1.000000 -0.000000
vn 0.000000 1.000000 -0.000000
vn 0.000000 1.000000 0.000000
vn 0.000000 1.000000 0.000000
vn 0.000000 1.000000 0.000000
vn 0.000000 1.000000 0.000000
vn 0.000000 1.000000 0.000000
vn 0.000000 1.000000 0.000000
vn 0.000000 1.000000 0.000000
vn 0.000000 1.000000 0.000000
vn 0.000000 1.000000 0.000000
vn 0.000000 1.000000 0.000000
vn 0.000000 1.000000 0.000000
vn 0.000000 1.000000 0.000000
vn 0.000000 1.000000 0.000000
vn 0.000000 1.000000 0.000000
vn 0.000000 1.000000 0.000000
vn 0.000000 1.000000 0.000000
vn 0.000000 1.000000 0.000000
vn 0.000000 1.000000 0.000000
vn 0.000000 1.000000 0.000000
vn 0.000000 1.000000 0.000000
vn 0.000000 1.000000 0.000000
vn 0.000000 1.000000 0.000000
vn 0.000000 1.000000 0.000000
vn 0.000000 1.000000 0.000000
vn 0.000000 1.000000 -0.000000
vn 0.000000 1.000000 -0.000000
vn 0.000000 1.000000 -0.000000
vn 0.000000 1.000000 0.000000
vn 0.000000 1.000000 0.000000
vn 0.000000 1.000000 0.000000
vn 0.000000 1.000000 0.000000
vn 0.000000 1.000000 0.000000
vn 0.000000 1.000000 0.000000
vn 0.000000 1.000000 -0.000000
vn 0.000000 1.000000 -0.000000
vn 0.000000 1.000000 -0.000000
vn 0.000000 1.000000 0.000000
vn 0.000000 1.000000 0.000000
vn 0.000000 1.000000 0.000000
vn 0.000000 1.000000 0.000000
vn 0.000000 1.000000 0.000000
vn 0.000000 1.000000 0.000000
vn 0.000000 1.000000 0.000000
vn 0.000000 1.000000 0.000000
vn 0.000000 1.000000 0.000000
vn 0.000000 1.000000 0.000000
vn 0.000000 1.000000 0.000000
vn 0.000000 1.000000 0.000000
vn 0.000000 1.000000 0.000000
vn 0.000000 1.000000 0.000000
vn 0.000000 1.000000 0.000000
vn 0.000000 1.000000 0.000000
vn 0.000000 1.000000 0.000000
vn 0.000000 1.000000 0.000000
vn 0.000000 1.000000 0.000000
vn 0.000000 1.000000 0.000000
vn 0.000000 1.000000 0.000000
vn 0.000000 1.000000 0.000000
vn 0.000000 1.000000 0.000000
vn 0.000000 1.000000 0.000000
vn 0.000000 1.000000 0.000000
vn 0.000000 1.000000 0.000000
vn 0.000000 1.000000 0.000000
vn 0.000000 1.000000 0.000000
vn 0.000000 1.000000 0.000000
vn 0.000000 1.000000 0.000000
vn 0.000000 1.000000 0.000000
vn 0.000000 1.000000 0.000000
vn 0.000000 1.000000 0.000000
vn 0.000000 1.000000 0.000000
vn 0.000000 1.000000 0.000000
vn 0.000000 1.000000 0.000000
vn 0.000000 1.000000 0.000001
vn 0.000000 1.000000 0.000001
vn 0.000000 1.000000 0.000001
vn 0.000000 1.000000 0.000000
vn 0.000000 1.000000 0.000000
vn 0.000000 1.000000 0.000000
vn 0.000000 1.000000 0.000000
vn 0.000000 1.000000 0.000000
vn 0.000000 1.000000 0.000000
vn 0.000000 1.000000 -0.000001
vn 0.000000 1.000000 -0.000001
vn 0.000000 1.000000 -0.000001
vn 0.000000 1.000000 0.000000
vn 0.000000 1.000000 0.000000
vn 0.000000 1.000000 0.000000
vn 0.000000 1.000000 0.000001
vn 0.000000 1.000000 0.000001
vn 0.000000 1.000000 0.000001
vn 0.000000 1.000000 0.000000
vn 0.000000 1.000000 0.000000
vn 0.000000 1.000000 0.000000
vn 0.000000 1.000000 0.000000
vn 0.000000 1.000000 0.000000
vn 0.000000 1.000000 0.000000
vn 0.000000 1.000000 0.000000
vn 0.000000 1.000000 0.000000
vn 0.000000 1.000000 0.000000
vn 0.000000 1.000000 0.000000
vn 0.000000 1.000000 0.000000
vn 0.000000 1.000000 0.000000
vn 0.000000 1.000000 -0.000000
vn 0.000000 1.000000 -0.000000
vn 0.000000 1.000000 -0.000000
vn 0.000000 1.000000 0.000000
vn 0.000000 1.000000 0.000000
vn 0.000000 1.000000 0.000000
vn 0.000000 1.000000 0.000000
vn 0.000000 1.000000 0.000000
vn 0.000000 1.000000 0.000000
vn 0.000000 1.000000 0.000000
vn 0.000000 1.000000 0.000000
vn 0.000000 1.000000 0.000000
vn 0.000000 1.000000 0.000000
vn 0.000000 1.000000 0.000000
vn 0.000000 1.000000 0.000000
vn 0.000000 1.000000 -0.000000
vn 0.000000 1.000000 -0.000000
vn 0.000000 1.000000 -0.000000
vn 0.000000 1.000000 0.000000
vn 0.000000 1.000000 0.000000
vn 0.000000 1.000000 0.000000
vn 0.000000 1.000000 0.000000
vn 0.000000 1.000000 0.000000
vn 0.000000 1.000000 0.000000
vn 0.000000 1.000000 0.000000
vn 0.000000 1.000000 0.000000
vn 0.000000 1.000000 0.000000
vn 0.000000 1.000000 0.000000
vn 0.000000 1.000000 0.000000
vn 0.000000 1.000000 0.000000
vn 0.000000 1.000000 0.000000
vn 0.000000 1.000000 0.000000
vn 0.000000 1.000000 0.000000
vn 0.000000 1.000000 0.000000
vn 0.000000 1.000000 0.000000
vn 0.000000 1.000000 0.000000
vn 0.000000 1.000000 -0.000000
vn 0.000000 1.000000 -0.000000
vn 0.000000 1.000000 -0.000000
vn 0.000000 1.000000 0.000000
vn 0.000000 1.000000 0.000000
vn 0.000000 1.000000 0.000000
vn 0.000000 1.000000 -0.000000
vn 0.000000 1.000000 -0.000000
vn 0.000000 1.000000 -0.000000
vn 0.000000 1.000000 -0.000000
vn 0.000000 1.000000 -0.000000
vn 0.000000 1.000000 -0.000000
vn 0.000000 1.000000 0.000000
vn 0.000000 1.000000 0.000000
vn 0.000000 1.000000 0.000000
vn 0.000000 1.000000 0.000000
vn 0.000000 1.000000 0.000000
vn 0.000000 1.000000 0.000000
vn 0.000000 1.000000 0.000000
vn 0.000000 1.000000 0.000000
vn 0.000000 1.000000 0.000000
vn 0.000000 1.000000 0.000000
vn 0.000000 1.000000 0.000000
vn 0.000000 1.000000 0.000000
vn 0.000000 1.000000 0.000001
vn 0.000000 1.000000 0.000001
vn 0.000000 1.000000 0.000001
vn 0.000000 1.000000 -0.000000
vn 0.000000 1.000000 -0.000000
vn 0.000000 1.000000 -0.000000
vn 0.000000 1.000000 -0.000000
vn 0.000000 1.000000 -0.000000
vn 0.000000 1.000000 -0.000000
vn 0.000000 1.000000 -0.000000
vn 0.000000 1.000000 -0.000000
vn 0.000000 1.000000 -0.000000
vn 0.000000 1.000000 0.000000
vn 0.000000 1.000000 0.000000
vn 0.000000 1.000000 0.000000
vn 0.000000 1.000000 0.000000
vn 0.000000 1.000000 0.000000
vn 0.000000 1.000000 0.000000
vn 0.000000 1.000000 0.000000
vn 0.000000 1.000000 0.000000
vn 0.000000 1.000000 0.000000
vn 0.000000 1.000000 -0.000000
vn 0.000000 1.000000 -0.000000
vn 0.000000 1.000000 -0.000000
vn 0.000000 1.000000 0.000000
vn 0.000000 1.000000 0.000000
vn 0.000000 1.000000 0.000000
vn 0.000000 1.000000 0.000000
vn 0.000000 1.000000 0.000000
vn 0.000000 1.000000 0.000000
vn 0.000000 1.000000 0.000000
vn 0.000000 1.000000 0.000000
vn 0.000000 1.000000 0.000000
vn 0.000000 1.000000 0.000000
vn 0.000000 1.000000 0.000000
vn 0.000000 1.000000 0.000000
vn 0.000000 1.000000 0.000000
vn 0.000000 1.000000 0.000000
vn 0.000000 1.000000 0.000000
vn 0.000000 1.000000 0.000000
vn 0.000000 1.000000 0.000000
vn 0.000000 1.000000 0.000000
vn 0.000000 1.000000 0.000000
vn 0.000000 1.000000 0.000000
vn 0.000000 1.000000 0.000000
vn 0.000000 1.000000 0.000000
vn 0.000000 1.000000 0.000000
vn 0.000000 1.000000 0.000000
vn 0.000000 1.000000 -0.000000
vn 0.000000 1.000000 -0.000000
vn 0.000000 1.000000 -0.000000
vn 0.000000 1.000000 0.000000
vn 0.000000 1.000000 0.000000
vn 0.000000 1.000000 0.000000
vn 0.000000 1.000000 0.000000
vn 0.000000 1.000000 0.000000
vn 0.000000 1.000000 0.000000
vn 0.000000 1.000000 0.000003
vn 0.000000 1.000000 0.000003
vn 0.000000 1.000000 0.000003
vn 0.000000 1.000000 0.000000
vn 0.000000 1.000000 0.000000
vn 0.000000 1.000000 0.000000
vn 0.000000 1.000000 0.000000
vn 0.000000 1.000000 0.000000
vn 0.000000 1.000000 0.000000
vn 0.000000 1.000000 -0.000000
vn 0.000000 1.000000 -0.000000
vn 0.000000 1.000000 -0.000000
vn 0.000000 1.000000 0.000000
vn 0.000000 1.000000 0.000000
vn 0.000000 1.000000 0.000000
vn 0.000000 1.000000 0.000000
vn 0.000000 1.000000 0.000000
vn 0.000000 1.000000 0.000000
vn 0.000000 1.000000 -0.000000
vn 0.000000 1.000000 -0.000000
vn 0.000000 1.000000 -0.000000
vn 0.000000 1.000000 0.000000
vn 0.000000 1.000000 0.000000
vn 0.000000 1.000000 0.000000
vn 0.000000 1.000000 -0.000000
vn 0.000000 1.000000 -0.000000
vn 0.000000 1.000000 -0.000000
vn 0.000000 1.000000 0.000000
vn 0.000000 1.000000 0.000000
vn 0.000000 1.000000 0.000000
vn 0.000000 1.000000 0.000000
vn 0.000000 1.000000 0.000000
vn 0.000000 1.000000 0.000000
vn 0.000000 1.000000 0.000000
vn 0.000000 1.000000 0.000000
vn 0.000000 1.000000 0.000000
vn 0.000000 1.000000 0.000000
vn 0.000000 1.000000 0.000000
vn 0.000000 1.000000 0.000000
vn 0.000000 1.000000 0.000000
vn 0.000000 1.000000 0.000000
vn 0.000000 1.000000 0.000000
vn 0.000000 1.000000 0.000000
vn 0.000000 1.000000 0.000000
vn 0.000000 1.000000 0.000000
vn 0.000000 1.000000 0.000000
vn 0.000000 1.000000 0.000000
vn 0.000000 1.000000 0.000000
vn 0.000000 1.000000 -0.000000
vn 0.000000 1.000000 -0.000000
vn 0.000000 1.000000 -0.000000
vn 0.000000 1.000000 0.000000
vn 0.000000 1.000000 0.000000
vn 0.000000 1.000000 0.000000
vn 0.000000 1.000000 -0.000000
vn 0.000000 1.000000 -0.000000
vn 0.000000 1.000000 -0.000000
vn 0.000000 1.000000 0.000000
vn 0.000000 1.000000 0.000000
vn 0.000000 1.000000 0.000000
vn 0.000000 1.000000 0.000000
vn 0.000000 1.000000 0.000000
vn 0.000000 1.000000 0.000000
vn 0.000000 1.000000 -0.000001
vn 0.000000 1.000000 -0.000001
vn 0.000000 1.000000 -0.000001
vn 0.000000 1.000000 0.000000
vn 0.000000 1.000000 0.000000
vn 0.000000 1.000000 0.000000
vn 0.000000 1.000000 0.000000
vn 0.000000 1.000000 0.000000
vn 0.000000 1.000000 0.000000
vn 0.000000 1.000000 0.000000
vn 0.000000 1.000000 0.000000
vn 0.000000 1.000000 0.000000
vn 0.000000 1.000000 0.000000
vn 0.000000 1.000000 0.000000
vn 0.000000 1.000000 0.000000
vn 0.000000 1.000000 0.000000
vn 0.000000 1.000000 0.000000
vn 0.000000 1.000000 0.000000
vn 0.000000 1.000000 0.000000
vn 0.000000 1.000000 0.000000
vn 0.000000 1.000000 0.000000
vn 0.000000 1.000000 0.000000
vn 0.000000 1.000000 0.000000
vn 0.000000 1.000000 0.000000
vn 0.000000 1.000000 0.000005
vn 0.000000 1.000000 0.000005
vn 0.000000 1.000000 0.000005
vn 0.000000 1.000000 0.000000
vn 0.000000 1.000000 0.000000
vn 0.000000 1.000000 0.000000
vn 0.000000 1.000000 0.000000
vn 0.000000 1.000000 0.000000
vn 0.000000 1.000000 0.000000
vn 0.000000 1.000000 0.000000
vn 0.000000 1.000000 0.000000
vn 0.000000 1.000000 0.000000
vn 0.000000 1.000000 -0.000000
vn 0.000000 1.000000 -0.000000
vn 0.000000 1.000000 -0.000000
vn 0.000000 1.000000 0.000000
vn 0.000000 1.000000 0.000000
vn 0.000000 1.000000 0.000000
vn 0.000000 1.000000 -0.000000
vn 0.000000 1.000000 -0.000000
vn 0.000000 1.000000 -0.000000
vn 0.000000 1.000000 -0.000001
vn 0.000000 1.000000 -0.000001
vn 0.000000 1.000000 -0.000001
vn 0.000000 1.000000 0.000000
vn 0.000000 1.000000 0.000000
vn 0.000000 1.000000 0.000000
vn 0.000000 1.000000 -0.000000
vn 0.000000 1.000000 -0.000000
vn 0.000000 1.000000 -0.000000
vn 0.000000 1.000000 -0.000000
vn 0.000000 1.000000 -0.000000
vn 0.000000 1.000000 -0.000000
vn 0.000000 1.000000 0.000000
vn 0.000000 1.000000 0.000000
vn 0.000000 1.000000 0.000000
vn 0.000000 1.000000 0.000000
vn 0.000000 1.000000 0.000000
vn 0.000000 1.000000 0.000000
vn 0.000000 1.000000 0.000000
vn 0.000000 1.000000 0.000000
vn 0.000000 1.000000 0.000000
vn 0.000000 1.000000 0.000000
vn 0.000000 1.000000 0.000000
vn 0.000000 1.000000 0.000000
vn 0.000000 1.000000 0.000000
vn 0.000000 1.000000 0.000000
vn 0.000000 1.000000 0.000000
vn 0.000000 1.000000 0.000000
vn 0.000000 1.000000 0.000000
vn 0.000000 1.000000 0.000000
vn 0.000000 1.000000 0.000000
vn 0.000000 1.000000 0.000000
vn 0.000000 1.000000 0.000000
vn 0.000000 1.000000 0.000000
vn 0.000000 1.000000 0.000000
vn 0.000000 1.000000 0.000000
vn 0.000000 1.000000 -0.000000
vn 0.000000 1.000000 -0.000000
vn 0.000000 1.000000 -0.000000
vn 0.000000 1.000000 0.000000
vn 0.000000 1.000000 0.000000
vn 0.000000 1.000000 0.000000
vn 0.000000 1.000000 -0.000000
vn 0.000000 1.000000 -0.000000
vn 0.000000 1.000000 -0.000000
vn 0.000000 1.000000 0.000000
vn 0.000000 1.000000 0.000000
vn 0.000000 1.000000 0.000000
vn 0.000000 1.000000 0.000000
vn 0.000000 1.000000 0.000000
vn 0.000000 1.000000 0.000000
vn 0.000000 1.000000 0.000000
vn 0.000000 1.000000 0.000000
vn 0.000000 1.000000 0.000000
vn 0.000000 1.000000 -0.000000
vn 0.000000 1.000000 -0.000000
vn 0.000000 1.000000 -0.000000
vn 0.000000 1.000000 0.000000
vn 0.000000 1.000000 0.000000
vn 0.000000 1.000000 0.000000
vn 0.000000 1.000000 0.000000
vn 0.000000 1.000000 0.000000
vn 0.000000 1.000000 0.000000
vn 0.000000 1.000000 0.000000
vn 0.000000 1.000000 0.000000
vn 0.000000 1.000000 0.000000
vn 0.000000 1.000000 0.000000
vn 0.000000 1.000000 0.000000
vn 0.000000 1.000000 0.000000
vn 0.000000 1.000000 -0.000001
vn 0.000000 1.000000 -0.000001
vn 0.000000 1.000000 -0.000001
vn 0.000000 1.000000 0.000000
vn 0.000000 1.000000 0.000000
vn 0.000000 1.000000 0.000000
vn 0.000000 1.000000 0.000000
vn 0.000000 1.000000 0.000000
vn 0.000000 1.000000 0.000000
vn 0.000000 1.000000 -0.000000
vn 0.000000 1.000000 -0.000000
vn 0.000000 1.000000 -0.000000
vn 0.000000 1.000000 0.000000
vn 0.000000 1.000000 0.000000
vn 0.000000 1.000000 0.000000
vn 0.000000 1.000000 0.000000
vn 0.000000 1.000000 0.000000
vn 0.000000 1.000000 0.000000
vn 0.000000 1.000000 0.000000
vn 0.000000 1.000000 0.000000
vn 0.000000 1.000000 0.000000
vn 0.000000 1.000000 0.000000
vn 0.000000 1.000000 0.000000
vn 0.000000 1.000000 0.000000
vn 0.000000 1.000000 0.000000
vn 0.000000 1.000000 0.000000
vn 0.000000 1.000000 0.000000
vn 0.000000 1.000000 -0.000001
vn 0.000000 1.000000 -0.000001
vn 0.000000 1.000000 -0.000001
vn 0.000000 1.000000 0.000000
vn 0.000000 1.000000 0.000000
vn 0.000000 1.000000 0.000000
vn 0.000000 1.000000 0.000000
vn 0.000000 1.000000 0.000000
vn 0.000000 1.000000 0.000000
vn 0.000000 1.000000 0.000000
vn 0.000000 1.000000 0.000000
vn 0.000000 1.000000 0.000000
vn 0.000000 1.000000 0.000000
vn 0.000000 1.000000 0.000000
vn 0.000000 1.000000 0.000000
vn 0.000000 1.000000 0.000000
vn 0.000000 1.000000 0.000000
vn 0.000000 1.000000 0.000000
vn 0.000000 1.000000 0.000000
vn 0.000000 1.000000 0.000000
vn 0.000000 1.000000 0.000000
vn 0.000000 1.000000 0.000000
vn 0.000000 1.000000 0.000000
vn 0.000000 1.000000 0.000000
vn 0.000000 1.000000 0.000000
vn 0.000000 1.000000 0.000000
vn 0.000000 1.000000 0.000000
vn 0.000000 1.000000 0.000000
vn 0.000000 1.000000 0.000000
vn 0.000000 1.000000 0.000000
vn 0.000000 1.000000 0.000000
vn 0.000000 1.000000 0.000000
vn 0.000000 1.000000 0.000000
vn 0.000000 1.000000 -0.000000
vn 0.000000 1.000000 -0.000000
vn 0.000000 1.000000 -0.000000
vn 0.000000 1.000000 0.000000
vn 0.000000 1.000000 0.000000
vn 0.000000 1.000000 0.000000
vn 0.000000 1.000000 0.000005
vn 0.000000 1.000000 0.000005
vn 0.000000 1.000000 0.000005
vn 0.000000 1.000000 0.000000
vn 0.000000 1.000000 0.000000
vn 0.000000 1.000000 0.000000
vn 0.000000 1.000000 0.000000
vn 0.000000 1.000000 0.000000
vn 0.000000 1.000000 0.000000
vn 0.000000 1.000000 0.000000
vn 0.000000 1.000000 0.000000
vn 0.000000 1.000000 0.000000
vn 0.000000 1.000000 0.000000
vn 0.000000 1.000000 0.000000
vn 0.000000 1.000000 0.000000
vn 0.000000 1.000000 0.000000
vn 0.000000 1.000000 0.000000
vn 0.000000 1.000000 0.000000
vn 0.000000 1.000000 0.000000
vn 0.000000 1.000000 0.000000
vn 0.000000 1.000000 0.000000
vn 0.000000 1.000000 0.000000
vn 0.000000 1.000000 0.000000
vn 0.000000 1.000000 0.000000
vn 0.000000 1.000000 0.000000
vn 0.000000 1.000000 0.000000
vn 0.000000 1.000000 0.000000
vn 0.000000 1.000000 0.000000
vn 0.000000 1.000000 0.000000
vn 0.000000 1.000000 0.000000
vn 0.000000 1.000000 -0.000000
vn 0.000000 1.000000 -0.000000
vn 0.000000 1.000000 -0.000000
vn 0.000000 1.000000 -0.000000
vn 0.000000 1.000000 -0.000000
vn 0.000000 1.000000 -0.000000
vn 0.000000 1.000000 0.000000
vn 0.000000 1.000000 0.000000
vn 0.000000 1.000000 0.000000
vn 0.000000 1.000000 0.000000
vn 0.000000 1.000000 0.000000
vn 0.000000 1.000000 0.000000
vn 0.000000 1.000000 0.000001
vn 0.000000 1.000000 0.000001
vn 0.000000 1.000000 0.000001
vn 0.000000 1.000000 0.000000
vn 0.000000 1.000000 0.000000
vn 0.000000 1.000000 0.000000
vn 0.000000 1.000000 0.000000
vn 0.000000 1.000000 0.000000
vn 0.000000 1.000000 0.000000
vn 0.000000 1.000000 -0.000000
vn 0.000000 1.000000 -0.000000
vn 0.000000 1.000000 -0.000000
vn 0.000000 1.000000 0.000000
vn 0.000000 1.000000 0.000000
vn 0.000000 1.000000 0.000000
vn 0.000000 1.000000 -0.000001
vn 0.000000 1.000000 -0.000001
vn 0.000000 1.000000 -0.000001
vn 0.000000 1.000000 0.000000
vn 0.000000 1.000000 0.000000
vn 0.000000 1.000000 0.000000
vn 0.000000 1.000000 -0.000000
vn 0.000000 1.000000 -0.000000
vn 0.000000 1.000000 -0.000000
vn 0.000000 1.000000 0.000000
vn 0.000000 1.000000 0.000000
vn 0.000000 1.000000 0.000000
vn 0.000000 1.000000 0.000000
vn 0.000000 1.000000 0.000000
vn 0.000000 1.000000 0.000000
vn 0.000000 1.000000 0.000000
vn 0.000000 1.000000 0.000000
vn 0.000000 1.000000 0.000000
vn 0.000000 1.000000 0.000000
vn 0.000000 1.000000 0.000000
vn 0.000000 1.000000 0.000000
vn 0.000000 1.000000 0.000000
vn 0.000000 1.000000 0.000000
vn 0.000000 1.000000 0.000000
vn 0.000000 1.000000 0.000000
vn 0.000000 1.000000 0.000000
vn 0.000000 1.000000 0.000000
vn 0.000000 1.000000 0.000000
vn 0.000000 1.000000 0.000000
vn 0.000000 1.000000 0.000000
vn 0.000000 1.000000 0.000000
vn 0.000000 1.000000 0.000000
vn 0.000000 1.000000 0.000000
vn 0.000000 1.000000 0.000000
vn 0.000000 1.000000 0.000000
vn 0.000000 1.000000 0.000000
vn 0.000000 1.000000 -0.000000
vn 0.000000 1.000000 -0.000000
vn 0.000000 1.000000 -0.000000
vn 0.000000 1.000000 0.000000
vn 0.000000 1.000000 0.000000
vn 0.000000 1.000000 0.000000
vn 0.000000 1.000000 0.000000
vn 0.000000 1.000000 0.000000
vn 0.000000 1.000000 0.000000
vn 0.000000 1.000000 -0.000000
vn 0.000000 1.000000 -0.000000
vn 0.000000 1.000000 -0.000000
vn 0.000000 1.000000 0.000000
vn 0.000000 1.000000 0.000000
vn 0.000000 1.000000 0.000000
vn 0.000000 1.000000 0.000000
vn 0.000000 1.000000 0.000000
vn 0.000000 1.000000 0.000000
vn 0.000000 1.000000 0.000000
vn 0.000000 1.000000 0.000000
vn 0.000000 1.000000 0.000000
vn 0.000000 1.000000 0.000000
vn 0.000000 1.000000 0.000000
vn 0.000000 1.000000 0.000000
vn 0.000000 1.000000 -0.000001
vn 0.000000 1.000000 -0.000001
vn 0.000000 1.000000 -0.000001
vn 0.000000 1.000000 0.000000
vn 0.000000 1.000000 0.000000
vn 0.000000 1.000000 0.000000
vn 0.000000 1.000000 0.000001
vn 0.000000 1.000000 0.000001
vn 0.000000 1.000000 0.000001
vn 0.000000 1.000000 -0.000000
vn 0.000000 1.000000 -0.000000
vn 0.000000 1.000000 -0.000000
vn 0.000000 1.000000 0.000000
vn 0.000000 1.000000 0.000000
vn 0.000000 1.000000 0.000000
vn 0.000000 1.000000 0.000000
vn 0.000000 1.000000 0.000000
vn 0.000000 1.000000 0.000000
vn 0.000000 1.000000 0.000000
vn 0.000000 1.000000 0.000000
vn 0.000000 1.000000 0.000000
vn 0.000000 1.000000 0.000000
vn 0.000000 1.000000 0.000000
vn 0.000000 1.000000 0.000000
vn 0.000000 1.000000 0.000000
vn 0.000000 1.000000 0.000000
vn 0.000000 1.000000 0.000000
vn 0.000000 1.000000 0.000000
vn 0.000000 1.000000 0.000000
vn 0.000000 1.000000 0.000000
vn 0.000000 1.000000 0.000000
vn 0.000000 1.000000 0.000000
vn 0.000000 1.000000 0.000000
vn 0.000000 1.000000 0.000000
vn 0.000000 1.000000 0.000000
vn 0.000000 1.000000 0.000000
vn 0.000000 1.000000 0.000000
vn 0.000000 1.000000 0.000000
vn 0.000000 1.000000 0.000000
vn 0.000000 1.000000 -0.000000
vn 0.000000 1.000000 -0.000000
vn 0.000000 1.000000 -0.000000
vn 0.000000 1.000000 0.000000
vn 0.000000 1.000000 0.000000
vn 0.000000 1.000000 0.000000
vn 0.000000 1.000000 0.000000
vn 0.000000 1.000000 0.000000
vn 0.000000 1.000000 0.000000
vn 0.000000 1.000000 0.000000
vn 0.000000 1.000000 0.000000
vn 0.000000 1.000000 0.000000
vn 0.000000 1.000000 0.000000
vn 0.000000 1.000000 0.000000
vn 0.000000 1.000000 0.000000
vn 0.000000 1.000000 -0.000000
vn 0.000000 1.000000 -0.000000
vn 0.000000 1.000000 -0.000000
vn 0.000000 1.000000 0.000000
vn 0.000000 1.000000 0.000000
vn 0.000000 1.000000 0.000000
vn 0.000000 1.000000 -0.000000
vn 0.000000 1.000000 -0.000000
vn 0.000000 1.000000 -0.000000
vn 0.000000 1.000000 -0.000001
vn 0.000000 1.000000 -0.000001
vn 0.000000 1.000000 -0.000001
vn 0.000000 1.000000 0.000000
vn 0.000000 1.000000 0.000000
vn 0.000000 1.000000 0.000000
vn 0.000000 1.000000 0.000000
vn 0.000000 1.000000 0.000000
vn 0.000000 1.000000 0.000000
vn 0.000000 1.000000 0.000000
vn 0.000000 1.000000 0.000000
vn 0.000000 1.000000 0.000000
vn 0.000000 1.000000 0.000000
vn 0.000000 1.000000 0.000000
vn 0.000000 1.000000 0.000000
vn 0.000000 1.000000 0.000000
vn 0.000000 1.000000 0.000000
vn 0.000000 1.000000 0.000000
vn 0.000000 1.000000 0.000000
vn 0.000000 1.000000 0.000000
vn 0.000000 1.000000 0.000000
vn 0.000000 1.000000 -0.000000
vn 0.000000 1.000000 -0.000000
vn 0.000000 1.000000 -0.000000
vn 0.000000 1.000000 0.000000
vn 0.000000 1.000000 0.000000
vn 0.000000 1.000000 0.000000
vn 0.000000 1.000000 0.000000
vn 0.000000 1.000000 0.000000
vn 0.000000 1.000000 0.000000
vn 0.000000 1.000000 0.000000
vn 0.000000 1.000000 0.000000
vn 0.000000 1.000000 0.000000
vn 0.000000 1.000000 0.000000
vn 0.000000 1.000000 0.000000
vn 0.000000 1.000000 0.000000
vn 0.000000 1.000000 0.000000
vn 0.000000 1.000000 0.000000
vn 0.000000 1.000000 0.000000
vn 0.000000 1.000000 0.000000
vn 0.000000 1.000000 0.000000
vn 0.000000 1.000000 0.000000
vn 0.000000 1.000000 0.000000
vn 0.000000 1.000000 0.000000
vn 0.000000 1.000000 0.000000
vn 0.000000 1.000000 0.000000
vn 0.000000 1.000000 0.000000
vn 0.000000 1.000000 0.000000
vn 0.000000 1.000000 0.000000
vn 0.000000 1.000000 0.000000
vn 0.000000 1.000000 0.000000
vn 0.000000 1.000000 0.000000
vn 0.000000 1.000000 0.000000
vn 0.000000 1.000000 0.000000
vn 0.000000 1.000000 0.000000
vn 0.000000 1.000000 0.000000
vn 0.000000 1.000000 0.000000
vn 0.000000 1.000000 0.000000
vn 0.000000 1.000000 0.000000
vn 0.000000 1.000000 0.000000
vn 0.000000 1.000000 0.000000
vn 0.000000 1.000000 0.000000
vn 0.000000 1.000000 0.000000
vn 0.000000 1.000000 0.000000
vn 0.000000 1.000000 0.000000
vn 0.000000 1.000000 0.000000
vn 0.000000 1.000000 0.000000
vn 0.000000 1.000000 0.000000
vn 0.000000 1.000000 0.000000
vn 0.000000 1.000000 -0.000000
vn 0.000000 1.000000 -0.000000
vn 0.000000 1.000000 -0.000000
vn 0.000000 1.000000 -0.000000
vn 0.000000 1.000000 -0.000000
vn 0.000000 1.000000 -0.000000
vn 0.000000 1.000000 0.000000
vn 0.000000 1.000000 0.000000
vn 0.000000 1.000000 0.000000
vn 0.000000 1.000000 0.000000
vn 0.000000 1.000000 0.000000
vn 0.000000 1.000000 0.000000
vn 0.000000 1.000000 -0.000000
vn 0.000000 1.000000 -0.000000
vn 0.000000 1.000000 -0.000000
vn 0.000000 1.000000 -0.000000
vn 0.000000 1.000000 -0.000000
vn 0.000000 1.000000 -0.000000
vn 0.000000 1.000000 0.000000
vn 0.000000 1.000000 0.000000
vn 0.000000 1.000000 0.000000
vn 0.000000 1.000000 -0.000000
vn 0.000000 1.000000 -0.000000
vn 0.000000 1.000000 -0.000000
vn 0.000000 1.000000 -0.000001
vn 0.000000 1.000000 -0.000001
vn 0.000000 1.000000 -0.000001
vn 0.000000 1.000000 0.000000
vn 0.000000 1.000000 0.000000
vn 0.000000 1.000000 0.000000
vn 0.000000 1.000000 0.000000
vn 0.000000 1.000000 0.000000
vn 0.000000 1.000000 0.000000
vn 0.000000 1.000000 0.000000
vn 0.000000 1.000000 0.000000
vn 0.000000 1.000000 0.000000
vn 0.000000 1.000000 0.000000
vn 0.000000 1.000000 0.000000
vn 0.000000 1.000000 0.000000
vn 0.000000 1.000000 0.000000
vn 0.000000 1.000000 0.000000
vn 0.000000 1.000000 0.000000
vn 0.000000 1.000000 -0.000000
vn 0.000000 1.000000 -0.000000
vn 0.000000 1.000000 -0.000000
vn 0.000000 1.000000 0.000000
vn 0.000000 1.000000 0.000000
vn 0.000000 1.000000 0.000000
vn 0.000000 1.000000 0.000000
vn 0.000000 1.000000 0.000000
vn 0.000000 1.000000 0.000000
vn 0.000000 1.000000 0.000000
vn 0.000000 1.000000 0.000000
vn 0.000000 1.000000 0.000000
vn 0.000000 1.000000 0.000000
vn 0.000000 1.000000 0.000000
vn 0.000000 1.000000 0.000000
vn 0.000000 1.000000 0.000000
vn 0.000000 1.000000 0.000000
vn 0.000000 1.000000 0.000000
vn 0.000000 1.000000 0.000000
vn 0.000000 1.000000 0.000000
vn 0.000000 1.000000 0.000000
vn 0.000000 1.000000 0.000000
vn 0.000000 1.000000 0.000000
vn 0.000000 1.000000 0.000000
vn 0.000000 1.000000 0.000000
vn 0.000000 1.000000 0.000000
vn 0.000000 1.000000 0.000000
vn 0.000000 1.000000 0.000000
vn 0.000000 1.000000 0.000000
vn 0.000000 1.000000 0.000000
vn 0.000000 1.000000 0.000000
vn 0.000000 1.000000 0.000000
vn 0.000000 1.000000 0.000000
vn 0.000000 1.000000 -0.000000
vn 0.000000 1.000000 -0.000000
vn 0.000000 1.000000 -0.000000
vn 0.000000 1.000000 0.000000
vn 0.000000 1.000000 0.000000
vn 0.000000 1.000000 0.000000
vn 0.000000 1.000000 0.000000
vn 0.000000 1.000000 0.000000
vn 0.000000 1.000000 0.000000
vn 0.000000 1.000000 0.000000
vn 0.000000 1.000000 0.000000
vn 0.000000 1.000000 0.000000
vn 0.000000 1.000000 0.000000
vn 0.000000 1.000000 0.000000
vn 0.000000 1.000000 0.000000
vn 0.000000 1.000000 0.000000
vn 0.000000 1.000000 0.000000
vn 0.000000 1.000000 0.000000
vn 0.000000 1.000000 0.000000
vn 0.000000 1.000000 0.000000
vn 0.000000 1.000000 0.000000
vn 0.000000 1.000000 -0.000000
vn 0.000000 1.000000 -0.000000
vn 0.000000 1.000000 -0.000000
vn 0.000000 1.000000 0.000000
vn 0.000000 1.000000 0.000000
vn 0.000000 1.000000 0.000000
vn 0.000000 1.000000 0.000000
vn 0.000000 1.000000 0.000000
vn 0.000000 1.000000 0.000000
vn 0.000000 1.000000 0.000000
vn 0.000000 1.000000 0.000000
vn 0.000000 1.000000 0.000000
vn 0.000000 1.000000 0.000000
vn 0.000000 1.000000 0.000000
vn 0.000000 1.000000 0.000000
vn 0.000000 1.000000 0.000000
vn 0.000000 1.000000 0.000000
vn 0.000000 1.000000 0.000000
vn 0.000000 1.000000 -0.000001
vn 0.000000 1.000000 -0.000001
vn 0.000000 1.000000 -0.000001
vn 0.000000 1.000000 0.000000
vn 0.000000 1.000000 0.000000
vn 0.000000 1.000000 0.000000
vn 0.000000 1.000000 0.000000
vn 0.000000 1.000000 0.000000
vn 0.000000 1.000000 0.000000
vn 0.000000 1.000000 0.000000
vn 0.000000 1.000000 0.000000
vn 0.000000 1.000000 0.000000
vn 0.000000 1.000000 0.000000
vn 0.000000 1.000000 0.000000
vn 0.000000 1.000000 0.000000
vn 0.000000 1.000000 -0.000000
vn 0.000000 1.000000 -0.000000
vn 0.000000 1.000000 -0.000000
vn 0.000000 1.000000 0.000000
vn 0.000000 1.000000 0.000000
vn 0.000000 1.000000 0.000000
vn 0.000000 1.000000 0.000000
vn 0.000000 1.000000 0.000000
vn 0.000000 1.000000 0.000000
vn 0.000000 1.000000 0.000000
vn 0.000000 1.000000 0.000000
vn 0.000000 1.000000 0.000000
vn 0.000000 1.000000 0.000000
vn 0.000000 1.000000 0.000000
vn 0.000000 1.000000 0.000000
vn 0.000000 1.000000 0.000000
vn 0.000000 1.000000 0.000000
vn 0.000000 1.000000 0.000000
vn 0.000000 1.000000 0.000001
vn 0.000000 1.000000 0.000001
vn 0.000000 1.000000 0.000001
vn 0.000000 1.000000 0.000000
vn 0.000000 1.000000 0.000000
vn 0.000000 1.000000 0.000000
vn 0.000000 1.000000 0.000000
vn 0.000000 1.000000 0.000000
vn 0.000000 1.000000 0.000000
vn 0.000000 1.000000 0.000000
vn 0.000000 1.000000 0.000000
vn 0.000000 1.000000 0.000000
vn 0.000000 1.000000 -0.000000
vn 0.000000 1.000000 -0.000000
vn 0.000000 1.000000 -0.000000
vn 0.000000 1.000000 0.000000
vn 0.000000 1.000000 0.000000
vn 0.000000 1.000000 0.000000
vn 0.000000 1.000000 -0.000000
vn 0.000000 1.000000 -0.000000
vn 0.000000 1.000000 -0.000000
vn 0.000000 1.000000 0.000000
vn 0.000000 1.000000 0.000000
vn 0.000000 1.000000 0.000000
vn 0.000000 1.000000 0.000000
vn 0.000000 1.000000 0.000000
vn 0.000000 1.000000 0.000000
vn 0.000000 1.000000 0.000000
vn 0.000000 1.000000 0.000000
vn 0.000000 1.000000 0.000000
vn 0.000000 1.000000 -0.000000
vn 0.000000 1.000000 -0.000000
vn 0.000000 1.000000 -0.000000
vn 0.000000 1.000000 -0.000000
vn 0.000000 1.000000 -0.000000
vn 0.000000 1.000000 -0.000000
vn 0.000000 1.000000 0.000000
vn 0.000000 1.000000 0.000000
vn 0.000000 1.000000 0.000000
vn 0.000000 1.000000 0.000000
vn 0.000000 1.000000 0.000000
vn 0.000000 1.000000 0.000000
vn 0.000000 1.000000 0.000002
vn 0.000000 1.000000 0.000002
vn 0.000000 1.000000 0.000002
vn 0.000000 1.000000 0.000000
vn 0.000000 1.000000 0.000000
vn 0.000000 1.000000 0.000000
vn 0.000000 1.000000 0.000000
vn 0.000000 1.000000 0.000000
vn 0.000000 1.000000 0.000000
vn 0.000000 1.000000 -0.000001
vn 0.000000 1.000000 -0.000001
vn 0.000000 1.000000 -0.000001
vn 0.000000 1.000000 0.000000
vn 0.000000 1.000000 0.000000
vn 0.000000 1.000000 0.000000
vn 0.000000 1.000000 0.000000
vn 0.000000 1.000000 0.000000
vn 0.000000 1.000000 0.000000
vn 0.000000 1.000000 0.000000
vn 0.000000 1.000000 0.000000
vn 0.000000 1.000000 0.000000
vn 0.000000 1.000000 -0.000000
vn 0.000000 1.000000 -0.000000
vn 0.000000 1.000000 -0.000000
vn 0.000000 1.000000 0.000000
vn 0.000000 1.000000 0.000000
vn 0.000000 1.000000 0.000000
vn 0.000000 1.000000 0.000000
vn 0.000000 1.000000 0.000000
vn 0.000000 1.000000 0.000000
vn 0.000000 1.000000 0.000000
vn 0.000000 1.000000 0.000000
vn 0.000000 1.000000 0.000000
vn 0.000000 1.000000 0.000000
vn 0.000000 1.000000 0.000000
vn 0.000000 1.000000 0.000000
vn 0.000000 1.000000 0.000000
vn 0.000000 1.000000 0.000000
vn 0.000000 1.000000 0.000000
vn 0.000000 1.000000 0.000000
vn 0.000000 1.000000 0.000000
vn 0.000000 1.000000 0.000000
vn 0.000000 1.000000 -0.000000
vn 0.000000 1.000000 -0.000000
vn 0.000000 1.000000 -0.000000
vn 0.000000 1.000000 0.000000
vn 0.000000 1.000000 0.000000
vn 0.000000 1.000000 0.000000
vn 0.000000 1.000000 0.000000
vn 0.000000 1.000000 0.000000
vn 0.000000 1.000000 0.000000
vn 0.000000 1.000000 0.000000
vn 0.000000 1.000000 0.000000
vn 0.000000 1.000000 0.000000
vn 0.000000 1.000000 0.000000
vn 0.000000 1.000000 0.000000
vn 0.000000 1.000000 0.000000
vn 0.000000 1.000000 0.000000
vn 0.000000 1.000000 0.000000
vn 0.000000 1.000000 0.000000
vn 0.000000 1.000000 0.000000
vn 0.000000 1.000000 0.000000
vn 0.000000 1.000000 0.000000
vn 0.000000 1.000000 0.000000
vn 0.000000 1.000000 0.000000
vn 0.000000 1.000000 0.000000
vn 0.000000 1.000000 0.000000
vn 0.000000 1.000000 0.000000
vn 0.000000 1.000000 0.000000
vn 0.000000 1.000000 -0.000000
vn 0.000000 1.000000 -0.000000
vn 0.000000 1.000000 -0.000000
vn 0.000000 1.000000 -0.000001
vn 0.000000 1.000000 -0.000001
vn 0.000000 1.000000 -0.000001
vn 0.000000 1.000000 0.000000
vn 0.000000 1.000000 0.000000
vn 0.000000 1.000000 0.000000
vn 0.000000 1.000000 0.000000
vn 0.000000 1.000000 0.000000
vn 0.000000 1.000000 0.000000
vn 0.000000 1.000000 0.000000
vn 0.000000 1.000000 0.000000
vn 0.000000 1.000000 0.000000
vn 0.000000 1.000000 0.000001
vn 0.000000 1.000000 0.000001
vn 0.000000 1.000000 0.000001
vn 0.000000 1.000000 0.000000
vn 0.000000 1.000000 0.000000
vn 0.000000 1.000000 0.000000
vn 0.000000 1.000000 0.000000
vn 0.000000 1.000000 0.000000
vn 0.000000 1.000000 0.000000
vn 0.000000 1.000000 0.000000
vn 0.000000 1.000000 0.000000
vn 0.000000 1.000000 0.000000
vn 0.000000 1.000000 0.000000
vn 0.000000 1.000000 0.000000
vn 0.000000 1.000000 0.000000
vn 0.000000 1.000000 0.000000
vn 0.000000 1.000000 0.000000
vn 0.000000 1.000000 0.000000
vn 0.000000 1.000000 0.000000
vn 0.000000 1.000000 0.000000
vn 0.000000 1.000000 0.000000
vn 0.000000 1.000000 0.000000
vn 0.000000 1.000000 0.000000
vn 0.000000 1.000000 0.000000
vn 0.000000 1.000000 -0.000000
vn 0.000000 1.000000 -0.000000
vn 0.000000 1.000000 -0.000000
vn 0.000000 1.000000 0.000000
vn 0.000000 1.000000 0.000000
vn 0.000000 1.000000 0.000000
vn 0.000000 1.000000 0.000000
vn 0.000000 1.000000 0.000000
vn 0.000000 1.000000 0.000000
vn 0.000000 1.000000 0.000000
vn 0.000000 1.000000 0.000000
vn 0.000000 1.000000 0.000000
vn 0.000000 1.000000 -0.000000
vn 0.000000 1.000000 -0.000000
vn 0.000000 1.000000 -0.000000
vn 0.000000 1.000000 -0.000000
vn 0.000000 1.000000 -0.000000
vn 0.000000 1.000000 -0.000000
vn 0.000000 1.000000 0.000000
vn 0.000000 1.000000 0.000000
vn 0.000000 1.000000 0.000000
vn 0.000000 1.000000 0.000000
vn 0.000000 1.000000 0.000000
vn 0.000000 1.000000 0.000000
vn 0.000000 1.000000 0.000000
vn 0.000000 1.000000 0.000000
vn 0.000000 1.000000 0.000000
vn 0.000000 1.000000 0.000000
vn 0.000000 1.000000 0.000000
vn 0.000000 1.000000 0.000000
vn 0.000000 1.000000 0.000000
vn 0.000000 1.000000 0.000000
vn 0.000000 1.000000 0.000000
vn 0.000000 1.000000 0.000000
vn 0.000000 1.000000 0.000000
vn 0.000000 1.000000 0.000000
vn 0.000000 1.000000 0.000000
vn 0.000000 1.000000 0.000000
vn 0.000000 1.000000 0.000000
vn 0.000000 1.000000 0.000000
vn 0.000000 1.000000 0.000000
vn 0.000000 1.000000 0.000000
vn 0.000000 1.000000 0.000000
vn 0.000000 1.000000 0.000000
vn 0.000000 1.000000 0.000000
vn 0.000000 1.000000 0.000000
vn 0.000000 1.000000 0.000000
vn 0.000000 1.000000 0.000000
vn 0.000000 1.000000 0.000000
vn 0.000000 1.000000 0.000000
vn 0.000000 1.000000 0.000000
vn 0.000000 1.000000 -0.000000
vn 0.000000 1.000000 -0.000000
vn 0.000000 1.000000 -0.000000
vn 0.000000 1.000000 0.000000
vn 0.000000 1.000000 0.000000
vn 0.000000 1.000000 0.000000
vn 0.000000 1.000000 0.000000
vn 0.000000 1.000000 0.000000
vn 0.000000 1.000000 0.000000
vn 0.000000 1.000000 0.000000
vn 0.000000 1.000000 0.000000
vn 0.000000 1.000000 0.000000
vn 0.000000 1.000000 0.000000
vn 0.000000 1.000000 0.000000
vn 0.000000 1.000000 0.000000
vn 0.000000 1.000000 0.000000
vn 0.000000 1.000000 0.000000
vn 0.000000 1.000000 0.000000
vn 0.000000 1.000000 0.000000
vn 0.000000 1.000000 0.000000
vn 0.000000 1.000000 0.000000
vn 0.000000 1.000000 0.000000
vn 0.000000 1.000000 0.000000
vn 0.000000 1.000000 0.000000
vn 0.000000 1.000000 0.000000
vn 0.000000 1.000000 0.000000
vn 0.000000 1.000000 0.000000
vn 0.000000 1.000000 -0.000000
vn 0.000000 1.000000 -0.000000
vn 0.000000 1.000000 -0.000000
vn 0.000000 1.000000 0.000000
vn 0.000000 1.000000 0.000000
vn 0.000000 1.000000 0.000000
vn 0.000000 1.000000 0.000000
vn 0.000000 1.000000 0.000000
vn 0.000000 1.000000 0.000000
vn 0.000000 1.000000 -0.000000
vn 0.000000 1.000000 -0.000000
vn 0.000000 1.000000 -0.000000
vn 0.000000 1.000000 0.000000
vn 0.000000 1.000000 0.000000
vn 0.000000 1.000000 0.000000
vn 0.000000 1.000000 0.000000
vn 0.000000 1.000000 0.000000
vn 0.000000 1.000000 0.000000
vn 0.000000 1.000000 0.000000
vn 0.000000 1.000000 0.000000
vn 0.000000 1.000000 0.000000
vn 0.000000 1.000000 0.000000
vn 0.000000 1.000000 0.000000
vn 0.000000 1.000000 0.000000
vn 0.000000 1.000000 0.000000
vn 0.000000 1.000000 0.000000
vn 0.000000 1.000000 0.000000
vn 0.000000 1.000000 0.000000
vn 0.000000 1.000000 0.000000
vn 0.000000 1.000000 0.000000
vn 0.000000 1.000000 0.000000
vn 0.000000 1.000000 0.000000
vn 0.000000 1.000000 0.000000
vn 0.000000 1.000000 0.000000
vn 0.000000 1.000000 0.000000
vn 0.000000 1.000000 0.000000
vn 0.000000 1.000000 0.000000
vn 0.000000 1.000000 0.000000
vn 0.000000 1.000000 0.000000
vn 0.000000 1.000000 0.000000
vn 0.000000 1.000000 0.000000
vn 0.000000 1.000000 0.000000
vn 0.000000 1.000000 0.000000
vn 0.000000 1.000000 0.000000
vn 0.000000 1.000000 0.000000
vn 0.000000 1.000000 0.000000
vn 0.000000 1.000000 0.000000
vn 0.000000 1.000000 0.000000
vn 0.000000 1.000000 0.000000
vn 0.000000 1.000000 0.000000
vn 0.000000 1.000000 0.000000
vn 0.000000 1.000000 0.000000
vn 0.000000 1.000000 0.000000
vn 0.000000 1.000000 0.000000
vn 0.000000 1.000000 0.000000
vn 0.000000 1.000000 0.000000
vn 0.000000 1.000000 0.000000
vn 0.000000 1.000000 -0.000001
vn 0.000000 1.000000 -0.000001
vn 0.000000 1.000000 -0.000001
vn 0.000000 1.000000 -0.000000
vn 0.000000 1.000000 -0.000000
vn 0.000000 1.000000 -0.000000
vn 0.000000 1.000000 0.000000
vn 0.000000 1.000000 0.000000
vn 0.000000 1.000000 0.000000
vn 0.000000 1.000000 0.000000
vn 0.000000 1.000000 0.000000
vn 0.000000 1.000000 0.000000
vn 0.000000 1.000000 0.000000
vn 0.000000 1.000000 0.000000
vn 0.000000 1.000000 0.000000
vn 0.000000 1.000000 0.000000
vn 0.000000 1.000000 0.000000
vn 0.000000 1.000000 0.000000
vn 0.000000 1.000000 0.000000
vn 0.000000 1.000000 0.000000
vn 0.000000 1.000000 0.000000
vn 0.000000 1.000000 0.000000
vn 0.000000 1.000000 0.000000
vn 0.000000 1.000000 0.000000
vn 0.000000 1.000000 -0.000000
vn 0.000000 1.000000 -0.000000
vn 0.000000 1.000000 -0.000000
vn 0.000000 1.000000 0.000000
vn 0.000000 1.000000 0.000000
vn 0.000000 1.000000 0.000000
vn 0.000000 1.000000 0.000000
vn 0.000000 1.000000 0.000000
vn 0.000000 1.000000 0.000000
vn 0.000000 1.000000 -0.000001
vn 0.000000 1.000000 -0.000001
vn 0.000000 1.000000 -0.000001
vn 0.000000 1.000000 0.000000
vn 0.000000 1.000000 0.000000
vn 0.000000 1.000000 0.000000
vn 0.000000 1.000000 0.000000
vn 0.000000 1.000000 0.000000
vn 0.000000 1.000000 0.000000
vn 0.000000 1.000000 0.000000
vn 0.000000 1.000000 0.000000
vn 0.000000 1.000000 0.000000
vn 0.000000 1.000000 0.000000
vn 0.000000 1.000000 0.000000
vn 0.000000 1.000000 0.000000
vn 0.000000 1.000000 0.000002
vn 0.000000 1.000000 0.000002
vn 0.000000 1.000000 0.000002
vn 0.000000 1.000000 -0.000000
vn 0.000000 1.000000 -0.000000
vn 0.000000 1.000000 -0.000000
vn 0.000000 1.000000 0.000000
vn 0.000000 1.000000 0.000000
vn 0.000000 1.000000 0.000000
vn 0.000000 1.000000 0.000002
vn 0.000000 1.000000 0.000002
vn 0.000000 1.000000 0.000002
vn 0.000000 1.000000 0.000000
vn 0.000000 1.000000 0.000000
vn 0.000000 1.000000 0.000000
vn 0.000000 1.000000 0.000000
vn 0.000000 1.000000 0.000000
vn 0.000000 1.000000 0.000000
vn 0.000000 1.000000 0.000000
vn 0.000000 1.000000 0.000000
vn 0.000000 1.000000 0.000000
vn 0.000000 1.000000 -0.000000
vn 0.000000 1.000000 -0.000000
vn 0.000000 1.000000 -0.000000
vn 0.000000 1.000000 0.000000
vn 0.000000 1.000000 0.000000
vn 0.000000 1.000000 0.000000
vn 0.000000 1.000000 0.000000
vn 0.000000 1.000000 0.000000
vn 0.000000 1.000000 0.000000
vn 0.000000 1.000000 0.000000
vn 0.000000 1.000000 0.000000
vn 0.000000 1.000000 0.000000
vn 0.000000 1.000000 0.000000
vn 0.000000 1.000000 0.000000
vn 0.000000 1.000000 0.000000
vn 0.000000 1.000000 0.000000
vn 0.000000 1.000000 0.000000
vn 0.000000 1.000000 0.000000
vn 0.000000 1.000000 0.000000
vn 0.000000 1.000000 0.000000
vn 0.000000 1.000000 0.000000
vn 0.000000 1.000000 -0.000000
vn 0.000000 1.000000 -0.000000
vn 0.000000 1.000000 -0.000000
vn 0.000000 1.000000 0.000000
vn 0.000000 1.000000 0.000000
vn 0.000000 1.000000 0.000000
vn 0.000000 1.000000 0.000000
vn 0.000000 1.000000 0.000000
vn 0.000000 1.000000 0.000000
vn 0.000000 1.000000 0.000000
vn 0.000000 1.000000 0.000000
vn 0.000000 1.000000 0.000000
vn 0.000000 1.000000 0.000000
vn 0.000000 1.000000 0.000000
vn 0.000000 1.000000 0.000000
vn 0.000000 1.000000 0.000000
vn 0.000000 1.000000 0.000000
vn 0.000000 1.000000 0.000000
vn 0.000000 1.000000 0.000000
vn 0.000000 1.000000 0.000000
vn 0.000000 1.000000 0.000000
vn 0.000000 1.000000 0.000000
vn 0.000000 1.000000 0.000000
vn 0.000000 1.000000 0.000000
vn 0.000000 1.000000 0.000000
vn 0.000000 1.000000 0.000000
vn 0.000000 1.000000 0.000000
vn 0.000000 1.000000 0.000000
vn 0.000000 1.000000 0.000000
vn 0.000000 1.000000 0.000000
vn 0.000000 1.000000 0.000000
vn 0.000000 1.000000 0.000000
vn 0.000000 1.000000 0.000000
vn 0.000000 1.000000 0.000000
vn 0.000000 1.000000 0.000000
vn 0.000000 1.000000 0.000000
vn 0.000000 1.000000 0.000000
vn 0.000000 1.000000 0.000000
vn 0.000000 1.000000 0.000000
vn 0.000000 1.000000 0.000000
vn 0.000000 1.000000 0.000000
vn 0.000000 1.000000 0.000000
vn 0.000000 1.000000 0.000000
vn 0.000000 1.000000 0.000000
vn 0.000000 1.000000 0.000000
vn 0.000000 1.000000 0.000000
vn 0.000000 1.000000 0.000000
vn 0.000000 1.000000 0.000000
vn 0.000000 1.000000 -0.000001
vn 0.000000 1.000000 -0.000001
vn 0.000000 1.000000 -0.000001
vn 0.000000 1.000000 0.000000
vn 0.000000 1.000000 0.000000
vn 0.000000 1.000000 0.000000
vn 0.000000 1.000000 0.000000
vn 0.000000 1.000000 0.000000
vn 0.000000 1.000000 0.000000
vn 0.000000 1.000000 -0.000001
vn 0.000000 1.000000 -0.000001
vn 0.000000 1.000000 -0.000001
vn 0.000000 1.000000 0.000000
vn 0.000000 1.000000 0.000000
vn 0.000000 1.000000 0.000000
vn 0.000000 1.000000 -0.000000
vn 0.000000 1.000000 -0.000000
vn 0.000000 1.000000 -0.000000
vn 0.000000 1.000000 -0.000000
vn 0.000000 1.000000 -0.000000
vn 0.000000 1.000000 -0.000000
vn 0.000000 1.000000 0.000001
vn 0.000000 1.000000 0.000001
vn 0.000000 1.000000 0.000001
vn 0.000000 1.000000 0.000000
vn 0.000000 1.000000 0.000000
vn 0.000000 1.000000 0.000000
vn 0.000000 1.000000 -0.000000
vn 0.000000 1.000000 -0.000000
vn 0.000000 1.000000 -0.000000
vn 0.000000 1.000000 0.000000
vn 0.000000 1.000000 0.000000
vn 0.000000 1.000000 0.000000
vn 0.000000 1.000000 -0.000000
vn 0.000000 1.000000 -0.000000
vn 0.000000 1.000000 -0.000000
vn 0.000000 1.000000 0.000000
vn 0.000000 1.000000 0.000000
vn 0.000000 1.000000 0.000000
vn 0.000000 1.000000 0.000000
vn 0.000000 1.000000 0.000000
vn 0.000000 1.000000 0.000000
vn 0.000000 1.000000 0.000000
vn 0.000000 1.000000 0.000000
vn 0.000000 1.000000 0.000000
vn 0.000000 1.000000 -0.000001
vn 0.000000 1.000000 -0.000001
vn 0.000000 1.000000 -0.000001
vn 0.000000 1.000000 0.000000
vn 0.000000 1.000000 0.000000
vn 0.000000 1.000000 0.000000
vn 0.000000 1.000000 -0.000000
vn 0.000000 1.000000 -0.000000
vn 0.000000 1.000000 -0.000000
vn 0.000000 1.000000 0.000000
vn 0.000000 1.000000 0.000000
vn 0.000000 1.000000 0.000000
vn 0.000000 1.000000 0.000000
vn 0.000000 1.000000 0.000000
vn 0.000000 1.000000 0.000000
vn 0.000000 1.000000 0.000000
vn 0.000000 1.000000 0.000000
vn 0.000000 1.000000 0.000000
vn 0.000000 1.000000 0.000000
vn 0.000000 1.000000 0.000000
vn 0.000000 1.000000 0.000000
vn 0.000000 1.000000 0.000000
vn 0.000000 1.000000 0.000000
vn 0.000000 1.000000 0.000000
vn 0.000000 1.000000 0.000000
vn 0.000000 1.000000 0.000000
vn 0.000000 1.000000 0.000000
vn 0.000000 1.000000 0.000000
vn 0.000000 1.000000 0.000000
vn 0.000000 1.000000 0.000000
vn 0.000000 1.000000 0.000000
vn 0.000000 1.000000 0.000000
vn 0.000000 1.000000 0.000000
vn 0.000000 1.000000 0.000000
vn 0.000000 1.000000 0.000000
vn 0.000000 1.000000 0.000000
vn 0.000000 1.000000 0.000000
vn 0.000000 1.000000 0.000000
vn 0.000000 1.000000 0.000000
vn 0.000000 1.000000 0.000000
vn 0.000000 1.000000 0.000000
vn 0.000000 1.000000 0.000000
vn 0.000000 1.000000 0.000000
vn 0.000000 1.000000 0.000000
vn 0.000000 1.000000 0.000000
vn 0.000000 1.000000 0.000000
vn 0.000000 1.000000 0.000000
vn 0.000000 1.000000 0.000000
vn 0.000000 1.000000 0.000000
vn 0.000000 1.000000 0.000000
vn 0.000000 1.000000 0.000000
vn 0.000000 1.000000 0.000000
vn 0.000000 1.000000 0.000000
vn 0.000000 1.000000 0.000000
vn 0.000000 1.000000 0.000000
vn 0.000000 1.000000 0.000000
vn 0.000000 1.000000 0.000000
vn 0.000000 1.000000 0.000000
vn 0.000000 1.000000 0.000000
vn 0.000000 1.000000 0.000000
vn 0.000000 1.000000 0.000000
vn 0.000000 1.000000 0.000000
vn 0.000000 1.000000 0.000000
vn 0.000000 1.000000 0.000000
vn 0.000000 1.000000 0.000000
vn 0.000000 1.000000 0.000000
vn 0.000000 1.000000 0.000000
vn 0.000000 1.000000 0.000000
vn 0.000000 1.000000 0.000000
vn 0.000000 1.000000 0.000000
vn 0.000000 1.000000 0.000000
vn 0.000000 1.000000 0.000000
vn 0.000000 1.000000 -0.000000
vn 0.000000 1.000000 -0.000000
vn 0.000000 1.000000 -0.000000
vn 0.000000 1.000000 0.000001
vn 0.000000 1.000000 0.000001
vn 0.000000 1.000000 0.000001
vn 0.000000 1.000000 0.000000
vn 0.000000 1.000000 0.000000
vn 0.000000 1.000000 0.000000
vn 0.000000 1.000000 0.000000
vn 0.000000 1.000000 0.000000
vn 0.000000 1.000000 0.000000
vn 0.000000 1.000000 0.000000
vn 0.000000 1.000000 0.000000
vn 0.000000 1.000000 0.000000
vn 0.000000 1.000000 -0.000000
vn 0.000000 1.000000 -0.000000
vn 0.000000 1.000000 -0.000000
vn 0.000000 1.000000 0.000000
vn 0.000000 1.000000 0.000000
vn 0.000000 1.000000 0.000000
vn 0.000000 1.000000 0.000000
vn 0.000000 1.000000 0.000000
vn 0.000000 1.000000 0.000000
vn 0.000000 1.000000 0.000000
vn 0.000000 1.000000 0.000000
vn 0.000000 1.000000 0.000000
vn 0.000000 1.000000 -0.000000
vn 0.000000 1.000000 -0.000000
vn 0.000000 1.000000 -0.000000
vn 0.000000 1.000000 0.000000
vn 0.000000 1.000000 0.000000
vn 0.000000 1.000000 0.000000
vn 0.000000 1.000000 -0.000000
vn 0.000000 1.000000 -0.000000
vn 0.000000 1.000000 -0.000000
vn 0.000000 1.000000 0.000000
vn 0.000000 1.000000 0.000000
vn 0.000000 1.000000 0.000000
vn 0.000000 1.000000 0.000000
vn 0.000000 1.000000 0.000000
vn 0.000000 1.000000 0.000000
vn 0.000000 1.000000 0.000000
vn 0.000000 1.000000 0.000000
vn 0.000000 1.000000 0.000000
vn 0.000000 1.000000 0.000000
vn 0.000000 1.000000 0.000000
vn 0.000000 1.000000 0.000000
vn 0.000000 1.000000 0.000000
vn 0.000000 1.000000 0.000000
vn 0.000000 1.000000 0.000000
vn 0.000000 1.000000 0.000000
vn 0.000000 1.000000 0.000000
vn 0.000000 1.000000 0.000000
vn 0.000000 1.000000 0.000000
vn 0.000000 1.000000 0.000000
vn 0.000000 1.000000 0.000000
vn 0.000000 0.000000 1.000000
vn 0.000000 0.000000 1.000000
vn 0.000000 0.000000 1.000000
vn 0.000000 0.000000 1.000000
vn -1.000000 0.000000 0.000000
vn -1.000000 0.000000 0.000000
vn -1.000000 0.000000 0.000000
vn -1.000000 0.000000 0.000000
vn -1.000000 0.000000 0.000000
vn -1.000000 0.000000 0.000000
vn -1.000000 0.000000 0.000000
vn -1.000000 0.000000 0.000000
vn -1.000000 0.000000 0.000000
vn -1.000000 0.000000 0.000000
vn -1.000000 0.000000 0.000000
vn -1.000000 0.000000 0.000000
vn -1.000000 0.000000 0.000000
vn -1.000000 0.000000 0.000000
vn -1.000000 0.000000 0.000000
vn -1.000000 0.000000 0.000000
vn 0.527214 0.000000 -0.849732
vn 0.527214 0.000000 -0.849732
vn 0.527214 0.000000 -0.849732
vn 0.527214 0.000000 -0.849732
vn -0.067580 0.000000 -0.997714
vn -0.067580 0.000000 -0.997714
vn -0.067580 0.000000 -0.997714
vn -0.067580 0.000000 -0.997714
vn 0.420563 0.000000 -0.907264
vn 0.420563 0.000000 -0.907264
vn 0.420563 0.000000 -0.907264
vn 0.420563 0.000000 -0.907264
vn 0.994040 0.000000 -0.109012
vn 0.994040 0.000000 -0.109012
vn 0.994040 0.000000 -0.109012
vn 0.994040 0.000000 -0.109012
vn 0.902067 0.000000 -0.431597
vn 0.902067 0.000000 -0.431597
vn 0.902067 0.000000 -0.431597
vn 0.902067 0.000000 -0.431597
vn 0.963732 0.000000 -0.266871
vn 0.963732 0.000000 -0.266871
vn 0.963732 0.000000 -0.266871
vn 0.963732 0.000000 -0.266871
vn 0.783803 0.000000 0.621010
vn 0.783803 0.000000 0.621010
vn 0.783803 0.000000 0.621010
vn 0.783803 0.000000 0.621010
vn 0.465615 0.000000 0.884988
vn 0.465615 0.000000 0.884988
vn 0.465615 0.000000 0.884988
vn 0.465615 0.000000 0.884988
vn 0.463255 0.000000 0.886225
vn 0.463255 0.000000 0.886225
vn 0.463255 0.000000 0.886225
vn 0.463255 0.000000 0.886225
vn 0.806980 0.000000 0.590579
vn 0.806980 0.000000 0.590579
vn 0.806980 0.000000 0.590579
vn 0.806980 0.000000 0.590579
vn 0.649415 0.000000 0.760434
vn 0.649415 0.000000 0.760434
vn 0.649415 0.000000 0.760434
vn 0.649415 0.000000 0.760434
vn 0.618762 0.000000 0.785579
vn 0.618762 0.000000 0.785579
vn 0.618762 0.000000 0.785579
vn 0.618762 0.000000 0.785579
vn 0.189073 0.000000 -0.981963
vn 0.189073 0.000000 -0.981963
vn 0.189073 0.000000 -0.981963
vn 0.189073 0.000000 -0.981963
vn 0.796750 0.000000 0.604309
vn 0.796750 0.000000 0.604309
vn 0.796750 0.000000 0.604309
vn 0.796750 0.000000 0.604309
vn 0.852602 0.000000 -0.522562
vn 0.852602 0.000000 -0.522562
vn 0.852602 0.000000 -0.522562
vn 0.852602 0.000000 -0.522562
vn 0.804368 0.000000 -0.594131
vn 0.804368 0.000000 -0.594131
vn 0.804368 0.000000 -0.594131
vn 0.804368 0.000000 -0.594131
vn 0.970143 0.000000 -0.242536
vn 0.970143 0.000000 -0.242536
vn 0.970143 0.000000 -0.242536
vn 0.970143 0.000000 -0.242536
vn 0.999151 0.000000 -0.041187
vn 0.999151 0.000000 -0.041187
vn 0.999151 0.000000 -0.041187
vn 0.999151 0.000000 -0.041187
vn 0.479842 0.000000 -0.877355
vn 0.479842 0.000000 -0.877355
vn 0.479842 0.000000 -0.877355
vn 0.479842 0.000000 -0.877355
vn -0.648466 0.000000 -0.761244
vn -0.648466 0.000000 -0.761244
vn -0.648466 0.000000 -0.761244
vn -0.648466 0.000000 -0.761244
vn 0.308779 0.000000 -0.951134
vn 0.308779 0.000000 -0.951134
vn 0.308779 0.000000 -0.951134
vn 0.308779 0.000000 -0.951134
vn 0.435548 0.000000 -0.900166
vn 0.435548 0.000000 -0.900166
vn 0.435548 0.000000 -0.900166
vn 0.435548 0.000000 -0.900166
vn 0.712155 0.000000 0.702023
vn 0.712155 0.000000 0.702023
vn 0.712155 0.000000 0.702023
vn 0.712155 0.000000 0.702023
vn 0.362447 0.000000 -0.932004
vn 0.362447 0.000000 -0.932004
vn 0.362447 0.000000 -0.932004
vn 0.362447 0.000000 -0.932004
vn -0.734804 0.000000 -0.678280
vn -0.734804 0.000000 -0.678280
vn -0.734804 0.000000 -0.678280
vn -0.734804 0.000000 -0.678280
vn -0.995037 0.000000 -0.099504
vn -0.995037 0.000000 -0.099504
vn -0.995037 0.000000 -0.099504
vn -0.995037 0.000000 -0.099504
vn 0.315516 0.000000 0.948920
vn 0.315516 0.000000 0.948920
vn 0.315516 0.000000 0.948920
vn 0.315516 0.000000 0.948920
vn -0.023249 0.000000 -0.999730
vn -0.023249 0.000000 -0.999730
vn -0.023249 0.000000 -0.999730
vn -0.023249 0.000000 -0.999730
vn 0.413798 0.000000 -0.910369
vn 0.413798 0.000000 -0.910369
vn 0.413798 0.000000 -0.910369
vn 0.413798 0.000000 -0.910369
vn 0.854189 0.000000 0.519962
vn 0.854189 0.000000 0.519962
vn 0.854189 0.000000 0.519962
vn 0.854189 0.000000 0.519962
vn 0.459549 0.000000 -0.888152
vn 0.459549 0.000000 -0.888152
vn 0.459549 0.000000 -0.888152
vn 0.459549 0.000000 -0.888152
vn 0.425780 0.000000 -0.904827
vn 0.425780 0.000000 -0.904827
vn 0.425780 0.000000 -0.904827
vn 0.425780 0.000000 -0.904827
vn 0.426027 0.000000 -0.904711
vn 0.426027 0.000000 -0.904711
vn 0.426027 0.000000 -0.904711
vn 0.426027 0.000000 -0.904711
vn 0.490263 0.000000 -0.871574
vn 0.490263 0.000000 -0.871574
vn 0.490263 0.000000 -0.871574
vn 0.490263 0.000000 -0.871574
vn 0.490286 0.000000 -0.871562
vn 0.490286 0.000000 -0.871562
vn 0.490286 0.000000 -0.871562
vn 0.490286 0.000000 -0.871562
vn -0.052592 0.000000 -0.998616
vn -0.052592 0.000000 -0.998616
vn -0.052592 0.000000 -0.998616
vn -0.052592 0.000000 -0.998616
vn 0.490237 0.000000 -0.871589
vn 0.490237 0.000000 -0.871589
vn 0.490237 0.000000 -0.871589
vn 0.490237 0.000000 -0.871589
vn -0.052553 0.000000 -0.998618
vn -0.052553 0.000000 -0.998618
vn -0.052553 0.000000 -0.998618
vn -0.052553 0.000000 -0.998618
vn 0.141496 0.000000 -0.989939
vn 0.141496 0.000000 -0.989939
vn 0.141496 0.000000 -0.989939
vn 0.141496 0.000000 -0.989939
vn 0.141382 0.000000 -0.989955
vn 0.141382 0.000000 -0.989955
vn 0.141382 0.000000 -0.989955
vn 0.141382 0.000000 -0.989955
vn 0.141420 0.000000 -0.989950
vn 0.141420 0.000000 -0.989950
vn 0.141420 0.000000 -0.989950
vn 0.141420 0.000000 -0.989950
vn 0.707106 0.000000 -0.707108
vn 0.707106 0.000000 -0.707108
vn 0.707106 0.000000 -0.707108
vn 0.707106 0.000000 -0.707108
vn -0.121053 0.000000 -0.992646
vn -0.121053 0.000000 -0.992646
vn -0.121053 0.000000 -0.992646
vn -0.121053 0.000000 -0.992646
vn -0.331487 0.000000 -0.943460
vn -0.331487 0.000000 -0.943460
vn -0.331487 0.000000 -0.943460
vn -0.331487 0.000000 -0.943460
vn 0.099505 0.000000 -0.995037
vn 0.099505 0.000000 -0.995037
vn 0.099505 0.000000 -0.995037
vn 0.099505 0.000000 -0.995037
vn -0.206011 0.000000 -0.978550
vn -0.206011 0.000000 -0.978550
vn -0.206011 0.000000 -0.978550
vn -0.206011 0.000000 -0.978550
vn 0.362447 0.000000 -0.932004
vn 0.362447 0.000000 -0.932004
vn 0.362447 0.000000 -0.932004
vn 0.362447 0.000000 -0.932004
vn 0.028560 0.000000 -0.999592
vn 0.028560 0.000000 -0.999592
vn 0.028560 0.000000 -0.999592
vn 0.028560 0.000000 -0.999592
vn 0.271460 0.000000 -0.962450
vn 0.271460 0.000000 -0.962450
vn 0.271460 0.000000 -0.962450
vn 0.271460 0.000000 -0.962450
vn 0.331486 0.000000 -0.943460
vn 0.331486 0.000000 -0.943460
vn 0.331486 0.000000 -0.943460
vn 0.331486 0.000000 -0.943460
vn -1.000000 0.000000 0.000000
vn -1.000000 0.000000 0.000000
vn -1.000000 0.000000 0.000000
vn -1.000000 0.000000 0.000000
vn -1.000000 0.000000 0.000000
vn -1.000000 0.000000 0.000000
vn -1.000000 0.000000 0.000000
vn -1.000000 0.000000 0.000000
vn 0.707804 0.000000 0.706409
vn 0.707804 0.000000 0.706409
vn 0.707804 0.000000 0.706409
vn 0.707804 0.000000 0.706409
vn 0.871185 0.000000 -0.490955
vn 0.871185 0.000000 -0.490955
vn 0.871185 0.000000 -0.490955
vn 0.871185 0.000000 -0.490955
vn 0.955042 0.000000 -0.296470
vn 0.955042 0.000000 -0.296470
vn 0.955042 0.000000 -0.296470
vn 0.955042 0.000000 -0.296470
vn 0.527716 0.000000 -0.849421
vn 0.527716 0.000000 -0.849421
vn 0.527716 0.000000 -0.849421
vn 0.527716 0.000000 -0.849421
vn 0.521030 0.000000 -0.853539
vn 0.521030 0.000000 -0.853539
vn 0.521030 0.000000 -0.853539
vn 0.521030 0.000000 -0.853539
vn 0.944475 0.000000 0.328582
vn 0.944475 0.000000 0.328582
vn 0.944475 0.000000 0.328582
vn 0.944475 0.000000 0.328582
vn 0.619452 0.000000 0.785035
vn 0.619452 0.000000 0.785035
vn 0.619452 0.000000 0.785035
vn 0.619452 0.000000 0.785035
vn 0.943466 0.000000 0.331470
vn 0.943466 0.000000 0.331470
vn 0.943466 0.000000 0.331470
vn 0.943466 0.000000 0.331470
vn 0.617815 0.000000 0.786323
vn 0.617815 0.000000 0.786323
vn 0.617815 0.000000 0.786323
vn 0.617815 0.000000 0.786323
vn 0.830955 0.000000 0.556340
vn 0.830955 0.000000 0.556340
vn 0.830955 0.000000 0.556340
vn 0.830955 0.000000 0.556340
vn 0.881451 0.000000 0.472275
vn 0.881451 0.000000 0.472275
vn 0.881451 0.000000 0.472275
vn 0.881451 0.000000 0.472275
vn 0.919152 0.000000 0.393903
vn 0.919152 0.000000 0.393903
vn 0.919152 0.000000 0.393903
vn 0.919152 0.000000 0.393903
vn 0.897137 0.000000 0.441753
vn 0.897137 0.000000 0.441753
vn 0.897137 0.000000 0.441753
vn 0.897137 0.000000 0.441753
vn 0.871584 0.000000 0.490245
vn 0.871584 0.000000 0.490245
vn 0.871584 0.000000 0.490245
vn 0.871584 0.000000 0.490245
vn 0.932939 0.000000 0.360034
vn 0.932939 0.000000 0.360034
vn 0.932939 0.000000 0.360034
vn 0.932939 0.000000 0.360034
vn 0.997785 0.000000 -0.066525
vn 0.997785 0.000000 -0.066525
vn 0.997785 0.000000 -0.066525
vn 0.997785 0.000000 -0.066525
vn 0.991968 0.000000 -0.126488
vn 0.991968 0.000000 -0.126488
vn 0.991968 0.000000 -0.126488
vn 0.991968 0.000000 -0.126488
vn 0.973003 0.000000 0.230794
vn 0.973003 0.000000 0.230794
vn 0.973003 0.000000 0.230794
vn 0.973003 0.000000 0.230794
vn 0.982936 0.000000 -0.183950
vn 0.982936 0.000000 -0.183950
vn 0.982936 0.000000 -0.183950
vn 0.982936 0.000000 -0.183950
vn 0.950289 0.000000 -0.311370
vn 0.950289 0.000000 -0.311370
vn 0.950289 0.000000 -0.311370
vn 0.950289 0.000000 -0.311370
vn 0.382452 0.000000 -0.923976
vn 0.382452 0.000000 -0.923976
vn 0.382452 0.000000 -0.923976
vn 0.382452 0.000000 -0.923976
vn 0.772231 0.000000 0.635342
vn 0.772231 0.000000 0.635342
vn 0.772231 0.000000 0.635342
vn 0.772231 0.000000 0.635342
vn 0.943454 0.000000 0.331503
vn 0.943454 0.000000 0.331503
vn 0.943454 0.000000 0.331503
vn 0.943454 0.000000 0.331503
vn 0.806597 0.000000 -0.591101
vn 0.806597 0.000000 -0.591101
vn 0.806597 0.000000 -0.591101
vn 0.806597 0.000000 -0.591101
vn 0.177237 0.000000 -0.984168
vn 0.177237 0.000000 -0.984168
vn 0.177237 0.000000 -0.984168
vn 0.177237 0.000000 -0.984168
vn -0.242536 0.000000 -0.970143
vn -0.242536 0.000000 -0.970143
vn -0.242536 0.000000 -0.970143
vn -0.242536 0.000000 -0.970143
vn -0.032130 0.000000 -0.999484
vn -0.032130 0.000000 -0.999484
vn -0.032130 0.000000 -0.999484
vn -0.032130 0.000000 -0.999484
vn 0.605350 0.000000 -0.795959
vn 0.605350 0.000000 -0.795959
vn 0.605350 0.000000 -0.795959
vn 0.605350 0.000000 -0.795959
vn 0.617820 0.000000 -0.786319
vn 0.617820 0.000000 -0.786319
vn 0.617820 0.000000 -0.786319
vn 0.617820 0.000000 -0.786319
vn 0.995034 0.000000 -0.099532
vn 0.995034 0.000000 -0.099532
vn 0.995034 0.000000 -0.099532
vn 0.995034 0.000000 -0.099532
vn 0.679416 0.000000 -0.733753
vn 0.679416 0.000000 -0.733753
vn 0.679416 0.000000 -0.733753
vn 0.679416 0.000000 -0.733753
vn 0.318539 0.000000 -0.947910
vn 0.318539 0.000000 -0.947910
vn 0.318539 0.000000 -0.947910
vn 0.318539 0.000000 -0.947910
vn 0.846315 0.000000 -0.532684
vn 0.846315 0.000000 -0.532684
vn 0.846315 0.000000 -0.532684
vn 0.846315 0.000000 -0.532684
vn 0.884333 0.000000 -0.466856
vn 0.884333 0.000000 -0.466856
vn 0.884333 0.000000 -0.466856
vn 0.884333 0.000000 -0.466856
vn 0.852603 0.000000 -0.522560
vn 0.852603 0.000000 -0.522560
vn 0.852603 0.000000 -0.522560
vn 0.852603 0.000000 -0.522560
vn -0.759532 0.000000 -0.650470
vn -0.759532 0.000000 -0.650470
vn -0.759532 0.000000 -0.650470
vn -0.759532 0.000000 -0.650470
vn -0.543206 0.000000 -0.839599
vn -0.543206 0.000000 -0.839599
vn -0.543206 0.000000 -0.839599
vn -0.543206 0.000000 -0.839599
vn 0.997579 0.000000 -0.069543
vn 0.997579 0.000000 -0.069543
vn 0.997579 0.000000 -0.069543
vn 0.997579 0.000000 -0.069543
vn 0.997141 0.000000 -0.075563
vn 0.997141 0.000000 -0.075563
vn 0.997141 0.000000 -0.075563
vn 0.997141 0.000000 -0.075563
vn 0.997579 0.000000 -0.069543
vn 0.997579 0.000000 -0.069543
vn 0.997579 0.000000 -0.069543
vn 0.997579 0.000000 -0.069543
vn 0.997568 0.000000 -0.069700
vn 0.997568 0.000000 -0.069700
vn 0.997568 0.000000 -0.069700
vn 0.997568 0.000000 -0.069700
vn 0.997568 0.000000 -0.069705
vn 0.997568 0.000000 -0.069705
vn 0.997568 0.000000 -0.069705
vn 0.997568 0.000000 -0.069705
vn 0.863012 0.000000 -0.505183
vn 0.863012 0.000000 -0.505183
vn 0.863012 0.000000 -0.505183
vn 0.863012 0.000000 -0.505183
vn 0.846091 0.000000 0.533039
vn 0.846091 0.000000 0.533039
vn 0.846091 0.000000 0.533039
vn 0.846091 0.000000 0.533039
vn -0.386049 0.000000 -0.922478
vn -0.386049 0.000000 -0.922478
vn -0.386049 0.000000 -0.922478
vn -0.386049 0.000000 -0.922478
vn -0.242536 0.000000 -0.970143
vn -0.242536 0.000000 -0.970143
vn -0.242536 0.000000 -0.970143
vn -0.242536 0.000000 -0.970143
vn 0.761244 0.000000 0.648466
vn 0.761244 0.000000 0.648466
vn 0.761244 0.000000 0.648466
vn 0.761244 0.000000 0.648466
vn 0.748422 0.000000 0.663223
vn 0.748422 0.000000 0.663223
vn 0.748422 0.000000 0.663223
vn 0.748422 0.000000 0.663223
vn 0.734760 0.000000 0.678327
vn 0.734760 0.000000 0.678327
vn 0.734760 0.000000 0.678327
vn 0.734760 0.000000 0.678327
vn 0.734806 0.000000 0.678277
vn 0.734806 0.000000 0.678277
vn 0.734806 0.000000 0.678277
vn 0.734806 0.000000 0.678277
vn -0.242536 0.000000 -0.970142
vn -0.242536 0.000000 -0.970142
vn -0.242536 0.000000 -0.970142
vn -0.242536 0.000000 -0.970142
vn -0.392337 0.000000 -0.919822
vn -0.392337 0.000000 -0.919822
vn -0.392337 0.000000 -0.919822
vn -0.392337 0.000000 -0.919822
vn -0.545514 0.000000 -0.838102
vn -0.545514 0.000000 -0.838102
vn -0.545514 0.000000 -0.838102
vn -0.545514 0.000000 -0.838102
vn 0.553294 0.000000 -0.832986
vn 0.553294 0.000000 -0.832986
vn 0.553294 0.000000 -0.832986
vn 0.553294 0.000000 -0.832986
vn 0.522897 0.000000 -0.852396
vn 0.522897 0.000000 -0.852396
vn 0.522897 0.000000 -0.852396
vn 0.522897 0.000000 -0.852396
vn 0.794629 0.000000 0.607095
vn 0.794629 0.000000 0.607095
vn 0.794629 0.000000 0.607095
vn 0.794629 0.000000 0.607095
vn 0.999905 0.000000 0.013809
vn 0.999905 0.000000 0.013809
vn 0.999905 0.000000 0.013809
vn 0.999905 0.000000 0.013809
vn -0.983755 0.000000 0.179519
vn -0.983755 0.000000 0.179519
vn -0.983755 0.000000 0.179519
vn -0.983755 0.000000 0.179519
vn -0.997309 0.000000 -0.073317
vn -0.997309 0.000000 -0.073317
vn -0.997309 0.000000 -0.073317
vn -0.997309 0.000000 -0.073317
vn -0.996953 0.000000 -0.078007
vn -0.996953 0.000000 -0.078007
vn -0.996953 0.000000 -0.078007
vn -0.996953 0.000000 -0.078007
vn -0.894422 0.000000 0.447224
vn -0.894422 0.000000 0.447224
vn -0.894422 0.000000 0.447224
vn -0.894422 0.000000 0.447224
vn -0.812345 0.000000 -0.583178
vn -0.812345 0.000000 -0.583178
vn -0.812345 0.000000 -0.583178
vn -0.812345 0.000000 -0.583178
vn -0.380750 0.000000 0.924678
vn -0.380750 0.000000 0.924678
vn -0.380750 0.000000 0.924678
vn -0.380750 0.000000 0.924678
vn -0.072976 0.000000 0.997334
vn -0.072976 0.000000 0.997334
vn -0.072976 0.000000 0.997334
vn -0.072976 0.000000 0.997334
vn -0.736846 0.000000 0.676060
vn -0.736846 0.000000 0.676060
vn -0.736846 0.000000 0.676060
vn -0.736846 0.000000 0.676060
vn -0.892411 0.000000 0.451224
vn -0.892411 0.000000 0.451224
vn -0.892411 0.000000 0.451224
vn -0.892411 0.000000 0.451224
vn -0.732564 0.000000 0.680698
vn -0.732564 0.000000 0.680698
vn -0.732564 0.000000 0.680698
vn -0.732564 0.000000 0.680698
vn -0.760896 0.000000 -0.648873
vn -0.760896 0.000000 -0.648873
vn -0.760896 0.000000 -0.648873
vn -0.760896 0.000000 -0.648873
vn 0.836461 0.000000 -0.548026
vn 0.836461 0.000000 -0.548026
vn 0.836461 0.000000 -0.548026
vn 0.836461 0.000000 -0.548026
vn -0.111469 0.000000 -0.993768
vn -0.111469 0.000000 -0.993768
vn -0.111469 0.000000 -0.993768
vn -0.111469 0.000000 -0.993768
vn -0.707107 0.000000 0.707107
vn -0.707107 0.000000 0.707107
vn -0.707107 0.000000 0.707107
vn -0.707107 0.000000 0.707107
vn -0.554699 0.000000 0.832051
vn -0.554699 0.000000 0.832051
vn -0.554699 0.000000 0.832051
vn -0.554699 0.000000 0.832051
vn -0.393921 0.000000 0.919144
vn -0.393921 0.000000 0.919144
vn -0.393921 0.000000 0.919144
vn -0.393921 0.000000 0.919144
vn -0.393908 0.000000 0.919150
vn -0.393908 0.000000 0.919150
vn -0.393908 0.000000 0.919150
vn -0.393908 0.000000 0.919150
vn -0.554700 0.000000 0.832050
vn -0.554700 0.000000 0.832050
vn -0.554700 0.000000 0.832050
vn -0.554700 0.000000 0.832050
vn -0.331486 0.000000 0.943460
vn -0.331486 0.000000 0.943460
vn -0.331486 0.000000 0.943460
vn -0.331486 0.000000 0.943460
vn -0.168297 0.000000 0.985736
vn -0.168297 0.000000 0.985736
vn -0.168297 0.000000 0.985736
vn -0.168297 0.000000 0.985736
vn -0.707107 0.000000 0.707107
vn -0.707107 0.000000 0.707107
vn -0.707107 0.000000 0.707107
vn -0.707107 0.000000 0.707107
vn -0.271460 0.000000 0.962450
vn -0.271460 0.000000 0.962450
vn -0.271460 0.000000 0.962450
vn -0.271460 0.000000 0.962450
vn -0.457956 0.000000 0.888975
vn -0.457956 0.000000 0.888975
vn -0.457956 0.000000 0.888975
vn -0.457956 0.000000 0.888975
vn 0.080816 0.000000 -0.996729
vn 0.080816 0.000000 -0.996729
vn 0.080816 0.000000 -0.996729
vn 0.080816 0.000000 -0.996729
vn -0.809942 0.000000 -0.586510
vn -0.809942 0.000000 -0.586510
vn -0.809942 0.000000 -0.586510
vn -0.809942 0.000000 -0.586510
vn 0.617823 0.000000 -0.786317
vn 0.617823 0.000000 -0.786317
vn 0.617823 0.000000 -0.786317
vn 0.617823 0.000000 -0.786317
vn -0.271460 0.000000 -0.962450
vn -0.271460 0.000000 -0.962450
vn -0.271460 0.000000 -0.962450
vn -0.271460 0.000000 -0.962450
vn 0.490261 0.000000 -0.871576
vn 0.490261 0.000000 -0.871576
vn 0.490261 0.000000 -0.871576
vn 0.490261 0.000000 -0.871576
vn 0.316228 0.000000 -0.948683
vn 0.316228 0.000000 -0.948683
vn 0.316228 0.000000 -0.948683
vn 0.316228 0.000000 -0.948683
vn -0.425799 0.000000 -0.904818
vn -0.425799 0.000000 -0.904818
vn -0.425799 0.000000 -0.904818
vn -0.425799 0.000000 -0.904818
vn 0.090537 0.000000 -0.995893
vn 0.090537 0.000000 -0.995893
vn 0.090537 0.000000 -0.995893
vn 0.090537 0.000000 -0.995893
vn -0.045123 0.000000 -0.998982
vn -0.045123 0.000000 -0.998982
vn -0.045123 0.000000 -0.998982
vn -0.045123 0.000000 -0.998982
vn 0.000000 0.000000 1.000000
vn 0.000000 0.000000 1.000000
vn 0.000000 0.000000 1.000000
vn 0.000000 0.000000 1.000000
vn 0.897208 0.000000 -0.441608
vn 0.897208 0.000000 -0.441608
vn 0.897208 0.000000 -0.441608
vn 0.897208 0.000000 -0.441608
vn 0.888972 0.000000 -0.457962
vn 0.888972 0.000000 -0.457962
vn 0.888972 0.000000 -0.457962
vn 0.888972 0.000000 -0.457962
vn 0.872147 0.000000 -0.489244
vn 0.872147 0.000000 -0.489244
vn 0.872147 0.000000 -0.489244
vn 0.872147 0.000000 -0.489244
vn 0.589873 0.000000 -0.807496
vn 0.589873 0.000000 -0.807496
vn 0.589873 0.000000 -0.807496
vn 0.589873 0.000000 -0.807496
vn 0.862749 0.000000 -0.505632
vn 0.862749 0.000000 -0.505632
vn 0.862749 0.000000 -0.505632
vn 0.862749 0.000000 -0.505632
vn 0.989734 0.000000 -0.142925
vn 0.989734 0.000000 -0.142925
vn 0.989734 0.000000 -0.142925
vn 0.989734 0.000000 -0.142925
vn 0.982337 0.000000 0.187120
vn 0.982337 0.000000 0.187120
vn 0.982337 0.000000 0.187120
vn 0.982337 0.000000 0.187120
vn 0.999747 0.000000 0.022487
vn 0.999747 0.000000 0.022487
vn 0.999747 0.000000 0.022487
vn 0.999747 0.000000 0.022487
vn 0.906484 0.000000 -0.422241
vn 0.906484 0.000000 -0.422241
vn 0.906484 0.000000 -0.422241
vn 0.906484 0.000000 -0.422241
vn 0.045403 0.000000 -0.998969
vn 0.045403 0.000000 -0.998969
vn 0.045403 0.000000 -0.998969
vn 0.045403 0.000000 -0.998969
vn 0.021283 0.000000 -0.999774
vn 0.021283 0.000000 -0.999774
vn 0.021283 0.000000 -0.999774
vn 0.021283 0.000000 -0.999774
vn 0.186952 0.000000 -0.982369
vn 0.186952 0.000000 -0.982369
vn 0.186952 0.000000 -0.982369
vn 0.186952 0.000000 -0.982369
vn 0.458685 0.000000 -0.888599
vn 0.458685 0.000000 -0.888599
vn 0.458685 0.000000 -0.888599
vn 0.458685 0.000000 -0.888599
vn 0.279507 0.000000 -0.960144
vn 0.279507 0.000000 -0.960144
vn 0.279507 0.000000 -0.960144
vn 0.279507 0.000000 -0.960144
vn 0.110421 0.000000 -0.993885
vn 0.110421 0.000000 -0.993885
vn 0.110421 0.000000 -0.993885
vn 0.110421 0.000000 -0.993885
vn 0.077814 0.000000 -0.996968
vn 0.077814 0.000000 -0.996968
vn 0.077814 0.000000 -0.996968
vn 0.077814 0.000000 -0.996968
vn 0.044489 0.000000 -0.999010
vn 0.044489 0.000000 -0.999010
vn 0.044489 0.000000 -0.999010
vn 0.044489 0.000000 -0.999010
vn 0.296399 0.000000 -0.955064
vn 0.296399 0.000000 -0.955064
vn 0.296399 0.000000 -0.955064
vn 0.296399 0.000000 -0.955064
vn 0.362447 0.000000 -0.932004
vn 0.362447 0.000000 -0.932004
vn 0.362447 0.000000 -0.932004
vn 0.362447 0.000000 -0.932004
vn 0.586510 0.000000 -0.809942
vn 0.586510 0.000000 -0.809942
vn 0.586510 0.000000 -0.809942
vn 0.586510 0.000000 -0.809942
vn 0.331471 0.000000 -0.943465
vn 0.331471 0.000000 -0.943465
vn 0.331471 0.000000 -0.943465
vn 0.331471 0.000000 -0.943465
vn 0.331495 0.000000 -0.943457
vn 0.331495 0.000000 -0.943457
vn 0.331495 0.000000 -0.943457
vn 0.331495 0.000000 -0.943457
vn 0.160676 0.000000 -0.987007
vn 0.160676 0.000000 -0.987007
vn 0.160676 0.000000 -0.987007
vn 0.160676 0.000000 -0.987007
vn 0.527289 0.000000 -0.849686
vn 0.527289 0.000000 -0.849686
vn 0.527289 0.000000 -0.849686
vn 0.527289 0.000000 -0.849686
vn 0.988052 0.000000 0.154119
vn 0.988052 0.000000 0.154119
vn 0.988052 0.000000 0.154119
vn 0.988052 0.000000 0.154119
vn 0.805964 0.000000 -0.591965
vn 0.805964 0.000000 -0.591965
vn 0.805964 0.000000 -0.591965
vn 0.805964 0.000000 -0.591965
vn -0.994679 0.000000 -0.103024
vn -0.994679 0.000000 -0.103024
vn -0.994679 0.000000 -0.103024
vn -0.994679 0.000000 -0.103024
vn 0.556696 0.000000 -0.830716
vn 0.556696 0.000000 -0.830716
vn 0.556696 0.000000 -0.830716
vn 0.556696 0.000000 -0.830716
vn 0.347259 0.000000 -0.937769
vn 0.347259 0.000000 -0.937769
vn 0.347259 0.000000 -0.937769
vn 0.347259 0.000000 -0.937769
vn 0.426818 0.000000 -0.904337
vn 0.426818 0.000000 -0.904337
vn 0.426818 0.000000 -0.904337
vn 0.426818 0.000000 -0.904337
vn 0.273262 0.000000 -0.961940
vn 0.273262 0.000000 -0.961940
vn 0.273262 0.000000 -0.961940
vn 0.273262 0.000000 -0.961940
vn 0.551463 0.000000 -0.834199
vn 0.551463 0.000000 -0.834199
vn 0.551463 0.000000 -0.834199
vn 0.551463 0.000000 -0.834199
vn 0.331497 0.000000 -0.943456
vn 0.331497 0.000000 -0.943456
vn 0.331497 0.000000 -0.943456
vn 0.331497 0.000000 -0.943456
vn 0.301227 0.000000 -0.953553
vn 0.301227 0.000000 -0.953553
vn 0.301227 0.000000 -0.953553
vn 0.301227 0.000000 -0.953553
vn 0.258397 0.000000 -0.966039
vn 0.258397 0.000000 -0.966039
vn 0.258397 0.000000 -0.966039
vn 0.258397 0.000000 -0.966039
vn 0.271881 0.000000 -0.962331
vn 0.271881 0.000000 -0.962331
vn 0.271881 0.000000 -0.962331
vn 0.271881 0.000000 -0.962331
vn 0.187140 0.000000 -0.982333
vn 0.187140 0.000000 -0.982333
vn 0.187140 0.000000 -0.982333
vn 0.187140 0.000000 -0.982333
vn 0.423347 0.000000 -0.905968
vn 0.423347 0.000000 -0.905968
vn 0.423347 0.000000 -0.905968
vn 0.423347 0.000000 -0.905968
vn 0.706164 0.000000 -0.708048
vn 0.706164 0.000000 -0.708048
vn 0.706164 0.000000 -0.708048
vn 0.706164 0.000000 -0.708048
vn 0.619016 0.000000 -0.785379
vn 0.619016 0.000000 -0.785379
vn 0.619016 0.000000 -0.785379
vn 0.619016 0.000000 -0.785379
vn 0.678867 0.000000 -0.734262
vn 0.678867 0.000000 -0.734262
vn 0.678867 0.000000 -0.734262
vn 0.678867 0.000000 -0.734262
vn 0.000000 0.000000 1.000000
vn 0.000000 0.000000 1.000000
vn 0.000000 0.000000 1.000000
vn 0.000000 0.000000 1.000000
vn 0.168295 0.000000 -0.985737
vn 0.168295 0.000000 -0.985737
vn 0.168295 0.000000 -0.985737
vn 0.168295 0.000000 -0.985737
vn 0.168268 0.000000 -0.985741
vn 0.168268 0.000000 -0.985741
vn 0.168268 0.000000 -0.985741
vn 0.168268 0.000000 -0.985741
vn 0.248993 0.000000 -0.968505
vn 0.248993 0.000000 -0.968505
vn 0.248993 0.000000 -0.968505
vn 0.248993 0.000000 -0.968505
vn 0.334317 0.000000 -0.942461
vn 0.334317 0.000000 -0.942461
vn 0.334317 0.000000 -0.942461
vn 0.334317 0.000000 -0.942461
vn -0.022098 0.000000 -0.999756
vn -0.022098 0.000000 -0.999756
vn -0.022098 0.000000 -0.999756
vn -0.022098 0.000000 -0.999756
vn 0.000000 0.000000 1.000000
vn 0.000000 0.000000 1.000000
vn 0.000000 0.000000 1.000000
vn 0.000000 0.000000 1.000000
vn -0.214408 0.000000 -0.976744
vn -0.214408 0.000000 -0.976744
vn -0.214408 0.000000 -0.976744
vn -0.214408 0.000000 -0.976744
vn -0.449096 0.000000 -0.893484
vn -0.449096 0.000000 -0.893484
vn -0.449096 0.000000 -0.893484
vn -0.449096 0.000000 -0.893484
vn -0.459272 0.000000 -0.888296
vn -0.459272 0.000000 -0.888296
vn -0.459272 0.000000 -0.888296
vn -0.459272 0.000000 -0.888296
vn 0.586700 0.000000 -0.809805
vn 0.586700 0.000000 -0.809805
vn 0.586700 0.000000 -0.809805
vn 0.586700 0.000000 -0.809805
vn -0.523461 0.000000 -0.852050
vn -0.523461 0.000000 -0.852050
vn -0.523461 0.000000 -0.852050
vn -0.523461 0.000000 -0.852050
vn -0.362446 0.000000 0.932005
vn -0.362446 0.000000 0.932005
vn -0.362446 0.000000 0.932005
vn -0.362446 0.000000 0.932005
vn -0.267644 0.000000 0.963518
vn -0.267644 0.000000 0.963518
vn -0.267644 0.000000 0.963518
vn -0.267644 0.000000 0.963518
vn -0.076697 0.000000 0.997055
vn -0.076697 0.000000 0.997055
vn -0.076697 0.000000 0.997055
vn -0.076697 0.000000 0.997055
vn -0.832050 0.000000 0.554700
vn -0.832050 0.000000 0.554700
vn -0.832050 0.000000 0.554700
vn -0.832050 0.000000 0.554700
vn -0.734804 0.000000 0.678280
vn -0.734804 0.000000 0.678280
vn -0.734804 0.000000 0.678280
vn -0.734804 0.000000 0.678280
vn 0.224861 0.000000 0.974391
vn 0.224861 0.000000 0.974391
vn 0.224861 0.000000 0.974391
vn 0.224861 0.000000 0.974391
vn 1.000000 0.000000 0.000000
vn 1.000000 0.000000 0.000000
vn 1.000000 0.000000 0.000000
vn 1.000000 0.000000 0.000000
vn 0.734803 0.000000 0.678281
vn 0.734803 0.000000 0.678281
vn 0.734803 0.000000 0.678281
vn 0.734803 0.000000 0.678281
vn 0.919145 0.000000 -0.393919
vn 0.919145 0.000000 -0.393919
vn 0.919145 0.000000 -0.393919
vn 0.919145 0.000000 -0.393919
vn 0.976744 0.000000 0.214407
vn 0.976744 0.000000 0.214407
vn 0.976744 0.000000 0.214407
vn 0.976744 0.000000 0.214407
vn 0.809942 0.000000 -0.586510
vn 0.809942 0.000000 -0.586510
vn 0.809942 0.000000 -0.586510
vn 0.809942 0.000000 -0.586510
vn 0.988936 0.000000 -0.148340
vn 0.988936 0.000000 -0.148340
vn 0.988936 0.000000 -0.148340
vn 0.988936 0.000000 -0.148340
vn 0.871576 0.000000 0.490261
vn 0.871576 0.000000 0.490261
vn 0.871576 0.000000 0.490261
vn 0.871576 0.000000 0.490261
vn -0.129503 0.000000 -0.991579
vn -0.129503 0.000000 -0.991579
vn -0.129503 0.000000 -0.991579
vn -0.129503 0.000000 -0.991579
vn -0.214403 0.000000 -0.976745
vn -0.214403 0.000000 -0.976745
vn -0.214403 0.000000 -0.976745
vn -0.214403 0.000000 -0.976745
vn -0.572733 0.000000 -0.819742
vn -0.572733 0.000000 -0.819742
vn -0.572733 0.000000 -0.819742
vn -0.572733 0.000000 -0.819742
vn -0.214405 0.000000 -0.976745
vn -0.214405 0.000000 -0.976745
vn -0.214405 0.000000 -0.976745
vn -0.214405 0.000000 -0.976745
vn -0.586518 0.000000 -0.809936
vn -0.586518 0.000000 -0.809936
vn -0.586518 0.000000 -0.809936
vn -0.586518 0.000000 -0.809936
vn -0.561852 0.000000 -0.827238
vn -0.561852 0.000000 -0.827238
vn -0.561852 0.000000 -0.827238
vn -0.561852 0.000000 -0.827238
vn -0.042454 0.000000 -0.999098
vn -0.042454 0.000000 -0.999098
vn -0.042454 0.000000 -0.999098
vn -0.042454 0.000000 -0.999098
vn 0.970142 0.000000 0.242536
vn 0.970142 0.000000 0.242536
vn 0.970142 0.000000 0.242536
vn 0.970142 0.000000 0.242536
vn -0.024385 0.000000 -0.999703
vn -0.024385 0.000000 -0.999703
vn -0.024385 0.000000 -0.999703
vn -0.024385 0.000000 -0.999703
vn 0.000000 0.000000 -1.000000
vn 0.000000 0.000000 -1.000000
vn 0.000000 0.000000 -1.000000
vn 0.000000 0.000000 -1.000000
vn 0.832050 0.000000 0.554700
vn 0.832050 0.000000 0.554700
vn 0.832050 0.000000 0.554700
vn 0.832050 0.000000 0.554700
vn 0.871575 0.000000 0.490262
vn 0.871575 0.000000 0.490262
vn 0.871575 0.000000 0.490262
vn 0.871575 0.000000 0.490262
vn 0.877353 0.000000 0.479846
vn 0.877353 0.000000 0.479846
vn 0.877353 0.000000 0.479846
vn 0.877353 0.000000 0.479846
vn 0.888978 0.000000 0.457950
vn 0.888978 0.000000 0.457950
vn 0.888978 0.000000 0.457950
vn 0.888978 0.000000 0.457950
vn -0.393917 0.000000 -0.919146
vn -0.393917 0.000000 -0.919146
vn -0.393917 0.000000 -0.919146
vn -0.393917 0.000000 -0.919146
vn -0.393947 0.000000 -0.919133
vn -0.393947 0.000000 -0.919133
vn -0.393947 0.000000 -0.919133
vn -0.393947 0.000000 -0.919133
vn -0.554698 0.000000 -0.832052
vn -0.554698 0.000000 -0.832052
vn -0.554698 0.000000 -0.832052
vn -0.554698 0.000000 -0.832052
vn -0.789356 0.000000 0.613936
vn -0.789356 0.000000 0.613936
vn -0.789356 0.000000 0.613936
vn -0.789356 0.000000 0.613936
vn 0.055924 0.000000 0.998435
vn 0.055924 0.000000 0.998435
vn 0.055924 0.000000 0.998435
vn 0.055924 0.000000 0.998435
vn -0.720681 0.000000 0.693266
vn -0.720681 0.000000 0.693266
vn -0.720681 0.000000 0.693266
vn -0.720681 0.000000 0.693266
vn 0.067961 0.000000 0.997688
vn 0.067961 0.000000 0.997688
vn 0.067961 0.000000 0.997688
vn 0.067961 0.000000 0.997688
vn 0.090536 0.000000 0.995893
vn 0.090536 0.000000 0.995893
vn 0.090536 0.000000 0.995893
vn 0.090536 0.000000 0.995893
vn 0.613942 0.000000 0.789351
vn 0.613942 0.000000 0.789351
vn 0.613942 0.000000 0.789351
vn 0.613942 0.000000 0.789351
vn -0.789354 0.000000 0.613938
vn -0.789354 0.000000 0.613938
vn -0.789354 0.000000 0.613938
vn -0.789354 0.000000 0.613938
vn -0.999730 0.000000 0.023249
vn -0.999730 0.000000 0.023249
vn -0.999730 0.000000 0.023249
vn -0.999730 0.000000 0.023249
vn -0.298276 0.000000 -0.954480
vn -0.298276 0.000000 -0.954480
vn -0.298276 0.000000 -0.954480
vn -0.298276 0.000000 -0.954480
vn 0.149805 0.000000 -0.988716
vn 0.149805 0.000000 -0.988716
vn 0.149805 0.000000 -0.988716
vn 0.149805 0.000000 -0.988716
vn -0.305672 0.000000 -0.952137
vn -0.305672 0.000000 -0.952137
vn -0.305672 0.000000 -0.952137
vn -0.305672 0.000000 -0.952137
vn -0.953551 0.000000 -0.301232
vn -0.953551 0.000000 -0.301232
vn -0.953551 0.000000 -0.301232
vn -0.953551 0.000000 -0.301232
vn -0.950370 0.000000 -0.311123
vn -0.950370 0.000000 -0.311123
vn -0.950370 0.000000 -0.311123
vn -0.950370 0.000000 -0.311123
vn -0.953608 0.000000 -0.301052
vn -0.953608 0.000000 -0.301052
vn -0.953608 0.000000 -0.301052
vn -0.953608 0.000000 -0.301052
vn -0.953551 0.000000 -0.301232
vn -0.953551 0.000000 -0.301232
vn -0.953551 0.000000 -0.301232
vn -0.953551 0.000000 -0.301232
vn -0.930107 0.000000 0.367288
vn -0.930107 0.000000 0.367288
vn -0.930107 0.000000 0.367288
vn -0.930107 0.000000 0.367288
vn -0.953608 0.000000 -0.301052
vn -0.953608 0.000000 -0.301052
vn -0.953608 0.000000 -0.301052
vn -0.953608 0.000000 -0.301052
vn -0.953576 0.000000 -0.301154
vn -0.953576 0.000000 -0.301154
vn -0.953576 0.000000 -0.301154
vn -0.953576 0.000000 -0.301154
vn -0.953595 0.000000 -0.301092
vn -0.953595 0.000000 -0.301092
vn -0.953595 0.000000 -0.301092
vn -0.953595 0.000000 -0.301092
vn -0.910369 0.000000 0.413796
vn -0.910369 0.000000 0.413796
vn -0.910369 0.000000 0.413796
vn -0.910369 0.000000 0.413796
vn -0.707107 0.000000 -0.707106
vn -0.707107 0.000000 -0.707106
vn -0.707107 0.000000 -0.707106
vn -0.707107 0.000000 -0.707106
vn 0.832048 0.000000 0.554703
vn 0.832048 0.000000 0.554703
vn 0.832048 0.000000 0.554703
vn 0.832048 0.000000 0.554703
vn 0.832052 0.000000 0.554699
vn 0.832052 0.000000 0.554699
vn 0.832052 0.000000 0.554699
vn 0.832052 0.000000 0.554699
vn 0.943466 0.000000 0.331469
vn 0.943466 0.000000 0.331469
vn 0.943466 0.000000 0.331469
vn 0.943466 0.000000 0.331469
vn 0.943459 0.000000 0.331490
vn 0.943459 0.000000 0.331490
vn 0.943459 0.000000 0.331490
vn 0.943459 0.000000 0.331490
vn 0.554699 0.000000 0.832051
vn 0.554699 0.000000 0.832051
vn 0.554699 0.000000 0.832051
vn 0.554699 0.000000 0.832051
vn 0.554688 0.000000 0.832059
vn 0.554688 0.000000 0.832059
vn 0.554688 0.000000 0.832059
vn 0.554688 0.000000 0.832059
vn 0.586511 0.000000 0.809941
vn 0.586511 0.000000 0.809941
vn 0.586511 0.000000 0.809941
vn 0.586511 0.000000 0.809941
vn 0.554702 0.000000 0.832049
vn 0.554702 0.000000 0.832049
vn 0.554702 0.000000 0.832049
vn 0.554702 0.000000 0.832049
vn 0.586505 0.000000 0.809945
vn 0.586505 0.000000 0.809945
vn 0.586505 0.000000 0.809945
vn 0.586505 0.000000 0.809945
vn 0.586533 0.000000 0.809925
vn 0.586533 0.000000 0.809925
vn 0.586533 0.000000 0.809925
vn 0.586533 0.000000 0.809925
vn -0.331486 0.000000 -0.943460
vn -0.331486 0.000000 -0.943460
vn -0.331486 0.000000 -0.943460
vn -0.331486 0.000000 -0.943460
vn 0.953984 0.000000 0.299859
vn 0.953984 0.000000 0.299859
vn 0.953984 0.000000 0.299859
vn 0.953984 0.000000 0.299859
vn 0.962450 0.000000 -0.271460
vn 0.962450 0.000000 -0.271460
vn 0.962450 0.000000 -0.271460
vn 0.962450 0.000000 -0.271460
vn 0.953999 0.000000 0.299810
vn 0.953999 0.000000 0.299810
vn 0.953999 0.000000 0.299810
vn 0.953999 0.000000 0.299810
vn 0.932005 0.000000 0.362446
vn 0.932005 0.000000 0.362446
vn 0.932005 0.000000 0.362446
vn 0.932005 0.000000 0.362446
vn 0.011346 0.000000 0.999936
vn 0.011346 0.000000 0.999936
vn 0.011346 0.000000 0.999936
vn 0.011346 0.000000 0.999936
vn 0.069596 0.000000 0.997575
vn 0.069596 0.000000 0.997575
vn 0.069596 0.000000 0.997575
vn 0.069596 0.000000 0.997575
vn -0.126647 0.000000 0.991948
vn -0.126647 0.000000 0.991948
vn -0.126647 0.000000 0.991948
vn -0.126647 0.000000 0.991948
vn -0.149792 0.000000 0.988718
vn -0.149792 0.000000 0.988718
vn -0.149792 0.000000 0.988718
vn -0.149792 0.000000 0.988718
vn -0.558865 0.000000 0.829259
vn -0.558865 0.000000 0.829259
vn -0.558865 0.000000 0.829259
vn -0.558865 0.000000 0.829259
vn -0.900902 0.000000 0.434023
vn -0.900902 0.000000 0.434023
vn -0.900902 0.000000 0.434023
vn -0.900902 0.000000 0.434023
vn -0.832051 0.000000 0.554700
vn -0.832051 0.000000 0.554700
vn -0.832051 0.000000 0.554700
vn -0.832051 0.000000 0.554700
vn -0.522562 0.000000 0.852601
vn -0.522562 0.000000 0.852601
vn -0.522562 0.000000 0.852601
vn -0.522562 0.000000 0.852601
vn -0.648466 0.000000 0.761244
vn -0.648466 0.000000 0.761244
vn -0.648466 0.000000 0.761244
vn -0.648466 0.000000 0.761244
vn -0.804154 0.000000 0.594421
vn -0.804154 0.000000 0.594421
vn -0.804154 0.000000 0.594421
vn -0.804154 0.000000 0.594421
vn -0.813234 0.000000 0.581936
vn -0.813234 0.000000 0.581936
vn -0.813234 0.000000 0.581936
vn -0.813234 0.000000 0.581936
vn -0.804207 0.000000 0.594349
vn -0.804207 0.000000 0.594349
vn -0.804207 0.000000 0.594349
vn -0.804207 0.000000 0.594349
vn -0.042393 0.000000 0.999101
vn -0.042393 0.000000 0.999101
vn -0.042393 0.000000 0.999101
vn -0.042393 0.000000 0.999101
vn 0.062376 0.000000 0.998053
vn 0.062376 0.000000 0.998053
vn 0.062376 0.000000 0.998053
vn 0.062376 0.000000 0.998053
vn -0.976744 0.000000 0.214408
vn -0.976744 0.000000 0.214408
vn -0.976744 0.000000 0.214408
vn -0.976744 0.000000 0.214408
vn -0.707143 0.000000 0.707071
vn -0.707143 0.000000 0.707071
vn -0.707143 0.000000 0.707071
vn -0.707143 0.000000 0.707071
vn -0.852601 0.000000 0.522563
vn -0.852601 0.000000 0.522563
vn -0.852601 0.000000 0.522563
vn -0.852601 0.000000 0.522563
vn -0.617822 0.000000 0.786318
vn -0.617822 0.000000 0.786318
vn -0.617822 0.000000 0.786318
vn -0.617822 0.000000 0.786318
vn -0.425796 0.000000 0.904819
vn -0.425796 0.000000 0.904819
vn -0.425796 0.000000 0.904819
vn -0.425796 0.000000 0.904819
vn -0.887252 0.000000 0.461286
vn -0.887252 0.000000 0.461286
vn -0.887252 0.000000 0.461286
vn -0.887252 0.000000 0.461286
vn -0.552596 0.000000 0.833449
vn -0.552596 0.000000 0.833449
vn -0.552596 0.000000 0.833449
vn -0.552596 0.000000 0.833449
vn -0.489704 0.000000 0.871889
vn -0.489704 0.000000 0.871889
vn -0.489704 0.000000 0.871889
vn -0.489704 0.000000 0.871889
vn -0.801750 0.000000 0.597660
vn -0.801750 0.000000 0.597660
vn -0.801750 0.000000 0.597660
vn -0.801750 0.000000 0.597660
vn -0.398649 0.000000 0.917104
vn -0.398649 0.000000 0.917104
vn -0.398649 0.000000 0.917104
vn -0.398649 0.000000 0.917104
vn -0.732132 0.000000 0.681163
vn -0.732132 0.000000 0.681163
vn -0.732132 0.000000 0.681163
vn -0.732132 0.000000 0.681163
vn -0.707107 0.000000 0.707107
vn -0.707107 0.000000 0.707107
vn -0.707107 0.000000 0.707107
vn -0.707107 0.000000 0.707107
vn -0.678279 0.000000 0.734804
vn -0.678279 0.000000 0.734804
vn -0.678279 0.000000 0.734804
vn -0.678279 0.000000 0.734804
vn -0.078407 0.000000 0.996921
vn -0.078407 0.000000 0.996921
vn -0.078407 0.000000 0.996921
vn -0.078407 0.000000 0.996921
vn -0.055463 0.000000 0.998461
vn -0.055463 0.000000 0.998461
vn -0.055463 0.000000 0.998461
vn -0.055463 0.000000 0.998461
vn -0.554701 0.000000 0.832050
vn -0.554701 0.000000 0.832050
vn -0.554701 0.000000 0.832050
vn -0.554701 0.000000 0.832050
vn -0.331485 0.000000 0.943460
vn -0.331485 0.000000 0.943460
vn -0.331485 0.000000 0.943460
vn -0.331485 0.000000 0.943460
vn -0.678280 0.000000 0.734803
vn -0.678280 0.000000 0.734803
vn -0.678280 0.000000 0.734803
vn -0.678280 0.000000 0.734803
vn -0.919145 0.000000 0.393919
vn -0.919145 0.000000 0.393919
vn -0.919145 0.000000 0.393919
vn -0.919145 0.000000 0.393919
vn -0.586511 0.000000 0.809941
vn -0.586511 0.000000 0.809941
vn -0.586511 0.000000 0.809941
vn -0.586511 0.000000 0.809941
vn -0.271956 0.000000 0.962310
vn -0.271956 0.000000 0.962310
vn -0.271956 0.000000 0.962310
vn -0.271956 0.000000 0.962310
vn -0.101598 0.000000 0.994826
vn -0.101598 0.000000 0.994826
vn -0.101598 0.000000 0.994826
vn -0.101598 0.000000 0.994826
vn -0.852613 0.000000 0.522544
vn -0.852613 0.000000 0.522544
vn -0.852613 0.000000 0.522544
vn -0.852613 0.000000 0.522544
vn -0.344091 0.000000 0.938936
vn -0.344091 0.000000 0.938936
vn -0.344091 0.000000 0.938936
vn -0.344091 0.000000 0.938936
vn -0.871760 0.000000 0.489933
vn -0.871760 0.000000 0.489933
vn -0.871760 0.000000 0.489933
vn -0.871760 0.000000 0.489933
vn 0.833736 0.000000 -0.552164
vn 0.833736 0.000000 -0.552164
vn 0.833736 0.000000 -0.552164
vn 0.833736 0.000000 -0.552164
vn 0.735291 0.000000 -0.677751
vn 0.735291 0.000000 -0.677751
vn 0.735291 0.000000 -0.677751
vn 0.735291 0.000000 -0.677751
vn 0.706451 0.000000 -0.707762
vn 0.706451 0.000000 -0.707762
vn 0.706451 0.000000 -0.707762
vn 0.706451 0.000000 -0.707762
vn -0.930008 0.000000 -0.367538
vn -0.930008 0.000000 -0.367538
vn -0.930008 0.000000 -0.367538
vn -0.930008 0.000000 -0.367538
vn -0.169906 0.000000 -0.985460
vn -0.169906 0.000000 -0.985460
vn -0.169906 0.000000 -0.985460
vn -0.169906 0.000000 -0.985460
vn 0.103037 0.000000 -0.994678
vn 0.103037 0.000000 -0.994678
vn 0.103037 0.000000 -0.994678
vn 0.103037 0.000000 -0.994678
vn 0.998818 0.000000 -0.048611
vn 0.998818 0.000000 -0.048611
vn 0.998818 0.000000 -0.048611
vn 0.998818 0.000000 -0.048611
vn 0.209392 0.000000 -0.977832
vn 0.209392 0.000000 -0.977832
vn 0.209392 0.000000 -0.977832
vn 0.209392 0.000000 -0.977832
vn -0.985738 0.000000 -0.168286
vn -0.985738 0.000000 -0.168286
vn -0.985738 0.000000 -0.168286
vn -0.985738 0.000000 -0.168286
vn -0.917939 0.000000 0.396722
vn -0.917939 0.000000 0.396722
vn -0.917939 0.000000 0.396722
vn -0.917939 0.000000 0.396722
vn -0.742563 0.000000 0.669776
vn -0.742563 0.000000 0.669776
vn -0.742563 0.000000 0.669776
vn -0.742563 0.000000 0.669776
vn -0.141419 0.000000 0.989950
vn -0.141419 0.000000 0.989950
vn -0.141419 0.000000 0.989950
vn -0.141419 0.000000 0.989950
vn -0.204661 0.000000 0.978833
vn -0.204661 0.000000 0.978833
vn -0.204661 0.000000 0.978833
vn -0.204661 0.000000 0.978833
vn -0.489644 0.000000 0.871922
vn -0.489644 0.000000 0.871922
vn -0.489644 0.000000 0.871922
vn -0.489644 0.000000 0.871922
vn -0.578167 0.000000 0.815918
vn -0.578167 0.000000 0.815918
vn -0.578167 0.000000 0.815918
vn -0.578167 0.000000 0.815918
vn -0.990581 0.000000 0.136927
vn -0.990581 0.000000 0.136927
vn -0.990581 0.000000 0.136927
vn -0.990581 0.000000 0.136927
vn -0.979603 0.000000 0.200943
vn -0.979603 0.000000 0.200943
vn -0.979603 0.000000 0.200943
vn -0.979603 0.000000 0.200943
vn -0.984605 0.000000 0.174796
vn -0.984605 0.000000 0.174796
vn -0.984605 0.000000 0.174796
vn -0.984605 0.000000 0.174796
vn -0.784890 0.000000 0.619636
vn -0.784890 0.000000 0.619636
vn -0.784890 0.000000 0.619636
vn -0.784890 0.000000 0.619636
vn -0.951564 0.000000 0.307449
vn -0.951564 0.000000 0.307449
vn -0.951564 0.000000 0.307449
vn -0.951564 0.000000 0.307449
vn -0.669220 0.000000 0.743064
vn -0.669220 0.000000 0.743064
vn -0.669220 0.000000 0.743064
vn -0.669220 0.000000 0.743064
vn -0.214407 0.000000 0.976744
vn -0.214407 0.000000 0.976744
vn -0.214407 0.000000 0.976744
vn -0.214407 0.000000 0.976744
vn -0.999991 0.000000 0.004283
vn -0.999991 0.000000 0.004283
vn -0.999991 0.000000 0.004283
vn -0.999991 0.000000 0.004283
vn -1.000000 0.000000 0.000000
vn -1.000000 0.000000 0.000000
vn -1.000000 0.000000 0.000000
vn -1.000000 0.000000 0.000000
vn -1.000000 0.000000 0.000000
vn -1.000000 0.000000 0.000000
vn -1.000000 0.000000 0.000000
vn -1.000000 0.000000 0.000000
vn 0.000000 0.000000 -1.000000
vn 0.000000 0.000000 -1.000000
vn 0.000000 0.000000 -1.000000
vn 0.000000 0.000000 -1.000000
vn 0.963431 0.000000 -0.267956
vn 0.963431 0.000000 -0.267956
vn 0.963431 0.000000 -0.267956
vn 0.963431 0.000000 -0.267956
vn 0.981345 0.000000 -0.192255
vn 0.981345 0.000000 -0.192255
vn 0.981345 0.000000 -0.192255
vn 0.981345 0.000000 -0.192255
vn 0.993486 0.000000 -0.113952
vn 0.993486 0.000000 -0.113952
vn 0.993486 0.000000 -0.113952
vn 0.993486 0.000000 -0.113952
vn 0.983877 0.000000 -0.178848
vn 0.983877 0.000000 -0.178848
vn 0.983877 0.000000 -0.178848
vn 0.983877 0.000000 -0.178848
vn 0.931980 0.000000 0.362509
vn 0.931980 0.000000 0.362509
vn 0.931980 0.000000 0.362509
vn 0.931980 0.000000 0.362509
vn 0.930137 0.000000 0.367213
vn 0.930137 0.000000 0.367213
vn 0.930137 0.000000 0.367213
vn 0.930137 0.000000 0.367213
vn 0.928476 0.000000 -0.371392
vn 0.928476 0.000000 -0.371392
vn 0.928476 0.000000 -0.371392
vn 0.928476 0.000000 -0.371392
vn 1.000000 0.000000 0.000000
vn 1.000000 0.000000 0.000000
vn 1.000000 0.000000 0.000000
vn 1.000000 0.000000 0.000000
vn 0.000000 0.000000 -1.000000
vn 0.000000 0.000000 -1.000000
vn 0.000000 0.000000 -1.000000
vn 0.000000 0.000000 -1.000000
vn 0.888974 0.000000 0.457957
vn 0.888974 0.000000 0.457957
vn 0.888974 0.000000 0.457957
vn 0.888974 0.000000 0.457957
vn 0.643559 0.000000 -0.765397
vn 0.643559 0.000000 -0.765397
vn 0.643559 0.000000 -0.765397
vn 0.643559 0.000000 -0.765397
vn 0.396291 0.000000 -0.918125
vn 0.396291 0.000000 -0.918125
vn 0.396291 0.000000 -0.918125
vn 0.396291 0.000000 -0.918125
vn 0.706738 0.000000 -0.707475
vn 0.706738 0.000000 -0.707475
vn 0.706738 0.000000 -0.707475
vn 0.706738 0.000000 -0.707475
vn 0.523716 0.000000 -0.851893
vn 0.523716 0.000000 -0.851893
vn 0.523716 0.000000 -0.851893
vn 0.523716 0.000000 -0.851893
vn 0.905844 0.000000 -0.423611
vn 0.905844 0.000000 -0.423611
vn 0.905844 0.000000 -0.423611
vn 0.905844 0.000000 -0.423611
vn 0.953591 0.000000 -0.301105
vn 0.953591 0.000000 -0.301105
vn 0.953591 0.000000 -0.301105
vn 0.953591 0.000000 -0.301105
vn 0.943736 0.000000 -0.330699
vn 0.943736 0.000000 -0.330699
vn 0.943736 0.000000 -0.330699
vn 0.943736 0.000000 -0.330699
vn 0.948613 0.000000 -0.316440
vn 0.948613 0.000000 -0.316440
vn 0.948613 0.000000 -0.316440
vn 0.948613 0.000000 -0.316440
vn 0.830955 0.000000 -0.556340
vn 0.830955 0.000000 -0.556340
vn 0.830955 0.000000 -0.556340
vn 0.830955 0.000000 -0.556340
vn 0.490763 0.000000 -0.871293
vn 0.490763 0.000000 -0.871293
vn 0.490763 0.000000 -0.871293
vn 0.490763 0.000000 -0.871293
vn 0.553941 0.000000 -0.832556
vn 0.553941 0.000000 -0.832556
vn 0.553941 0.000000 -0.832556
vn 0.553941 0.000000 -0.832556
vn 0.943735 0.000000 -0.330704
vn 0.943735 0.000000 -0.330704
vn 0.943735 0.000000 -0.330704
vn 0.943735 0.000000 -0.330704
vn 0.986211 0.000000 -0.165494
vn 0.986211 0.000000 -0.165494
vn 0.986211 0.000000 -0.165494
vn 0.986211 0.000000 -0.165494
vn 0.711454 0.000000 -0.702732
vn 0.711454 0.000000 -0.702732
vn 0.711454 0.000000 -0.702732
vn 0.711454 0.000000 -0.702732
vn 0.965591 0.000000 -0.260066
vn 0.965591 0.000000 -0.260066
vn 0.965591 0.000000 -0.260066
vn 0.965591 0.000000 -0.260066
vn 0.932002 0.000000 -0.362454
vn 0.932002 0.000000 -0.362454
vn 0.932002 0.000000 -0.362454
vn 0.932002 0.000000 -0.362454
vn 0.962450 0.000000 -0.271459
vn 0.962450 0.000000 -0.271459
vn 0.962450 0.000000 -0.271459
vn 0.962450 0.000000 -0.271459
vn 0.969432 0.000000 -0.245359
vn 0.969432 0.000000 -0.245359
vn 0.969432 0.000000 -0.245359
vn 0.969432 0.000000 -0.245359
vn 0.970019 0.000000 -0.243031
vn 0.970019 0.000000 -0.243031
vn 0.970019 0.000000 -0.243031
vn 0.970019 0.000000 -0.243031
vn 0.969960 0.000000 -0.243265
vn 0.969960 0.000000 -0.243265
vn 0.969960 0.000000 -0.243265
vn 0.969960 0.000000 -0.243265
vn 0.427843 0.000000 -0.903853
vn 0.427843 0.000000 -0.903853
vn 0.427843 0.000000 -0.903853
vn 0.427843 0.000000 -0.903853
vn 0.509618 0.000000 0.860401
vn 0.509618 0.000000 0.860401
vn 0.509618 0.000000 0.860401
vn 0.509618 0.000000 0.860401
vn 0.991612 0.000000 0.129252
vn 0.991612 0.000000 0.129252
vn 0.991612 0.000000 0.129252
vn 0.991612 0.000000 0.129252
vn 0.996849 0.000000 0.079319
vn 0.996849 0.000000 0.079319
vn 0.996849 0.000000 0.079319
vn 0.996849 0.000000 0.079319
vn 0.976675 0.000000 -0.214724
vn 0.976675 0.000000 -0.214724
vn 0.976675 0.000000 -0.214724
vn 0.976675 0.000000 -0.214724
vn 0.777030 0.000000 -0.629464
vn 0.777030 0.000000 -0.629464
vn 0.777030 0.000000 -0.629464
vn 0.777030 0.000000 -0.629464
vn 0.586511 0.000000 0.809941
vn 0.586511 0.000000 0.809941
vn 0.586511 0.000000 0.809941
vn 0.586511 0.000000 0.809941
vn 0.457967 0.000000 0.888969
vn 0.457967 0.000000 0.888969
vn 0.457967 0.000000 0.888969
vn 0.457967 0.000000 0.888969
vn -0.675724 0.000000 0.737155
vn -0.675724 0.000000 0.737155
vn -0.675724 0.000000 0.737155
vn -0.675724 0.000000 0.737155
vn 0.457897 0.000000 0.889005
vn 0.457897 0.000000 0.889005
vn 0.457897 0.000000 0.889005
vn 0.457897 0.000000 0.889005
vn 0.617928 0.000000 0.786235
vn 0.617928 0.000000 0.786235
vn 0.617928 0.000000 0.786235
vn 0.617928 0.000000 0.786235
vn 0.617800 0.000000 0.786335
vn 0.617800 0.000000 0.786335
vn 0.617800 0.000000 0.786335
vn 0.617800 0.000000 0.786335
vn 0.301133 0.000000 0.953582
vn 0.301133 0.000000 0.953582
vn 0.301133 0.000000 0.953582
vn 0.301133 0.000000 0.953582
vn 0.912509 0.000000 0.409056
vn 0.912509 0.000000 0.409056
vn 0.912509 0.000000 0.409056
vn 0.912509 0.000000 0.409056
vn -0.977329 0.000000 0.211726
vn -0.977329 0.000000 0.211726
vn -0.977329 0.000000 0.211726
vn -0.977329 0.000000 0.211726
vn -0.999774 0.000000 -0.021269
vn -0.999774 0.000000 -0.021269
vn -0.999774 0.000000 -0.021269
vn -0.999774 0.000000 -0.021269
vn -0.998481 0.000000 -0.055105
vn -0.998481 0.000000 -0.055105
vn -0.998481 0.000000 -0.055105
vn -0.998481 0.000000 -0.055105
vn -0.467473 0.000000 -0.884008
vn -0.467473 0.000000 -0.884008
vn -0.467473 0.000000 -0.884008
vn -0.467473 0.000000 -0.884008
vn -0.145392 0.000000 0.989374
vn -0.145392 0.000000 0.989374
vn -0.145392 0.000000 0.989374
vn -0.145392 0.000000 0.989374
vn -0.108418 0.000000 0.994105
vn -0.108418 0.000000 0.994105
vn -0.108418 0.000000 0.994105
vn -0.108418 0.000000 0.994105
vn -0.173781 0.000000 0.984784
vn -0.173781 0.000000 0.984784
vn -0.173781 0.000000 0.984784
vn -0.173781 0.000000 0.984784
vn 0.000000 0.000000 -1.000000
vn 0.000000 0.000000 -1.000000
vn 0.000000 0.000000 -1.000000
vn 0.000000 0.000000 -1.000000
vn 0.658836 0.000000 0.752287
vn 0.658836 0.000000 0.752287
vn 0.658836 0.000000 0.752287
vn 0.658836 0.000000 0.752287
vn -0.761243 0.000000 0.648467
vn -0.761243 0.000000 0.648467
vn -0.761243 0.000000 0.648467
vn -0.761243 0.000000 0.648467
vn -0.809942 0.000000 0.586510
vn -0.809942 0.000000 0.586510
vn -0.809942 0.000000 0.586510
vn -0.809942 0.000000 0.586510
vn 0.575491 0.000000 0.817808
vn 0.575491 0.000000 0.817808
vn 0.575491 0.000000 0.817808
vn 0.575491 0.000000 0.817808
vn 0.738486 0.000000 0.674269
vn 0.738486 0.000000 0.674269
vn 0.738486 0.000000 0.674269
vn 0.738486 0.000000 0.674269
vn -0.997055 0.000000 -0.076695
vn -0.997055 0.000000 -0.076695
vn -0.997055 0.000000 -0.076695
vn -0.997055 0.000000 -0.076695
vn -0.888974 0.000000 0.457957
vn -0.888974 0.000000 0.457957
vn -0.888974 0.000000 0.457957
vn -0.888974 0.000000 0.457957
vn 0.784881 0.000000 0.619646
vn 0.784881 0.000000 0.619646
vn 0.784881 0.000000 0.619646
vn 0.784881 0.000000 0.619646
vn 0.991882 0.000000 0.127162
vn 0.991882 0.000000 0.127162
vn 0.991882 0.000000 0.127162
vn 0.991882 0.000000 0.127162
vn -0.997940 0.000000 -0.064162
vn -0.997940 0.000000 -0.064162
vn -0.997940 0.000000 -0.064162
vn -0.997940 0.000000 -0.064162
vn -0.998298 0.000000 -0.058312
vn -0.998298 0.000000 -0.058312
vn -0.998298 0.000000 -0.058312
vn -0.998298 0.000000 -0.058312
vn 0.995344 0.000000 0.096384
vn 0.995344 0.000000 0.096384
vn 0.995344 0.000000 0.096384
vn 0.995344 0.000000 0.096384
vn 0.898375 0.000000 -0.439229
vn 0.898375 0.000000 -0.439229
vn 0.898375 0.000000 -0.439229
vn 0.898375 0.000000 -0.439229
vn -0.734003 0.000000 -0.679146
vn -0.734003 0.000000 -0.679146
vn -0.734003 0.000000 -0.679146
vn -0.734003 0.000000 -0.679146
vn 0.930584 0.000000 -0.366078
vn 0.930584 0.000000 -0.366078
vn 0.930584 0.000000 -0.366078
vn 0.930584 0.000000 -0.366078
vn -0.888227 0.000000 0.459405
vn -0.888227 0.000000 0.459405
vn -0.888227 0.000000 0.459405
vn -0.888227 0.000000 0.459405
vn -0.852601 0.000000 0.522563
vn -0.852601 0.000000 0.522563
vn -0.852601 0.000000 0.522563
vn -0.852601 0.000000 0.522563
vn -0.990830 0.000000 0.135113
vn -0.990830 0.000000 0.135113
vn -0.990830 0.000000 0.135113
vn -0.990830 0.000000 0.135113
vn -0.364167 0.000000 -0.931334
vn -0.364167 0.000000 -0.931334
vn -0.364167 0.000000 -0.931334
vn -0.364167 0.000000 -0.931334
vn -0.704893 0.000000 0.709313
vn -0.704893 0.000000 0.709313
vn -0.704893 0.000000 0.709313
vn -0.704893 0.000000 0.709313
vn 0.000000 0.000000 -1.000000
vn 0.000000 0.000000 -1.000000
vn 0.000000 0.000000 -1.000000
vn 0.000000 0.000000 -1.000000
vn -0.930222 0.000000 -0.366998
vn -0.930222 0.000000 -0.366998
vn -0.930222 0.000000 -0.366998
vn -0.930222 0.000000 -0.366998
vn 0.000000 0.000000 -1.000000
vn 0.000000 0.000000 -1.000000
vn 0.000000 0.000000 -1.000000
vn 0.000000 0.000000 -1.000000
vn 0.953583 0.000000 0.301132
vn 0.953583 0.000000 0.301132
vn 0.953583 0.000000 0.301132
vn 0.953583 0.000000 0.301132
vn 0.852589 0.000000 0.522582
vn 0.852589 0.000000 0.522582
vn 0.852589 0.000000 0.522582
vn 0.852589 0.000000 0.522582
vn 0.852608 0.000000 0.522552
vn 0.852608 0.000000 0.522552
vn 0.852608 0.000000 0.522552
vn 0.852608 0.000000 0.522552
vn 0.852597 0.000000 0.522569
vn 0.852597 0.000000 0.522569
vn 0.852597 0.000000 0.522569
vn 0.852597 0.000000 0.522569
vn -0.994694 0.000000 0.102879
vn -0.994694 0.000000 0.102879
vn -0.994694 0.000000 0.102879
vn -0.994694 0.000000 0.102879
vn 0.953584 0.000000 0.301126
vn 0.953584 0.000000 0.301126
vn 0.953584 0.000000 0.301126
vn 0.953584 0.000000 0.301126
vn 0.953570 0.000000 0.301172
vn 0.953570 0.000000 0.301172
vn 0.953570 0.000000 0.301172
vn 0.953570 0.000000 0.301172
vn -0.987683 0.000000 0.156469
vn -0.987683 0.000000 0.156469
vn -0.987683 0.000000 0.156469
vn -0.987683 0.000000 0.156469
vn -0.541788 0.000000 0.840515
vn -0.541788 0.000000 0.840515
vn -0.541788 0.000000 0.840515
vn -0.541788 0.000000 0.840515
vn -0.943436 0.000000 0.331554
vn -0.943436 0.000000 0.331554
vn -0.943436 0.000000 0.331554
vn -0.943436 0.000000 0.331554
vn -0.919145 0.000000 0.393919
vn -0.919145 0.000000 0.393919
vn -0.919145 0.000000 0.393919
vn -0.919145 0.000000 0.393919
vn -0.976744 0.000000 0.214407
vn -0.976744 0.000000 0.214407
vn -0.976744 0.000000 0.214407
vn -0.976744 0.000000 0.214407
vn -0.991668 0.000000 -0.128820
vn -0.991668 0.000000 -0.128820
vn -0.991668 0.000000 -0.128820
vn -0.991668 0.000000 -0.128820
vn -0.617822 0.000000 0.786318
vn -0.617822 0.000000 0.786318
vn -0.617822 0.000000 0.786318
vn -0.617822 0.000000 0.786318
vn 0.291785 0.000000 0.956484
vn 0.291785 0.000000 0.956484
vn 0.291785 0.000000 0.956484
vn 0.291785 0.000000 0.956484
vn -0.187393 0.000000 0.982285
vn -0.187393 0.000000 0.982285
vn -0.187393 0.000000 0.982285
vn -0.187393 0.000000 0.982285
vn -0.903942 0.000000 0.427656
vn -0.903942 0.000000 0.427656
vn -0.903942 0.000000 0.427656
vn -0.903942 0.000000 0.427656
vn -0.996428 0.000000 0.084449
vn -0.996428 0.000000 0.084449
vn -0.996428 0.000000 0.084449
vn -0.996428 0.000000 0.084449
vn -0.645942 0.000000 0.763386
vn -0.645942 0.000000 0.763386
vn -0.645942 0.000000 0.763386
vn -0.645942 0.000000 0.763386
vn 0.284971 0.000000 0.958536
vn 0.284971 0.000000 0.958536
vn 0.284971 0.000000 0.958536
vn 0.284971 0.000000 0.958536
vn -0.554701 0.000000 0.832050
vn -0.554701 0.000000 0.832050
vn -0.554701 0.000000 0.832050
vn -0.554701 0.000000 0.832050
vn -0.338719 0.000000 0.940887
vn -0.338719 0.000000 0.940887
vn -0.338719 0.000000 0.940887
vn -0.338719 0.000000 0.940887
vn -0.932005 0.000000 0.362446
vn -0.932005 0.000000 0.362446
vn -0.932005 0.000000 0.362446
vn -0.932005 0.000000 0.362446
vn -0.871577 0.000000 0.490258
vn -0.871577 0.000000 0.490258
vn -0.871577 0.000000 0.490258
vn -0.871577 0.000000 0.490258
vn -0.970143 0.000000 0.242536
vn -0.970143 0.000000 0.242536
vn -0.970143 0.000000 0.242536
vn -0.970143 0.000000 0.242536
vn -0.970138 0.000000 0.242555
vn -0.970138 0.000000 0.242555
vn -0.970138 0.000000 0.242555
vn -0.970138 0.000000 0.242555
vn -0.982171 0.000000 -0.187991
vn -0.982171 0.000000 -0.187991
vn -0.982171 0.000000 -0.187991
vn -0.982171 0.000000 -0.187991
vn -0.871572 0.000000 0.490268
vn -0.871572 0.000000 0.490268
vn -0.871572 0.000000 0.490268
vn -0.871572 0.000000 0.490268
vn -0.904821 0.000000 0.425793
vn -0.904821 0.000000 0.425793
vn -0.904821 0.000000 0.425793
vn -0.904821 0.000000 0.425793
vn -0.927715 0.000000 0.373289
vn -0.927715 0.000000 0.373289
vn -0.927715 0.000000 0.373289
vn -0.927715 0.000000 0.373289
vn -0.962450 0.000000 0.271460
vn -0.962450 0.000000 0.271460
vn -0.962450 0.000000 0.271460
vn -0.962450 0.000000 0.271460
vn -0.943470 0.000000 0.331458
vn -0.943470 0.000000 0.331458
vn -0.943470 0.000000 0.331458
vn -0.943470 0.000000 0.331458
vn 0.617822 0.000000 0.786318
vn 0.617822 0.000000 0.786318
vn 0.617822 0.000000 0.786318
vn 0.617822 0.000000 0.786318
vn 0.160678 0.000000 0.987007
vn 0.160678 0.000000 0.987007
vn 0.160678 0.000000 0.987007
vn 0.160678 0.000000 0.987007
vn 0.160674 0.000000 0.987008
vn 0.160674 0.000000 0.987008
vn 0.160674 0.000000 0.987008
vn 0.160674 0.000000 0.987008
vn 0.457944 0.000000 -0.888981
vn 0.457944 0.000000 -0.888981
vn 0.457944 0.000000 -0.888981
vn 0.457944 0.000000 -0.888981
vn 0.348216 0.000000 -0.937414
vn 0.348216 0.000000 -0.937414
vn 0.348216 0.000000 -0.937414
vn 0.348216 0.000000 -0.937414
vn 0.457959 0.000000 -0.888973
vn 0.457959 0.000000 -0.888973
vn 0.457959 0.000000 -0.888973
vn 0.457959 0.000000 -0.888973
vn 0.348184 0.000000 -0.937426
vn 0.348184 0.000000 -0.937426
vn 0.348184 0.000000 -0.937426
vn 0.348184 0.000000 -0.937426
vn 0.809942 0.000000 -0.586510
vn 0.809942 0.000000 -0.586510
vn 0.809942 0.000000 -0.586510
vn 0.809942 0.000000 -0.586510
vn 0.998969 0.000000 -0.045408
vn 0.998969 0.000000 -0.045408
vn 0.998969 0.000000 -0.045408
vn 0.998969 0.000000 -0.045408
vn 0.734804 0.000000 -0.678280
vn 0.734804 0.000000 -0.678280
vn 0.734804 0.000000 -0.678280
vn 0.734804 0.000000 -0.678280
vn 0.999593 0.000000 -0.028546
vn 0.999593 0.000000 -0.028546
vn 0.999593 0.000000 -0.028546
vn 0.999593 0.000000 -0.028546
vn 0.999591 0.000000 -0.028589
vn 0.999591 0.000000 -0.028589
vn 0.999591 0.000000 -0.028589
vn 0.999591 0.000000 -0.028589
vn 0.988476 0.000000 0.151382
vn 0.988476 0.000000 0.151382
vn 0.988476 0.000000 0.151382
vn 0.988476 0.000000 0.151382
vn 0.943456 0.000000 0.331498
vn 0.943456 0.000000 0.331498
vn 0.943456 0.000000 0.331498
vn 0.943456 0.000000 0.331498
vn 0.948750 0.000000 0.316028
vn 0.948750 0.000000 0.316028
vn 0.948750 0.000000 0.316028
vn 0.948750 0.000000 0.316028
vn 0.953579 0.000000 0.301144
vn 0.953579 0.000000 0.301144
vn 0.953579 0.000000 0.301144
vn 0.953579 0.000000 0.301144
vn 0.950689 0.000000 0.310144
vn 0.950689 0.000000 0.310144
vn 0.950689 0.000000 0.310144
vn 0.950689 0.000000 0.310144
vn 0.872204 0.000000 0.489142
vn 0.872204 0.000000 0.489142
vn 0.872204 0.000000 0.489142
vn 0.872204 0.000000 0.489142
vn 0.888839 0.000000 0.458219
vn 0.888839 0.000000 0.458219
vn 0.888839 0.000000 0.458219
vn 0.888839 0.000000 0.458219
vn 0.878362 0.000000 0.477996
vn 0.878362 0.000000 0.477996
vn 0.878362 0.000000 0.477996
vn 0.878362 0.000000 0.477996
vn 0.657948 0.000000 0.753064
vn 0.657948 0.000000 0.753064
vn 0.657948 0.000000 0.753064
vn 0.657948 0.000000 0.753064
vn 0.648443 0.000000 0.761263
vn 0.648443 0.000000 0.761263
vn 0.648443 0.000000 0.761263
vn 0.648443 0.000000 0.761263
vn 0.648471 0.000000 0.761239
vn 0.648471 0.000000 0.761239
vn 0.648471 0.000000 0.761239
vn 0.648471 0.000000 0.761239
vn 0.648498 0.000000 0.761217
vn 0.648498 0.000000 0.761217
vn 0.648498 0.000000 0.761217
vn 0.648498 0.000000 0.761217
vn 0.648435 0.000000 0.761270
vn 0.648435 0.000000 0.761270
vn 0.648435 0.000000 0.761270
vn 0.648435 0.000000 0.761270
vn 0.648516 0.000000 0.761201
vn 0.648516 0.000000 0.761201
vn 0.648516 0.000000 0.761201
vn 0.648516 0.000000 0.761201
vn 0.056856 0.000000 0.998382
vn 0.056856 0.000000 0.998382
vn 0.056856 0.000000 0.998382
vn 0.056856 0.000000 0.998382
vn 0.281540 0.000000 0.959550
vn 0.281540 0.000000 0.959550
vn 0.281540 0.000000 0.959550
vn 0.281540 0.000000 0.959550
vn 0.554712 0.000000 -0.832042
vn 0.554712 0.000000 -0.832042
vn 0.554712 0.000000 -0.832042
vn 0.554712 0.000000 -0.832042
vn 0.555679 0.000000 -0.831397
vn 0.555679 0.000000 -0.831397
vn 0.555679 0.000000 -0.831397
vn 0.555679 0.000000 -0.831397
vn 0.586258 0.000000 -0.810125
vn 0.586258 0.000000 -0.810125
vn 0.586258 0.000000 -0.810125
vn 0.586258 0.000000 -0.810125
vn 0.555658 0.000000 -0.831411
vn 0.555658 0.000000 -0.831411
vn 0.555658 0.000000 -0.831411
vn 0.555658 0.000000 -0.831411
vn 0.552222 0.000000 -0.833697
vn 0.552222 0.000000 -0.833697
vn 0.552222 0.000000 -0.833697
vn 0.552222 0.000000 -0.833697
vn 0.586400 0.000000 -0.810022
vn 0.586400 0.000000 -0.810022
vn 0.586400 0.000000 -0.810022
vn 0.586400 0.000000 -0.810022
vn 0.586487 0.000000 -0.809959
vn 0.586487 0.000000 -0.809959
vn 0.586487 0.000000 -0.809959
vn 0.586487 0.000000 -0.809959
vn 0.586575 0.000000 -0.809895
vn 0.586575 0.000000 -0.809895
vn 0.586575 0.000000 -0.809895
vn 0.586575 0.000000 -0.809895
vn 0.586469 0.000000 -0.809972
vn 0.586469 0.000000 -0.809972
vn 0.586469 0.000000 -0.809972
vn 0.586469 0.000000 -0.809972
vn 0.586549 0.000000 -0.809914
vn 0.586549 0.000000 -0.809914
vn 0.586549 0.000000 -0.809914
vn 0.586549 0.000000 -0.809914
vn 0.586555 0.000000 -0.809909
vn 0.586555 0.000000 -0.809909
vn 0.586555 0.000000 -0.809909
vn 0.586555 0.000000 -0.809909
vn 0.591397 0.000000 -0.806381
vn 0.591397 0.000000 -0.806381
vn 0.591397 0.000000 -0.806381
vn 0.591397 0.000000 -0.806381
vn 0.581825 0.000000 -0.813314
vn 0.581825 0.000000 -0.813314
vn 0.581825 0.000000 -0.813314
vn 0.581825 0.000000 -0.813314
vn 0.188369 0.000000 -0.982098
vn 0.188369 0.000000 -0.982098
vn 0.188369 0.000000 -0.982098
vn 0.188369 0.000000 -0.982098
vn 0.427676 0.000000 -0.903932
vn 0.427676 0.000000 -0.903932
vn 0.427676 0.000000 -0.903932
vn 0.427676 0.000000 -0.903932
vn 0.419656 0.000000 -0.907683
vn 0.419656 0.000000 -0.907683
vn 0.419656 0.000000 -0.907683
vn 0.419656 0.000000 -0.907683
vn 0.000000 0.000000 -1.000000
vn 0.000000 0.000000 -1.000000
vn 0.000000 0.000000 -1.000000
vn 0.000000 0.000000 -1.000000
vn 0.093094 0.000000 -0.995657
vn 0.093094 0.000000 -0.995657
vn 0.093094 0.000000 -0.995657
vn 0.093094 0.000000 -0.995657
vn -0.067307 0.000000 -0.997732
vn -0.067307 0.000000 -0.997732
vn -0.067307 0.000000 -0.997732
vn -0.067307 0.000000 -0.997732
vn -0.135120 0.000000 -0.990829
vn -0.135120 0.000000 -0.990829
vn -0.135120 0.000000 -0.990829
vn -0.135120 0.000000 -0.990829
vn 0.734802 0.000000 -0.678282
vn 0.734802 0.000000 -0.678282
vn 0.734802 0.000000 -0.678282
vn 0.734802 0.000000 -0.678282
vn 0.734806 0.000000 -0.678277
vn 0.734806 0.000000 -0.678277
vn 0.734806 0.000000 -0.678277
vn 0.734806 0.000000 -0.678277
vn 1.000000 0.000000 0.000000
vn 1.000000 0.000000 0.000000
vn 1.000000 0.000000 0.000000
vn 1.000000 0.000000 0.000000
vn 0.425789 0.000000 -0.904823
vn 0.425789 0.000000 -0.904823
vn 0.425789 0.000000 -0.904823
vn 0.425789 0.000000 -0.904823
vn 0.425830 0.000000 -0.904803
vn 0.425830 0.000000 -0.904803
vn 0.425830 0.000000 -0.904803
vn 0.425830 0.000000 -0.904803
vn 0.425796 0.000000 -0.904819
vn 0.425796 0.000000 -0.904819
vn 0.425796 0.000000 -0.904819
vn 0.425796 0.000000 -0.904819
vn 0.187102 0.000000 -0.982341
vn 0.187102 0.000000 -0.982341
vn 0.187102 0.000000 -0.982341
vn 0.187102 0.000000 -0.982341
vn 0.187113 0.000000 -0.982338
vn 0.187113 0.000000 -0.982338
vn 0.187113 0.000000 -0.982338
vn 0.187113 0.000000 -0.982338
vn 0.458084 0.000000 -0.888909
vn 0.458084 0.000000 -0.888909
vn 0.458084 0.000000 -0.888909
vn 0.458084 0.000000 -0.888909
vn 0.271463 0.000000 -0.962449
vn 0.271463 0.000000 -0.962449
vn 0.271463 0.000000 -0.962449
vn 0.271463 0.000000 -0.962449
vn 0.271459 0.000000 -0.962450
vn 0.271459 0.000000 -0.962450
vn 0.271459 0.000000 -0.962450
vn 0.271459 0.000000 -0.962450
vn 0.522559 0.000000 -0.852603
vn 0.522559 0.000000 -0.852603
vn 0.522559 0.000000 -0.852603
vn 0.522559 0.000000 -0.852603
vn 0.187117 0.000000 -0.982338
vn 0.187117 0.000000 -0.982338
vn 0.187117 0.000000 -0.982338
vn 0.187117 0.000000 -0.982338
vn 0.522565 0.000000 0.852600
vn 0.522565 0.000000 0.852600
vn 0.522565 0.000000 0.852600
vn 0.522565 0.000000 0.852600
vn 0.522563 0.000000 0.852601
vn 0.522563 0.000000 0.852601
vn 0.522563 0.000000 0.852601
vn 0.522563 0.000000 0.852601
vn -0.135134 0.000000 -0.990827
vn -0.135134 0.000000 -0.990827
vn -0.135134 0.000000 -0.990827
vn -0.135134 0.000000 -0.990827
vn -0.135054 0.000000 -0.990838
vn -0.135054 0.000000 -0.990838
vn -0.135054 0.000000 -0.990838
vn -0.135054 0.000000 -0.990838
vn -0.089270 0.000000 -0.996008
vn -0.089270 0.000000 -0.996008
vn -0.089270 0.000000 -0.996008
vn -0.089270 0.000000 -0.996008
vn -0.043431 0.000000 -0.999056
vn -0.043431 0.000000 -0.999056
vn -0.043431 0.000000 -0.999056
vn -0.043431 0.000000 -0.999056
vn 0.904819 0.000000 -0.425797
vn 0.904819 0.000000 -0.425797
vn 0.904819 0.000000 -0.425797
vn 0.904819 0.000000 -0.425797
vn 0.994505 0.000000 0.104692
vn 0.994505 0.000000 0.104692
vn 0.994505 0.000000 0.104692
vn 0.994505 0.000000 0.104692
vn 0.994506 0.000000 0.104678
vn 0.994506 0.000000 0.104678
vn 0.994506 0.000000 0.104678
vn 0.994506 0.000000 0.104678
vn 0.331488 0.000000 0.943460
vn 0.331488 0.000000 0.943460
vn 0.331488 0.000000 0.943460
vn 0.331488 0.000000 0.943460
vn 0.997785 0.000000 -0.066516
vn 0.997785 0.000000 -0.066516
vn 0.997785 0.000000 -0.066516
vn 0.997785 0.000000 -0.066516
vn 0.999635 0.000000 -0.027017
vn 0.999635 0.000000 -0.027017
vn 0.999635 0.000000 -0.027017
vn 0.999635 0.000000 -0.027017
vn 0.997785 0.000000 -0.066520
vn 0.997785 0.000000 -0.066520
vn 0.997785 0.000000 -0.066520
vn 0.997785 0.000000 -0.066520
vn -0.746275 0.000000 0.665637
vn -0.746275 0.000000 0.665637
vn -0.746275 0.000000 0.665637
vn -0.746275 0.000000 0.665637
vn -0.335595 0.000000 0.942007
vn -0.335595 0.000000 0.942007
vn -0.335595 0.000000 0.942007
vn -0.335595 0.000000 0.942007
vn -0.189300 0.000000 0.981919
vn -0.189300 0.000000 0.981919
vn -0.189300 0.000000 0.981919
vn -0.189300 0.000000 0.981919
vn -0.579261 0.000000 0.815143
vn -0.579261 0.000000 0.815143
vn -0.579261 0.000000 0.815143
vn -0.579261 0.000000 0.815143
vn -0.751798 0.000000 0.659394
vn -0.751798 0.000000 0.659394
vn -0.751798 0.000000 0.659394
vn -0.751798 0.000000 0.659394
vn -0.521256 0.000000 0.853401
vn -0.521256 0.000000 0.853401
vn -0.521256 0.000000 0.853401
vn -0.521256 0.000000 0.853401
vn -0.886995 0.000000 0.461778
vn -0.886995 0.000000 0.461778
vn -0.886995 0.000000 0.461778
vn -0.886995 0.000000 0.461778
vn -0.760442 0.000000 0.649406
vn -0.760442 0.000000 0.649406
vn -0.760442 0.000000 0.649406
vn -0.760442 0.000000 0.649406
vn -0.787166 0.000000 0.616741
vn -0.787166 0.000000 0.616741
vn -0.787166 0.000000 0.616741
vn -0.787166 0.000000 0.616741
vn 0.554700 0.000000 -0.832050
vn 0.554700 0.000000 -0.832050
vn 0.554700 0.000000 -0.832050
vn 0.554700 0.000000 -0.832050
vn 0.617822 0.000000 -0.786318
vn 0.617822 0.000000 -0.786318
vn 0.617822 0.000000 -0.786318
vn 0.617822 0.000000 -0.786318
vn 0.648466 0.000000 -0.761243
vn 0.648466 0.000000 -0.761243
vn 0.648466 0.000000 -0.761243
vn 0.648466 0.000000 -0.761243
vn -0.257661 0.000000 0.966236
vn -0.257661 0.000000 0.966236
vn -0.257661 0.000000 0.966236
vn -0.257661 0.000000 0.966236
vn -0.294448 0.000000 0.955668
vn -0.294448 0.000000 0.955668
vn -0.294448 0.000000 0.955668
vn -0.294448 0.000000 0.955668
vn 0.953583 0.000000 0.301129
vn 0.953583 0.000000 0.301129
vn 0.953583 0.000000 0.301129
vn 0.953583 0.000000 0.301129
vn 0.982338 0.000000 0.187113
vn 0.982338 0.000000 0.187113
vn 0.982338 0.000000 0.187113
vn 0.982338 0.000000 0.187113
vn 0.998969 0.000000 -0.045408
vn 0.998969 0.000000 -0.045408
vn 0.998969 0.000000 -0.045408
vn 0.998969 0.000000 -0.045408
vn 0.852601 0.000000 -0.522562
vn 0.852601 0.000000 -0.522562
vn 0.852601 0.000000 -0.522562
vn 0.852601 0.000000 -0.522562
vn 0.809942 0.000000 -0.586510
vn 0.809942 0.000000 -0.586510
vn 0.809942 0.000000 -0.586510
vn 0.809942 0.000000 -0.586510
vn -0.871808 0.000000 0.489848
vn -0.871808 0.000000 0.489848
vn -0.871808 0.000000 0.489848
vn -0.871808 0.000000 0.489848
vn -0.722270 0.000000 0.691611
vn -0.722270 0.000000 0.691611
vn -0.722270 0.000000 0.691611
vn -0.722270 0.000000 0.691611
vn -0.993418 0.000000 0.114548
vn -0.993418 0.000000 0.114548
vn -0.993418 0.000000 0.114548
vn -0.993418 0.000000 0.114548
vn -0.984272 0.000000 0.176662
vn -0.984272 0.000000 0.176662
vn -0.984272 0.000000 0.176662
vn -0.984272 0.000000 0.176662
vn -0.996729 0.000000 0.080818
vn -0.996729 0.000000 0.080818
vn -0.996729 0.000000 0.080818
vn -0.996729 0.000000 0.080818
vn 0.316229 0.000000 -0.948683
vn 0.316229 0.000000 -0.948683
vn 0.316229 0.000000 -0.948683
vn 0.316229 0.000000 -0.948683
vn -0.786318 0.000000 0.617821
vn -0.786318 0.000000 0.617821
vn -0.786318 0.000000 0.617821
vn -0.786318 0.000000 0.617821
vn 0.734804 0.000000 -0.678280
vn 0.734804 0.000000 -0.678280
vn 0.734804 0.000000 -0.678280
vn 0.734804 0.000000 -0.678280
vn 0.522563 0.000000 -0.852601
vn 0.522563 0.000000 -0.852601
vn 0.522563 0.000000 -0.852601
vn 0.522563 0.000000 -0.852601
vn 0.465727 0.000000 -0.884928
vn 0.465727 0.000000 -0.884928
vn 0.465727 0.000000 -0.884928
vn 0.465727 0.000000 -0.884928
vn 0.457579 0.000000 -0.889169
vn 0.457579 0.000000 -0.889169
vn 0.457579 0.000000 -0.889169
vn 0.457579 0.000000 -0.889169
vn 0.586509 0.000000 -0.809943
vn 0.586509 0.000000 -0.809943
vn 0.586509 0.000000 -0.809943
vn 0.586509 0.000000 -0.809943
vn 0.425797 0.000000 -0.904818
vn 0.425797 0.000000 -0.904818
vn 0.425797 0.000000 -0.904818
vn 0.425797 0.000000 -0.904818
vn -0.554700 0.000000 0.832051
vn -0.554700 0.000000 0.832051
vn -0.554700 0.000000 0.832051
vn -0.554700 0.000000 0.832051
vn -0.992646 0.000000 -0.121053
vn -0.992646 0.000000 -0.121053
vn -0.992646 0.000000 -0.121053
vn -0.992646 0.000000 -0.121053
vn -0.984271 0.000000 0.176663
vn -0.984271 0.000000 0.176663
vn -0.984271 0.000000 0.176663
vn -0.984271 0.000000 0.176663
vn -0.852601 0.000000 -0.522562
vn -0.852601 0.000000 -0.522562
vn -0.852601 0.000000 -0.522562
vn -0.852601 0.000000 -0.522562
vn -0.955064 0.000000 0.296399
vn -0.955064 0.000000 0.296399
vn -0.955064 0.000000 0.296399
vn -0.955064 0.000000 0.296399
vn -0.943461 0.000000 -0.331484
vn -0.943461 0.000000 -0.331484
vn -0.943461 0.000000 -0.331484
vn -0.943461 0.000000 -0.331484
vn -0.986394 0.000000 -0.164399
vn -0.986394 0.000000 -0.164399
vn -0.986394 0.000000 -0.164399
vn -0.986394 0.000000 -0.164399
vn -0.948721 0.000000 -0.316114
vn -0.948721 0.000000 -0.316114
vn -0.948721 0.000000 -0.316114
vn -0.948721 0.000000 -0.316114
vn -1.000000 0.000000 -0.000001
vn -1.000000 0.000000 -0.000001
vn -1.000000 0.000000 -0.000001
vn -1.000000 0.000000 -0.000001
vn -0.997299 0.000000 0.073446
vn -0.997299 0.000000 0.073446
vn -0.997299 0.000000 0.073446
vn -0.997299 0.000000 0.073446
vn -0.968289 0.000000 -0.249832
vn -0.968289 0.000000 -0.249832
vn -0.968289 0.000000 -0.249832
vn -0.968289 0.000000 -0.249832
vn -0.852614 0.000000 -0.522542
vn -0.852614 0.000000 -0.522542
vn -0.852614 0.000000 -0.522542
vn -0.852614 0.000000 -0.522542
vn -0.858479 0.000000 -0.512849
vn -0.858479 0.000000 -0.512849
vn -0.858479 0.000000 -0.512849
vn -0.858479 0.000000 -0.512849
vn -0.786316 0.000000 0.617824
vn -0.786316 0.000000 0.617824
vn -0.786316 0.000000 0.617824
vn -0.786316 0.000000 0.617824
vn 0.131414 0.000000 0.991328
vn 0.131414 0.000000 0.991328
vn 0.131414 0.000000 0.991328
vn 0.131414 0.000000 0.991328
vn -0.700437 0.000000 0.713714
vn -0.700437 0.000000 0.713714
vn -0.700437 0.000000 0.713714
vn -0.700437 0.000000 0.713714
vn -0.522562 0.000000 0.852601
vn -0.522562 0.000000 0.852601
vn -0.522562 0.000000 0.852601
vn -0.522562 0.000000 0.852601
vn -0.761243 0.000000 0.648467
vn -0.761243 0.000000 0.648467
vn -0.761243 0.000000 0.648467
vn -0.761243 0.000000 0.648467
vn -0.903418 0.000000 0.428760
vn -0.903418 0.000000 0.428760
vn -0.903418 0.000000 0.428760
vn -0.903418 0.000000 0.428760
vn -0.708714 0.000000 0.705496
vn -0.708714 0.000000 0.705496
vn -0.708714 0.000000 0.705496
vn -0.708714 0.000000 0.705496
vn -0.863692 0.000000 0.504020
vn -0.863692 0.000000 0.504020
vn -0.863692 0.000000 0.504020
vn -0.863692 0.000000 0.504020
vn -0.369720 0.000000 0.929143
vn -0.369720 0.000000 0.929143
vn -0.369720 0.000000 0.929143
vn -0.369720 0.000000 0.929143
vn -0.840547 0.000000 0.541739
vn -0.840547 0.000000 0.541739
vn -0.840547 0.000000 0.541739
vn -0.840547 0.000000 0.541739
vn -0.809008 0.000000 0.587798
vn -0.809008 0.000000 0.587798
vn -0.809008 0.000000 0.587798
vn -0.809008 0.000000 0.587798
vn -0.809942 0.000000 0.586510
vn -0.809942 0.000000 0.586510
vn -0.809942 0.000000 0.586510
vn -0.809942 0.000000 0.586510
vn -0.707107 0.000000 0.707107
vn -0.707107 0.000000 0.707107
vn -0.707107 0.000000 0.707107
vn -0.707107 0.000000 0.707107
vn -0.648467 0.000000 0.761243
vn -0.648467 0.000000 0.761243
vn -0.648467 0.000000 0.761243
vn -0.648467 0.000000 0.761243
vn -0.586508 0.000000 0.809944
vn -0.586508 0.000000 0.809944
vn -0.586508 0.000000 0.809944
vn -0.586508 0.000000 0.809944
vn -0.852602 0.000000 0.522562
vn -0.852602 0.000000 0.522562
vn -0.852602 0.000000 0.522562
vn -0.852602 0.000000 0.522562
vn -0.678282 0.000000 0.734802
vn -0.678282 0.000000 0.734802
vn -0.678282 0.000000 0.734802
vn -0.678282 0.000000 0.734802
vn -0.620040 0.000000 -0.784570
vn -0.620040 0.000000 -0.784570
vn -0.620040 0.000000 -0.784570
vn -0.620040 0.000000 -0.784570
vn -0.702574 0.000000 0.711611
vn -0.702574 0.000000 0.711611
vn -0.702574 0.000000 0.711611
vn -0.702574 0.000000 0.711611
vn -0.792232 0.000000 0.610221
vn -0.792232 0.000000 0.610221
vn -0.792232 0.000000 0.610221
vn -0.792232 0.000000 0.610221
vn -0.754868 0.000000 0.655877
vn -0.754868 0.000000 0.655877
vn -0.754868 0.000000 0.655877
vn -0.754868 0.000000 0.655877
vn 0.434062 0.000000 -0.900883
vn 0.434062 0.000000 -0.900883
vn 0.434062 0.000000 -0.900883
vn 0.434062 0.000000 -0.900883
vn 0.272187 0.000000 -0.962244
vn 0.272187 0.000000 -0.962244
vn 0.272187 0.000000 -0.962244
vn 0.272187 0.000000 -0.962244
vn -0.219929 0.000000 0.975516
vn -0.219929 0.000000 0.975516
vn -0.219929 0.000000 0.975516
vn -0.219929 0.000000 0.975516
vn -0.130805 0.000000 0.991408
vn -0.130805 0.000000 0.991408
vn -0.130805 0.000000 0.991408
vn -0.130805 0.000000 0.991408
vn 0.129099 0.000000 -0.991632
vn 0.129099 0.000000 -0.991632
vn 0.129099 0.000000 -0.991632
vn 0.129099 0.000000 -0.991632
vn -0.455859 0.000000 -0.890052
vn -0.455859 0.000000 -0.890052
vn -0.455859 0.000000 -0.890052
vn -0.455859 0.000000 -0.890052
vn -0.888974 0.000000 0.457957
vn -0.888974 0.000000 0.457957
vn -0.888974 0.000000 0.457957
vn -0.888974 0.000000 0.457957
vn 0.110420 0.000000 0.993885
vn 0.110420 0.000000 0.993885
vn 0.110420 0.000000 0.993885
vn 0.110420 0.000000 0.993885
vn -0.133493 0.000000 0.991050
vn -0.133493 0.000000 0.991050
vn -0.133493 0.000000 0.991050
vn -0.133493 0.000000 0.991050
vn 0.235725 0.000000 0.971820
vn 0.235725 0.000000 0.971820
vn 0.235725 0.000000 0.971820
vn 0.235725 0.000000 0.971820
vn -0.480940 0.000000 -0.876753
vn -0.480940 0.000000 -0.876753
vn -0.480940 0.000000 -0.876753
vn -0.480940 0.000000 -0.876753
vn -0.676222 0.000000 0.736698
vn -0.676222 0.000000 0.736698
vn -0.676222 0.000000 0.736698
vn -0.676222 0.000000 0.736698
vn -0.213731 0.000000 0.976893
vn -0.213731 0.000000 0.976893
vn -0.213731 0.000000 0.976893
vn -0.213731 0.000000 0.976893
vn -0.948683 0.000000 0.316228
vn -0.948683 0.000000 0.316228
vn -0.948683 0.000000 0.316228
vn -0.948683 0.000000 0.316228
vn -0.970642 0.000000 0.240530
vn -0.970642 0.000000 0.240530
vn -0.970642 0.000000 0.240530
vn -0.970642 0.000000 0.240530
vn 0.245078 0.000000 -0.969503
vn 0.245078 0.000000 -0.969503
vn 0.245078 0.000000 -0.969503
vn 0.245078 0.000000 -0.969503
vn -0.854253 0.000000 0.519858
vn -0.854253 0.000000 0.519858
vn -0.854253 0.000000 0.519858
vn -0.854253 0.000000 0.519858
vn 0.038181 0.000000 -0.999271
vn 0.038181 0.000000 -0.999271
vn 0.038181 0.000000 -0.999271
vn 0.038181 0.000000 -0.999271
vn 0.041942 0.000000 -0.999120
vn 0.041942 0.000000 -0.999120
vn 0.041942 0.000000 -0.999120
vn 0.041942 0.000000 -0.999120
vn -0.948683 0.000000 0.316228
vn -0.948683 0.000000 0.316228
vn -0.948683 0.000000 0.316228
vn -0.948683 0.000000 0.316228
vn -0.888974 0.000000 0.457957
vn -0.888974 0.000000 0.457957
vn -0.888974 0.000000 0.457957
vn -0.888974 0.000000 0.457957
vn -0.786319 0.000000 0.617821
vn -0.786319 0.000000 0.617821
vn -0.786319 0.000000 0.617821
vn -0.786319 0.000000 0.617821
vn -0.532232 0.000000 0.846598
vn -0.532232 0.000000 0.846598
vn -0.532232 0.000000 0.846598
vn -0.532232 0.000000 0.846598
vn -0.707107 0.000000 0.707107
vn -0.707107 0.000000 0.707107
vn -0.707107 0.000000 0.707107
vn -0.707107 0.000000 0.707107
vn 0.997575 0.000000 0.069599
vn 0.997575 0.000000 0.069599
vn 0.997575 0.000000 0.069599
vn 0.997575 0.000000 0.069599
vn 0.999929 0.000000 -0.011946
vn 0.999929 0.000000 -0.011946
vn 0.999929 0.000000 -0.011946
vn 0.999929 0.000000 -0.011946
vn -0.551296 0.000000 0.834310
vn -0.551296 0.000000 0.834310
vn -0.551296 0.000000 0.834310
vn -0.551296 0.000000 0.834310
vn 0.214379 0.000000 0.976751
vn 0.214379 0.000000 0.976751
vn 0.214379 0.000000 0.976751
vn 0.214379 0.000000 0.976751
vn -0.870059 0.000000 0.492947
vn -0.870059 0.000000 0.492947
vn -0.870059 0.000000 0.492947
vn -0.870059 0.000000 0.492947
vn -0.991960 0.000000 0.126554
vn -0.991960 0.000000 0.126554
vn -0.991960 0.000000 0.126554
vn -0.991960 0.000000 0.126554
vn -0.776440 0.000000 0.630191
vn -0.776440 0.000000 0.630191
vn -0.776440 0.000000 0.630191
vn -0.776440 0.000000 0.630191
vn -0.997178 0.000000 -0.075072
vn -0.997178 0.000000 -0.075072
vn -0.997178 0.000000 -0.075072
vn -0.997178 0.000000 -0.075072
vn 0.257676 0.000000 0.966231
vn 0.257676 0.000000 0.966231
vn 0.257676 0.000000 0.966231
vn 0.257676 0.000000 0.966231
vn 0.000000 0.000000 -1.000000
vn 0.000000 0.000000 -1.000000
vn 0.000000 0.000000 -1.000000
vn 0.000000 0.000000 -1.000000
vn 0.040021 0.000000 0.999199
vn 0.040021 0.000000 0.999199
vn 0.040021 0.000000 0.999199
vn 0.040021 0.000000 0.999199
vn 0.047460 0.000000 0.998873
vn 0.047460 0.000000 0.998873
vn 0.047460 0.000000 0.998873
vn 0.047460 0.000000 0.998873
vn -0.024378 0.000000 0.999703
vn -0.024378 0.000000 0.999703
vn -0.024378 0.000000 0.999703
vn -0.024378 0.000000 0.999703
vn 0.054215 0.000000 0.998529
vn 0.054215 0.000000 0.998529
vn 0.054215 0.000000 0.998529
vn 0.054215 0.000000 0.998529
vn -0.024383 0.000000 0.999703
vn -0.024383 0.000000 0.999703
vn -0.024383 0.000000 0.999703
vn -0.024383 0.000000 0.999703
vn 0.999197 0.000000 -0.040076
vn 0.999197 0.000000 -0.040076
vn 0.999197 0.000000 -0.040076
vn 0.999197 0.000000 -0.040076
vn 0.110416 0.000000 -0.993886
vn 0.110416 0.000000 -0.993886
vn 0.110416 0.000000 -0.993886
vn 0.110416 0.000000 -0.993886
vn 0.818016 0.000000 -0.575196
vn 0.818016 0.000000 -0.575196
vn 0.818016 0.000000 -0.575196
vn 0.818016 0.000000 -0.575196
vn -0.661799 0.000000 0.749682
vn -0.661799 0.000000 0.749682
vn -0.661799 0.000000 0.749682
vn -0.661799 0.000000 0.749682
vn 0.435208 0.000000 -0.900330
vn 0.435208 0.000000 -0.900330
vn 0.435208 0.000000 -0.900330
vn 0.435208 0.000000 -0.900330
vn -0.636722 0.000000 -0.771093
vn -0.636722 0.000000 -0.771093
vn -0.636722 0.000000 -0.771093
vn -0.636722 0.000000 -0.771093
vn 0.832442 0.000000 -0.554113
vn 0.832442 0.000000 -0.554113
vn 0.832442 0.000000 -0.554113
vn 0.832442 0.000000 -0.554113
vn -0.585244 0.000000 0.810857
vn -0.585244 0.000000 0.810857
vn -0.585244 0.000000 0.810857
vn -0.585244 0.000000 0.810857
vn -0.829459 0.000000 0.558568
vn -0.829459 0.000000 0.558568
vn -0.829459 0.000000 0.558568
vn -0.829459 0.000000 0.558568
vn 0.093645 0.000000 -0.995606
vn 0.093645 0.000000 -0.995606
vn 0.093645 0.000000 -0.995606
vn 0.093645 0.000000 -0.995606
vn -0.251087 0.000000 0.967965
vn -0.251087 0.000000 0.967965
vn -0.251087 0.000000 0.967965
vn -0.251087 0.000000 0.967965
vn 0.099499 0.000000 -0.995038
vn 0.099499 0.000000 -0.995038
vn 0.099499 0.000000 -0.995038
vn 0.099499 0.000000 -0.995038
vn -0.527098 0.000000 0.849805
vn -0.527098 0.000000 0.849805
vn -0.527098 0.000000 0.849805
vn -0.527098 0.000000 0.849805
vn -0.564679 0.000000 0.825310
vn -0.564679 0.000000 0.825310
vn -0.564679 0.000000 0.825310
vn -0.564679 0.000000 0.825310
vn -0.617821 0.000000 0.786319
vn -0.617821 0.000000 0.786319
vn -0.617821 0.000000 0.786319
vn -0.617821 0.000000 0.786319
vn -0.491082 0.000000 0.871113
vn -0.491082 0.000000 0.871113
vn -0.491082 0.000000 0.871113
vn -0.491082 0.000000 0.871113
vn -0.524442 0.000000 -0.851446
vn -0.524442 0.000000 -0.851446
vn -0.524442 0.000000 -0.851446
vn -0.524442 0.000000 -0.851446
vn -0.839570 0.000000 0.543251
vn -0.839570 0.000000 0.543251
vn -0.839570 0.000000 0.543251
vn -0.839570 0.000000 0.543251
vn -0.048720 0.000000 0.998812
vn -0.048720 0.000000 0.998812
vn -0.048720 0.000000 0.998812
vn -0.048720 0.000000 0.998812
vn 0.187106 0.000000 -0.982340
vn 0.187106 0.000000 -0.982340
vn 0.187106 0.000000 -0.982340
vn 0.187106 0.000000 -0.982340
vn 0.066518 0.000000 0.997785
vn 0.066518 0.000000 0.997785
vn 0.066518 0.000000 0.997785
vn 0.066518 0.000000 0.997785
vn -0.784057 0.000000 0.620689
vn -0.784057 0.000000 0.620689
vn -0.784057 0.000000 0.620689
vn -0.784057 0.000000 0.620689
vn 0.221394 0.000000 -0.975185
vn 0.221394 0.000000 -0.975185
vn 0.221394 0.000000 -0.975185
vn 0.221394 0.000000 -0.975185
vn 0.157099 0.000000 -0.987583
vn 0.157099 0.000000 -0.987583
vn 0.157099 0.000000 -0.987583
vn 0.157099 0.000000 -0.987583
vn 0.964324 0.000000 -0.264725
vn 0.964324 0.000000 -0.264725
vn 0.964324 0.000000 -0.264725
vn 0.964324 0.000000 -0.264725
vn -0.606093 0.000000 0.795394
vn -0.606093 0.000000 0.795394
vn -0.606093 0.000000 0.795394
vn -0.606093 0.000000 0.795394
vn -0.586517 0.000000 0.809937
vn -0.586517 0.000000 0.809937
vn -0.586517 0.000000 0.809937
vn -0.586517 0.000000 0.809937
vn 1.000000 0.000000 0.000000
vn 1.000000 0.000000 0.000000
vn 1.000000 0.000000 0.000000
vn 1.000000 0.000000 0.000000
vn 0.464009 0.000000 0.885830
vn 0.464009 0.000000 0.885830
vn 0.464009 0.000000 0.885830
vn 0.464009 0.000000 0.885830
vn -0.366524 0.000000 0.930409
vn -0.366524 0.000000 0.930409
vn -0.366524 0.000000 0.930409
vn -0.366524 0.000000 0.930409
vn -0.586501 0.000000 0.809948
vn -0.586501 0.000000 0.809948
vn -0.586501 0.000000 0.809948
vn -0.586501 0.000000 0.809948
vn 0.000000 0.000000 -1.000000
vn 0.000000 0.000000 -1.000000
vn 0.000000 0.000000 -1.000000
vn 0.000000 0.000000 -1.000000
vn -0.677846 0.000000 -0.735204
vn -0.677846 0.000000 -0.735204
vn -0.677846 0.000000 -0.735204
vn -0.677846 0.000000 -0.735204
vn -0.734696 0.000000 -0.678396
vn -0.734696 0.000000 -0.678396
vn -0.734696 0.000000 -0.678396
vn -0.734696 0.000000 -0.678396
vn -0.787870 0.000000 -0.615842
vn -0.787870 0.000000 -0.615842
vn -0.787870 0.000000 -0.615842
vn -0.787870 0.000000 -0.615842
vn -0.918507 0.000000 -0.395405
vn -0.918507 0.000000 -0.395405
vn -0.918507 0.000000 -0.395405
vn -0.918507 0.000000 -0.395405
vn -0.971025 0.000000 0.238978
vn -0.971025 0.000000 0.238978
vn -0.971025 0.000000 0.238978
vn -0.971025 0.000000 0.238978
vn -0.971043 0.000000 -0.238905
vn -0.971043 0.000000 -0.238905
vn -0.971043 0.000000 -0.238905
vn -0.971043 0.000000 -0.238905
vn -0.978786 0.000000 0.204888
vn -0.978786 0.000000 0.204888
vn -0.978786 0.000000 0.204888
vn -0.978786 0.000000 0.204888
vn -0.952788 0.000000 0.303636
vn -0.952788 0.000000 0.303636
vn -0.952788 0.000000 0.303636
vn -0.952788 0.000000 0.303636
vn -0.855207 0.000000 0.518287
vn -0.855207 0.000000 0.518287
vn -0.855207 0.000000 0.518287
vn -0.855207 0.000000 0.518287
vn -0.998752 0.000000 0.049938
vn -0.998752 0.000000 0.049938
vn -0.998752 0.000000 0.049938
vn -0.998752 0.000000 0.049938
vn -0.871575 0.000000 -0.490263
vn -0.871575 0.000000 -0.490263
vn -0.871575 0.000000 -0.490263
vn -0.871575 0.000000 -0.490263
vn -0.993884 0.000000 0.110426
vn -0.993884 0.000000 0.110426
vn -0.993884 0.000000 0.110426
vn -0.993884 0.000000 0.110426
vn -0.996779 0.000000 0.080193
vn -0.996779 0.000000 0.080193
vn -0.996779 0.000000 0.080193
vn -0.996779 0.000000 0.080193
vn -0.809944 0.000000 -0.586508
vn -0.809944 0.000000 -0.586508
vn -0.809944 0.000000 -0.586508
vn -0.809944 0.000000 -0.586508
vn -0.761243 0.000000 -0.648467
vn -0.761243 0.000000 -0.648467
vn -0.761243 0.000000 -0.648467
vn -0.761243 0.000000 -0.648467
vn -0.678279 0.000000 -0.734804
vn -0.678279 0.000000 -0.734804
vn -0.678279 0.000000 -0.734804
vn -0.678279 0.000000 -0.734804
vn -0.490261 0.000000 -0.871576
vn -0.490261 0.000000 -0.871576
vn -0.490261 0.000000 -0.871576
vn -0.490261 0.000000 -0.871576
vn -0.490267 0.000000 -0.871572
vn -0.490267 0.000000 -0.871572
vn -0.490267 0.000000 -0.871572
vn -0.490267 0.000000 -0.871572
vn 0.000000 0.000000 -1.000000
vn 0.000000 0.000000 -1.000000
vn 0.000000 0.000000 -1.000000
vn 0.000000 0.000000 -1.000000
vn -0.425797 0.000000 -0.904818
vn -0.425797 0.000000 -0.904818
vn -0.425797 0.000000 -0.904818
vn -0.425797 0.000000 -0.904818
vn -0.425797 0.000000 -0.904818
vn -0.425797 0.000000 -0.904818
vn -0.425797 0.000000 -0.904818
vn -0.425797 0.000000 -0.904818
vn -0.586509 0.000000 -0.809943
vn -0.586509 0.000000 -0.809943
vn -0.586509 0.000000 -0.809943
vn -0.586509 0.000000 -0.809943
vn 0.271460 0.000000 -0.962450
vn 0.271460 0.000000 -0.962450
vn 0.271460 0.000000 -0.962450
vn 0.271460 0.000000 -0.962450
vn -0.263117 0.000000 -0.964764
vn -0.263117 0.000000 -0.964764
vn -0.263117 0.000000 -0.964764
vn -0.263117 0.000000 -0.964764
vn 0.362447 0.000000 -0.932004
vn 0.362447 0.000000 -0.932004
vn 0.362447 0.000000 -0.932004
vn 0.362447 0.000000 -0.932004
vn -0.043441 0.000000 -0.999056
vn -0.043441 0.000000 -0.999056
vn -0.043441 0.000000 -0.999056
vn -0.043441 0.000000 -0.999056
vn 0.271464 0.000000 -0.962449
vn 0.271464 0.000000 -0.962449
vn 0.271464 0.000000 -0.962449
vn 0.271464 0.000000 -0.962449
vn 0.554700 0.000000 -0.832051
vn 0.554700 0.000000 -0.832051
vn 0.554700 0.000000 -0.832051
vn 0.554700 0.000000 -0.832051
vn 0.331485 0.000000 -0.943460
vn 0.331485 0.000000 -0.943460
vn 0.331485 0.000000 -0.943460
vn 0.331485 0.000000 -0.943460
vn 0.086629 0.000000 -0.996241
vn 0.086629 0.000000 -0.996241
vn 0.086629 0.000000 -0.996241
vn 0.086629 0.000000 -0.996241
vn -0.110432 0.000000 -0.993884
vn -0.110432 0.000000 -0.993884
vn -0.110432 0.000000 -0.993884
vn -0.110432 0.000000 -0.993884
vn 0.024385 0.000000 -0.999703
vn 0.024385 0.000000 -0.999703
vn 0.024385 0.000000 -0.999703
vn 0.024385 0.000000 -0.999703
vn 0.214407 0.000000 -0.976744
vn 0.214407 0.000000 -0.976744
vn 0.214407 0.000000 -0.976744
vn 0.214407 0.000000 -0.976744
vn 0.301146 0.000000 -0.953578
vn 0.301146 0.000000 -0.953578
vn 0.301146 0.000000 -0.953578
vn 0.301146 0.000000 -0.953578
vn 0.331485 0.000000 -0.943460
vn 0.331485 0.000000 -0.943460
vn 0.331485 0.000000 -0.943460
vn 0.331485 0.000000 -0.943460
vn 0.301118 0.000000 -0.953587
vn 0.301118 0.000000 -0.953587
vn 0.301118 0.000000 -0.953587
vn 0.301118 0.000000 -0.953587
vn 0.977803 0.000000 0.209529
vn 0.977803 0.000000 0.209529
vn 0.977803 0.000000 0.209529
vn 0.977803 0.000000 0.209529
vn 0.242533 0.000000 -0.970143
vn 0.242533 0.000000 -0.970143
vn 0.242533 0.000000 -0.970143
vn 0.242533 0.000000 -0.970143
vn 0.948683 0.000000 -0.316228
vn 0.948683 0.000000 -0.316228
vn 0.948683 0.000000 -0.316228
vn 0.948683 0.000000 -0.316228
vn 0.871576 0.000000 -0.490261
vn 0.871576 0.000000 -0.490261
vn 0.871576 0.000000 -0.490261
vn 0.871576 0.000000 -0.490261
vn 0.271462 0.000000 -0.962449
vn 0.271462 0.000000 -0.962449
vn 0.271462 0.000000 -0.962449
vn 0.271462 0.000000 -0.962449
vn -0.888974 0.000000 -0.457958
vn -0.888974 0.000000 -0.457958
vn -0.888974 0.000000 -0.457958
vn -0.888974 0.000000 -0.457958
vn -0.411949 0.000000 0.911207
vn -0.411949 0.000000 0.911207
vn -0.411949 0.000000 0.911207
vn -0.411949 0.000000 0.911207
vn -0.761242 0.000000 0.648468
vn -0.761242 0.000000 0.648468
vn -0.761242 0.000000 0.648468
vn -0.761242 0.000000 0.648468
vn -0.990992 0.000000 -0.133918
vn -0.990992 0.000000 -0.133918
vn -0.990992 0.000000 -0.133918
vn -0.990992 0.000000 -0.133918
vn 0.209530 0.000000 -0.977802
vn 0.209530 0.000000 -0.977802
vn 0.209530 0.000000 -0.977802
vn 0.209530 0.000000 -0.977802
vn -0.316231 0.000000 0.948682
vn -0.316231 0.000000 0.948682
vn -0.316231 0.000000 0.948682
vn -0.316231 0.000000 0.948682
vn 0.548026 0.000000 0.836461
vn 0.548026 0.000000 0.836461
vn 0.548026 0.000000 0.836461
vn 0.548026 0.000000 0.836461
vn 0.855727 0.000000 -0.517428
vn 0.855727 0.000000 -0.517428
vn 0.855727 0.000000 -0.517428
vn 0.855727 0.000000 -0.517428
vn 0.317631 0.000000 -0.948215
vn 0.317631 0.000000 -0.948215
vn 0.317631 0.000000 -0.948215
vn 0.317631 0.000000 -0.948215
vn 0.572389 0.000000 -0.819982
vn 0.572389 0.000000 -0.819982
vn 0.572389 0.000000 -0.819982
vn 0.572389 0.000000 -0.819982
vn 0.540753 0.000000 -0.841182
vn 0.540753 0.000000 -0.841182
vn 0.540753 0.000000 -0.841182
vn 0.540753 0.000000 -0.841182
vn -0.025632 0.000000 0.999671
vn -0.025632 0.000000 0.999671
vn -0.025632 0.000000 0.999671
vn -0.025632 0.000000 0.999671
vn -0.648469 0.000000 0.761241
vn -0.648469 0.000000 0.761241
vn -0.648469 0.000000 0.761241
vn -0.648469 0.000000 0.761241
vn 0.447214 0.000000 0.894427
vn 0.447214 0.000000 0.894427
vn 0.447214 0.000000 0.894427
vn 0.447214 0.000000 0.894427
vn -0.707107 0.000000 0.707107
vn -0.707107 0.000000 0.707107
vn -0.707107 0.000000 0.707107
vn -0.707107 0.000000 0.707107
vn 0.987241 0.000000 -0.159232
vn 0.987241 0.000000 -0.159232
vn 0.987241 0.000000 -0.159232
vn 0.987241 0.000000 -0.159232
vn 0.986021 0.000000 -0.166621
vn 0.986021 0.000000 -0.166621
vn 0.986021 0.000000 -0.166621
vn 0.986021 0.000000 -0.166621
vn 0.999630 0.000000 0.027205
vn 0.999630 0.000000 0.027205
vn 0.999630 0.000000 0.027205
vn 0.999630 0.000000 0.027205
vn -0.970143 0.000000 0.242536
vn -0.970143 0.000000 0.242536
vn -0.970143 0.000000 0.242536
vn -0.970143 0.000000 0.242536
vn -0.400819 0.000000 0.916157
vn -0.400819 0.000000 0.916157
vn -0.400819 0.000000 0.916157
vn -0.400819 0.000000 0.916157
vn -0.932007 0.000000 0.362439
vn -0.932007 0.000000 0.362439
vn -0.932007 0.000000 0.362439
vn -0.932007 0.000000 0.362439
vn -0.932007 0.000000 -0.362439
vn -0.932007 0.000000 -0.362439
vn -0.932007 0.000000 -0.362439
vn -0.932007 0.000000 -0.362439
vn -0.974391 0.000000 -0.224859
vn -0.974391 0.000000 -0.224859
vn -0.974391 0.000000 -0.224859
vn -0.974391 0.000000 -0.224859
vn -0.107935 0.000000 0.994158
vn -0.107935 0.000000 0.994158
vn -0.107935 0.000000 0.994158
vn -0.107935 0.000000 0.994158
vn 0.989290 0.000000 0.145962
vn 0.989290 0.000000 0.145962
vn 0.989290 0.000000 0.145962
vn 0.989290 0.000000 0.145962
vn 0.956578 0.000000 0.291477
vn 0.956578 0.000000 0.291477
vn 0.956578 0.000000 0.291477
vn 0.956578 0.000000 0.291477
vn 0.888980 0.000000 0.457947
vn 0.888980 0.000000 0.457947
vn 0.888980 0.000000 0.457947
vn 0.888980 0.000000 0.457947
vn -0.839678 0.000000 0.543084
vn -0.839678 0.000000 0.543084
vn -0.839678 0.000000 0.543084
vn -0.839678 0.000000 0.543084
vn -0.734804 0.000000 0.678280
vn -0.734804 0.000000 0.678280
vn -0.734804 0.000000 0.678280
vn -0.734804 0.000000 0.678280
vn 0.881743 0.000000 0.471729
vn 0.881743 0.000000 0.471729
vn 0.881743 0.000000 0.471729
vn 0.881743 0.000000 0.471729
vn -0.707111 0.000000 0.707102
vn -0.707111 0.000000 0.707102
vn -0.707111 0.000000 0.707102
vn -0.707111 0.000000 0.707102
vn -0.813734 0.000000 0.581238
vn -0.813734 0.000000 0.581238
vn -0.813734 0.000000 0.581238
vn -0.813734 0.000000 0.581238
vn -0.943460 0.000000 -0.331486
vn -0.943460 0.000000 -0.331486
vn -0.943460 0.000000 -0.331486
vn -0.943460 0.000000 -0.331486
vn -0.786314 0.000000 0.617827
vn -0.786314 0.000000 0.617827
vn -0.786314 0.000000 0.617827
vn -0.786314 0.000000 0.617827
vn -0.707107 0.000000 0.707107
vn -0.707107 0.000000 0.707107
vn -0.707107 0.000000 0.707107
vn -0.707107 0.000000 0.707107
vn -0.913477 0.000000 0.406891
vn -0.913477 0.000000 0.406891
vn -0.913477 0.000000 0.406891
vn -0.913477 0.000000 0.406891
vn -0.958873 0.000000 0.283835
vn -0.958873 0.000000 0.283835
vn -0.958873 0.000000 0.283835
vn -0.958873 0.000000 0.283835
vn 0.029828 0.000000 0.999555
vn 0.029828 0.000000 0.999555
vn 0.029828 0.000000 0.999555
vn 0.029828 0.000000 0.999555
vn 0.064398 0.000000 0.997924
vn 0.064398 0.000000 0.997924
vn 0.064398 0.000000 0.997924
vn 0.064398 0.000000 0.997924
vn -0.953583 0.000000 -0.301131
vn -0.953583 0.000000 -0.301131
vn -0.953583 0.000000 -0.301131
vn -0.953583 0.000000 -0.301131
vn -0.761243 0.000000 -0.648466
vn -0.761243 0.000000 -0.648466
vn -0.761243 0.000000 -0.648466
vn -0.761243 0.000000 -0.648466
vn 0.242535 0.000000 0.970143
vn 0.242535 0.000000 0.970143
vn 0.242535 0.000000 0.970143
vn 0.242535 0.000000 0.970143
vn -0.449837 0.000000 0.893111
vn -0.449837 0.000000 0.893111
vn -0.449837 0.000000 0.893111
vn -0.449837 0.000000 0.893111
vn 0.229039 0.000000 -0.973417
vn 0.229039 0.000000 -0.973417
vn 0.229039 0.000000 -0.973417
vn 0.229039 0.000000 -0.973417
vn -0.678279 0.000000 -0.734804
vn -0.678279 0.000000 -0.734804
vn -0.678279 0.000000 -0.734804
vn -0.678279 0.000000 -0.734804
vn 0.358499 0.000000 -0.933530
vn 0.358499 0.000000 -0.933530
vn 0.358499 0.000000 -0.933530
vn 0.358499 0.000000 -0.933530
vn -0.525826 0.000000 0.850592
vn -0.525826 0.000000 0.850592
vn -0.525826 0.000000 0.850592
vn -0.525826 0.000000 0.850592
vn -0.888969 0.000000 0.457967
vn -0.888969 0.000000 0.457967
vn -0.888969 0.000000 0.457967
vn -0.888969 0.000000 0.457967
vn -0.871557 0.000000 0.490294
vn -0.871557 0.000000 0.490294
vn -0.871557 0.000000 0.490294
vn -0.871557 0.000000 0.490294
vn -0.904660 0.000000 0.426134
vn -0.904660 0.000000 0.426134
vn -0.904660 0.000000 0.426134
vn -0.904660 0.000000 0.426134
vn -0.804443 0.000000 -0.594030
vn -0.804443 0.000000 -0.594030
vn -0.804443 0.000000 -0.594030
vn -0.804443 0.000000 -0.594030
vn -0.480830 0.000000 0.876814
vn -0.480830 0.000000 0.876814
vn -0.480830 0.000000 0.876814
vn -0.480830 0.000000 0.876814
vn -0.792624 0.000000 0.609711
vn -0.792624 0.000000 0.609711
vn -0.792624 0.000000 0.609711
vn -0.792624 0.000000 0.609711
vn 0.894427 0.000000 0.447214
vn 0.894427 0.000000 0.447214
vn 0.894427 0.000000 0.447214
vn 0.894427 0.000000 0.447214
vn -0.490261 0.000000 0.871576
vn -0.490261 0.000000 0.871576
vn -0.490261 0.000000 0.871576
vn -0.490261 0.000000 0.871576
vn 0.871576 0.000000 0.490261
vn 0.871576 0.000000 0.490261
vn 0.871576 0.000000 0.490261
vn 0.871576 0.000000 0.490261
vn -0.992646 0.000000 0.121054
vn -0.992646 0.000000 0.121054
vn -0.992646 0.000000 0.121054
vn -0.992646 0.000000 0.121054
vn 0.734803 0.000000 -0.678281
vn 0.734803 0.000000 -0.678281
vn 0.734803 0.000000 -0.678281
vn 0.734803 0.000000 -0.678281
vn -0.071246 0.000000 -0.997459
vn -0.071246 0.000000 -0.997459
vn -0.071246 0.000000 -0.997459
vn -0.071246 0.000000 -0.997459
vn 0.707108 0.000000 -0.707105
vn 0.707108 0.000000 -0.707105
vn 0.707108 0.000000 -0.707105
vn 0.707108 0.000000 -0.707105
vn -0.798375 0.000000 0.602161
vn -0.798375 0.000000 0.602161
vn -0.798375 0.000000 0.602161
vn -0.798375 0.000000 0.602161
vn -0.928481 0.000000 0.371380
vn -0.928481 0.000000 0.371380
vn -0.928481 0.000000 0.371380
vn -0.928481 0.000000 0.371380
vn -0.230228 0.000000 0.973137
vn -0.230228 0.000000 0.973137
vn -0.230228 0.000000 0.973137
vn -0.230228 0.000000 0.973137
vn 0.965263 0.000000 -0.261280
vn 0.965263 0.000000 -0.261280
vn 0.965263 0.000000 -0.261280
vn 0.965263 0.000000 -0.261280
vn -0.284967 0.000000 0.958537
vn -0.284967 0.000000 0.958537
vn -0.284967 0.000000 0.958537
vn -0.284967 0.000000 0.958537
vn -0.090684 0.000000 0.995880
vn -0.090684 0.000000 0.995880
vn -0.090684 0.000000 0.995880
vn -0.090684 0.000000 0.995880
vn -0.279178 0.000000 0.960239
vn -0.279178 0.000000 0.960239
vn -0.279178 0.000000 0.960239
vn -0.279178 0.000000 0.960239
vn -0.045147 0.000000 0.998980
vn -0.045147 0.000000 0.998980
vn -0.045147 0.000000 0.998980
vn -0.045147 0.000000 0.998980
vn 0.000000 0.000000 1.000000
vn 0.000000 0.000000 1.000000
vn 0.000000 0.000000 1.000000
vn 0.000000 0.000000 1.000000
vn -0.090537 0.000000 0.995893
vn -0.090537 0.000000 0.995893
vn -0.090537 0.000000 0.995893
vn -0.090537 0.000000 0.995893
vn -0.201237 0.000000 0.979543
vn -0.201237 0.000000 0.979543
vn -0.201237 0.000000 0.979543
vn -0.201237 0.000000 0.979543
vn -0.004995 0.000000 0.999988
vn -0.004995 0.000000 0.999988
vn -0.004995 0.000000 0.999988
vn -0.004995 0.000000 0.999988
vn -0.184914 0.000000 0.982755
vn -0.184914 0.000000 0.982755
vn -0.184914 0.000000 0.982755
vn -0.184914 0.000000 0.982755
vn -0.220282 0.000000 0.975436
vn -0.220282 0.000000 0.975436
vn -0.220282 0.000000 0.975436
vn -0.220282 0.000000 0.975436
vn -0.583997 0.000000 0.811756
vn -0.583997 0.000000 0.811756
vn -0.583997 0.000000 0.811756
vn -0.583997 0.000000 0.811756
vn -0.856795 0.000000 -0.515657
vn -0.856795 0.000000 -0.515657
vn -0.856795 0.000000 -0.515657
vn -0.856795 0.000000 -0.515657
vn -0.780747 0.000000 -0.624848
vn -0.780747 0.000000 -0.624848
vn -0.780747 0.000000 -0.624848
vn -0.780747 0.000000 -0.624848
vn -0.046032 0.000000 -0.998940
vn -0.046032 0.000000 -0.998940
vn -0.046032 0.000000 -0.998940
vn -0.046032 0.000000 -0.998940
vn -0.030283 0.000000 -0.999541
vn -0.030283 0.000000 -0.999541
vn -0.030283 0.000000 -0.999541
vn -0.030283 0.000000 -0.999541
vn 0.279946 0.000000 -0.960016
vn 0.279946 0.000000 -0.960016
vn 0.279946 0.000000 -0.960016
vn 0.279946 0.000000 -0.960016
vn -0.048658 0.000000 -0.998816
vn -0.048658 0.000000 -0.998816
vn -0.048658 0.000000 -0.998816
vn -0.048658 0.000000 -0.998816
vn 0.765705 0.000000 -0.643192
vn 0.765705 0.000000 -0.643192
vn 0.765705 0.000000 -0.643192
vn 0.765705 0.000000 -0.643192
vn 0.707107 0.000000 -0.707107
vn 0.707107 0.000000 -0.707107
vn 0.707107 0.000000 -0.707107
vn 0.707107 0.000000 -0.707107
vn -0.242535 0.000000 -0.970143
vn -0.242535 0.000000 -0.970143
vn -0.242535 0.000000 -0.970143
vn -0.242535 0.000000 -0.970143
vn -0.995496 0.000000 0.094809
vn -0.995496 0.000000 0.094809
vn -0.995496 0.000000 0.094809
vn -0.995496 0.000000 0.094809
vn 0.928079 0.000000 0.372384
vn 0.928079 0.000000 0.372384
vn 0.928079 0.000000 0.372384
vn 0.928079 0.000000 0.372384
vn -0.919145 0.000000 0.393919
vn -0.919145 0.000000 0.393919
vn -0.919145 0.000000 0.393919
vn -0.919145 0.000000 0.393919
vn 0.953997 0.000000 0.299816
vn 0.953997 0.000000 0.299816
vn 0.953997 0.000000 0.299816
vn 0.953997 0.000000 0.299816
vn 0.894245 0.000000 0.447579
vn 0.894245 0.000000 0.447579
vn 0.894245 0.000000 0.447579
vn 0.894245 0.000000 0.447579
vn -0.784294 0.000000 0.620389
vn -0.784294 0.000000 0.620389
vn -0.784294 0.000000 0.620389
vn -0.784294 0.000000 0.620389
vn -0.758309 0.000000 0.651895
vn -0.758309 0.000000 0.651895
vn -0.758309 0.000000 0.651895
vn -0.758309 0.000000 0.651895
vn 0.786501 0.000000 0.617589
vn 0.786501 0.000000 0.617589
vn 0.786501 0.000000 0.617589
vn 0.786501 0.000000 0.617589
vn 0.948548 0.000000 -0.316633
vn 0.948548 0.000000 -0.316633
vn 0.948548 0.000000 -0.316633
vn 0.948548 0.000000 -0.316633
vn -0.583913 0.000000 0.811816
vn -0.583913 0.000000 0.811816
vn -0.583913 0.000000 0.811816
vn -0.583913 0.000000 0.811816
vn 0.962450 0.000000 -0.271459
vn 0.962450 0.000000 -0.271459
vn 0.962450 0.000000 -0.271459
vn 0.962450 0.000000 -0.271459
vn 0.852704 0.000000 -0.522394
vn 0.852704 0.000000 -0.522394
vn 0.852704 0.000000 -0.522394
vn 0.852704 0.000000 -0.522394
vn 0.999460 0.000000 -0.032873
vn 0.999460 0.000000 -0.032873
vn 0.999460 0.000000 -0.032873
vn 0.999460 0.000000 -0.032873
vn 0.918701 0.000000 -0.394953
vn 0.918701 0.000000 -0.394953
vn 0.918701 0.000000 -0.394953
vn 0.918701 0.000000 -0.394953
vn 0.961530 0.000000 -0.274699
vn 0.961530 0.000000 -0.274699
vn 0.961530 0.000000 -0.274699
vn 0.961530 0.000000 -0.274699
vn 0.988987 0.000000 -0.148005
vn 0.988987 0.000000 -0.148005
vn 0.988987 0.000000 -0.148005
vn 0.988987 0.000000 -0.148005
vn 0.953649 0.000000 -0.300921
vn 0.953649 0.000000 -0.300921
vn 0.953649 0.000000 -0.300921
vn 0.953649 0.000000 -0.300921
vn 0.871967 0.000000 -0.489564
vn 0.871967 0.000000 -0.489564
vn 0.871967 0.000000 -0.489564
vn 0.871967 0.000000 -0.489564
vn 0.919332 0.000000 -0.393483
vn 0.919332 0.000000 -0.393483
vn 0.919332 0.000000 -0.393483
vn 0.919332 0.000000 -0.393483
vn -0.267644 0.000000 0.963518
vn -0.267644 0.000000 0.963518
vn -0.267644 0.000000 0.963518
vn -0.267644 0.000000 0.963518
vn -0.998053 0.000000 -0.062378
vn -0.998053 0.000000 -0.062378
vn -0.998053 0.000000 -0.062378
vn -0.998053 0.000000 -0.062378
vn 0.648466 0.000000 0.761243
vn 0.648466 0.000000 0.761243
vn 0.648466 0.000000 0.761243
vn 0.648466 0.000000 0.761243
vn -0.032244 0.000000 0.999480
vn -0.032244 0.000000 0.999480
vn -0.032244 0.000000 0.999480
vn -0.032244 0.000000 0.999480
vn 0.678278 0.000000 -0.734806
vn 0.678278 0.000000 -0.734806
vn 0.678278 0.000000 -0.734806
vn 0.678278 0.000000 -0.734806
vn 0.480760 0.000000 -0.876852
vn 0.480760 0.000000 -0.876852
vn 0.480760 0.000000 -0.876852
vn 0.480760 0.000000 -0.876852
vn 0.364266 0.000000 -0.931295
vn 0.364266 0.000000 -0.931295
vn 0.364266 0.000000 -0.931295
vn 0.364266 0.000000 -0.931295
vn 0.523962 0.000000 -0.851742
vn 0.523962 0.000000 -0.851742
vn 0.523962 0.000000 -0.851742
vn 0.523962 0.000000 -0.851742
vn 0.676215 0.000000 -0.736704
vn 0.676215 0.000000 -0.736704
vn 0.676215 0.000000 -0.736704
vn 0.676215 0.000000 -0.736704
vn -0.734800 0.000000 0.678283
vn -0.734800 0.000000 0.678283
vn -0.734800 0.000000 0.678283
vn -0.734800 0.000000 0.678283
vn -0.480061 0.000000 0.877235
vn -0.480061 0.000000 0.877235
vn -0.480061 0.000000 0.877235
vn -0.480061 0.000000 0.877235
vn -0.037975 0.000000 0.999279
vn -0.037975 0.000000 0.999279
vn -0.037975 0.000000 0.999279
vn -0.037975 0.000000 0.999279
vn -0.464891 0.000000 0.885368
vn -0.464891 0.000000 0.885368
vn -0.464891 0.000000 0.885368
vn -0.464891 0.000000 0.885368
vn 0.954481 0.000000 -0.298273
vn 0.954481 0.000000 -0.298273
vn 0.954481 0.000000 -0.298273
vn 0.954481 0.000000 -0.298273
vn 0.948832 0.000000 -0.315781
vn 0.948832 0.000000 -0.315781
vn 0.948832 0.000000 -0.315781
vn 0.948832 0.000000 -0.315781
vn -0.460493 0.000000 -0.887663
vn -0.460493 0.000000 -0.887663
vn -0.460493 0.000000 -0.887663
vn -0.460493 0.000000 -0.887663
vn -0.425801 0.000000 -0.904817
vn -0.425801 0.000000 -0.904817
vn -0.425801 0.000000 -0.904817
vn -0.425801 0.000000 -0.904817
vn -0.233856 0.000000 0.972271
vn -0.233856 0.000000 0.972271
vn -0.233856 0.000000 0.972271
vn -0.233856 0.000000 0.972271
vn -0.133076 0.000000 0.991106
vn -0.133076 0.000000 0.991106
vn -0.133076 0.000000 0.991106
vn -0.133076 0.000000 0.991106
vn -0.052557 0.000000 0.998618
vn -0.052557 0.000000 0.998618
vn -0.052557 0.000000 0.998618
vn -0.052557 0.000000 0.998618
vn -0.440189 0.000000 -0.897905
vn -0.440189 0.000000 -0.897905
vn -0.440189 0.000000 -0.897905
vn -0.440189 0.000000 -0.897905
vn 0.780759 0.000000 0.624833
vn 0.780759 0.000000 0.624833
vn 0.780759 0.000000 0.624833
vn 0.780759 0.000000 0.624833
vn -0.849667 0.000000 -0.527320
vn -0.849667 0.000000 -0.527320
vn -0.849667 0.000000 -0.527320
vn -0.849667 0.000000 -0.527320
vn 0.393381 0.000000 -0.919376
vn 0.393381 0.000000 -0.919376
vn 0.393381 0.000000 -0.919376
vn 0.393381 0.000000 -0.919376
vn 0.850044 0.000000 -0.526711
vn 0.850044 0.000000 -0.526711
vn 0.850044 0.000000 -0.526711
vn 0.850044 0.000000 -0.526711
vn -0.263119 0.000000 -0.964764
vn -0.263119 0.000000 -0.964764
vn -0.263119 0.000000 -0.964764
vn -0.263119 0.000000 -0.964764
vn 0.224859 0.000000 0.974391
vn 0.224859 0.000000 0.974391
vn 0.224859 0.000000 0.974391
vn 0.224859 0.000000 0.974391
vn 0.870570 0.000000 -0.492045
vn 0.870570 0.000000 -0.492045
vn 0.870570 0.000000 -0.492045
vn 0.870570 0.000000 -0.492045
vn -0.760274 0.000000 0.649602
vn -0.760274 0.000000 0.649602
vn -0.760274 0.000000 0.649602
vn -0.760274 0.000000 0.649602
vn 0.755437 0.000000 0.655221
vn 0.755437 0.000000 0.655221
vn 0.755437 0.000000 0.655221
vn 0.755437 0.000000 0.655221
vn -0.751110 0.000000 0.660177
vn -0.751110 0.000000 0.660177
vn -0.751110 0.000000 0.660177
vn -0.751110 0.000000 0.660177
vn 0.782721 0.000000 0.622372
vn 0.782721 0.000000 0.622372
vn 0.782721 0.000000 0.622372
vn 0.782721 0.000000 0.622372
vn -0.585890 0.000000 0.810391
vn -0.585890 0.000000 0.810391
vn -0.585890 0.000000 0.810391
vn -0.585890 0.000000 0.810391
vn -0.557395 0.000000 0.830248
vn -0.557395 0.000000 0.830248
vn -0.557395 0.000000 0.830248
vn -0.557395 0.000000 0.830248
vn -0.707630 0.000000 0.706583
vn -0.707630 0.000000 0.706583
vn -0.707630 0.000000 0.706583
vn -0.707630 0.000000 0.706583
vn 0.338150 0.000000 0.941092
vn 0.338150 0.000000 0.941092
vn 0.338150 0.000000 0.941092
vn 0.338150 0.000000 0.941092
vn 0.473145 0.000000 0.880985
vn 0.473145 0.000000 0.880985
vn 0.473145 0.000000 0.880985
vn 0.473145 0.000000 0.880985
vn -0.822718 0.000000 0.568449
vn -0.822718 0.000000 0.568449
vn -0.822718 0.000000 0.568449
vn -0.822718 0.000000 0.568449
vn 0.999207 0.000000 -0.039809
vn 0.999207 0.000000 -0.039809
vn 0.999207 0.000000 -0.039809
vn 0.999207 0.000000 -0.039809
vn 0.684411 0.000000 0.729097
vn 0.684411 0.000000 0.729097
vn 0.684411 0.000000 0.729097
vn 0.684411 0.000000 0.729097
vn 0.132166 0.000000 0.991228
vn 0.132166 0.000000 0.991228
vn 0.132166 0.000000 0.991228
vn 0.132166 0.000000 0.991228
vn 0.721637 0.000000 0.692272
vn 0.721637 0.000000 0.692272
vn 0.721637 0.000000 0.692272
vn 0.721637 0.000000 0.692272
vn 0.962513 0.000000 0.271237
vn 0.962513 0.000000 0.271237
vn 0.962513 0.000000 0.271237
vn 0.962513 0.000000 0.271237
vn -0.411871 0.000000 0.911242
vn -0.411871 0.000000 0.911242
vn -0.411871 0.000000 0.911242
vn -0.411871 0.000000 0.911242
vn 0.399129 0.000000 -0.916895
vn 0.399129 0.000000 -0.916895
vn 0.399129 0.000000 -0.916895
vn 0.399129 0.000000 -0.916895
vn 0.919314 0.000000 -0.393525
vn 0.919314 0.000000 -0.393525
vn 0.919314 0.000000 -0.393525
vn 0.919314 0.000000 -0.393525
vn 0.761241 0.000000 0.648469
vn 0.761241 0.000000 0.648469
vn 0.761241 0.000000 0.648469
vn 0.761241 0.000000 0.648469
vn 0.790353 0.000000 0.612652
vn 0.790353 0.000000 0.612652
vn 0.790353 0.000000 0.612652
vn 0.790353 0.000000 0.612652
vn 0.710297 0.000000 -0.703903
vn 0.710297 0.000000 -0.703903
vn 0.710297 0.000000 -0.703903
vn 0.710297 0.000000 -0.703903
vn 0.402537 0.000000 -0.915404
vn 0.402537 0.000000 -0.915404
vn 0.402537 0.000000 -0.915404
vn 0.402537 0.000000 -0.915404
vn 0.000000 0.000000 1.000000
vn 0.000000 0.000000 1.000000
vn 0.000000 0.000000 1.000000
vn 0.000000 0.000000 1.000000
vn 0.943460 0.000000 -0.331485
vn 0.943460 0.000000 -0.331485
vn 0.943460 0.000000 -0.331485
vn 0.943460 0.000000 -0.331485
vn 0.331485 0.000000 -0.943460
vn 0.331485 0.000000 -0.943460
vn 0.331485 0.000000 -0.943460
vn 0.331485 0.000000 -0.943460
vn 0.809942 0.000000 -0.586510
vn 0.809942 0.000000 -0.586510
vn 0.809942 0.000000 -0.586510
vn 0.809942 0.000000 -0.586510
vn 0.832051 0.000000 -0.554700
vn 0.832051 0.000000 -0.554700
vn 0.832051 0.000000 -0.554700
vn 0.832051 0.000000 -0.554700
vn 0.301129 0.000000 -0.953584
vn 0.301129 0.000000 -0.953584
vn 0.301129 0.000000 -0.953584
vn 0.301129 0.000000 -0.953584
vn -0.214407 0.000000 -0.976744
vn -0.214407 0.000000 -0.976744
vn -0.214407 0.000000 -0.976744
vn -0.214407 0.000000 -0.976744
vn -0.457955 0.000000 -0.888975
vn -0.457955 0.000000 -0.888975
vn -0.457955 0.000000 -0.888975
vn -0.457955 0.000000 -0.888975
vn 0.146314 0.000000 -0.989238
vn 0.146314 0.000000 -0.989238
vn 0.146314 0.000000 -0.989238
vn 0.146314 0.000000 -0.989238
vn 0.023237 0.000000 -0.999730
vn 0.023237 0.000000 -0.999730
vn 0.023237 0.000000 -0.999730
vn 0.023237 0.000000 -0.999730
vn 0.000000 0.000000 1.000000
vn 0.000000 0.000000 1.000000
vn 0.000000 0.000000 1.000000
vn 0.000000 0.000000 1.000000
vn -0.043404 0.000000 -0.999058
vn -0.043404 0.000000 -0.999058
vn -0.043404 0.000000 -0.999058
vn -0.043404 0.000000 -0.999058
vn 0.112336 0.000000 -0.993670
vn 0.112336 0.000000 -0.993670
vn 0.112336 0.000000 -0.993670
vn 0.112336 0.000000 -0.993670
vn 0.271453 0.000000 -0.962452
vn 0.271453 0.000000 -0.962452
vn 0.271453 0.000000 -0.962452
vn 0.271453 0.000000 -0.962452
vn -0.043437 0.000000 -0.999056
vn -0.043437 0.000000 -0.999056
vn -0.043437 0.000000 -0.999056
vn -0.043437 0.000000 -0.999056
vn 0.170537 0.000000 -0.985351
vn 0.170537 0.000000 -0.985351
vn 0.170537 0.000000 -0.985351
vn 0.170537 0.000000 -0.985351
vn 0.271465 0.000000 -0.962448
vn 0.271465 0.000000 -0.962448
vn 0.271465 0.000000 -0.962448
vn 0.271465 0.000000 -0.962448
vn 0.113238 0.000000 -0.993568
vn 0.113238 0.000000 -0.993568
vn 0.113238 0.000000 -0.993568
vn 0.113238 0.000000 -0.993568
vn 0.390378 0.000000 -0.920655
vn 0.390378 0.000000 -0.920655
vn 0.390378 0.000000 -0.920655
vn 0.390378 0.000000 -0.920655
vn 0.418733 0.000000 -0.908109
vn 0.418733 0.000000 -0.908109
vn 0.418733 0.000000 -0.908109
vn 0.418733 0.000000 -0.908109
vn 0.272887 0.000000 -0.962046
vn 0.272887 0.000000 -0.962046
vn 0.272887 0.000000 -0.962046
vn 0.272887 0.000000 -0.962046
vn 0.180219 0.000000 -0.983627
vn 0.180219 0.000000 -0.983627
vn 0.180219 0.000000 -0.983627
vn 0.180219 0.000000 -0.983627
vn 0.090539 0.000000 -0.995893
vn 0.090539 0.000000 -0.995893
vn 0.090539 0.000000 -0.995893
vn 0.090539 0.000000 -0.995893
vn 0.045555 0.000000 -0.998962
vn 0.045555 0.000000 -0.998962
vn 0.045555 0.000000 -0.998962
vn 0.045555 0.000000 -0.998962
vn 0.043410 0.000000 -0.999057
vn 0.043410 0.000000 -0.999057
vn 0.043410 0.000000 -0.999057
vn 0.043410 0.000000 -0.999057
vn 0.645911 0.000000 -0.763412
vn 0.645911 0.000000 -0.763412
vn 0.645911 0.000000 -0.763412
vn 0.645911 0.000000 -0.763412
vn 0.166465 0.000000 -0.986047
vn 0.166465 0.000000 -0.986047
vn 0.166465 0.000000 -0.986047
vn 0.166465 0.000000 -0.986047
vn 0.640737 0.000000 -0.767760
vn 0.640737 0.000000 -0.767760
vn 0.640737 0.000000 -0.767760
vn 0.640737 0.000000 -0.767760
vn 0.222633 0.000000 -0.974902
vn 0.222633 0.000000 -0.974902
vn 0.222633 0.000000 -0.974902
vn 0.222633 0.000000 -0.974902
vn 0.214405 0.000000 -0.976745
vn 0.214405 0.000000 -0.976745
vn 0.214405 0.000000 -0.976745
vn 0.214405 0.000000 -0.976745
vn 0.487506 0.000000 -0.873120
vn 0.487506 0.000000 -0.873120
vn 0.487506 0.000000 -0.873120
vn 0.487506 0.000000 -0.873120
vn 0.348614 0.000000 -0.937266
vn 0.348614 0.000000 -0.937266
vn 0.348614 0.000000 -0.937266
vn 0.348614 0.000000 -0.937266
vn 0.425726 0.000000 -0.904852
vn 0.425726 0.000000 -0.904852
vn 0.425726 0.000000 -0.904852
vn 0.425726 0.000000 -0.904852
vn 0.548778 0.000000 -0.835968
vn 0.548778 0.000000 -0.835968
vn 0.548778 0.000000 -0.835968
vn 0.548778 0.000000 -0.835968
vn 0.000000 0.000000 1.000000
vn 0.000000 0.000000 1.000000
vn 0.000000 0.000000 1.000000
vn 0.000000 0.000000 1.000000
vn 1.000000 0.000000 0.000000
vn 1.000000 0.000000 0.000000
vn 1.000000 0.000000 0.000000
vn 1.000000 0.000000 0.000000
vn -0.006983 0.000000 -0.999976
vn -0.006983 0.000000 -0.999976
vn -0.006983 0.000000 -0.999976
vn -0.006983 0.000000 -0.999976
vn 0.125691 0.000000 -0.992070
vn 0.125691 0.000000 -0.992070
vn 0.125691 0.000000 -0.992070
vn 0.125691 0.000000 -0.992070
vn -0.138759 0.000000 -0.990326
vn -0.138759 0.000000 -0.990326
vn -0.138759 0.000000 -0.990326
vn -0.138759 0.000000 -0.990326
vn -0.489633 0.000000 -0.871929
vn -0.489633 0.000000 -0.871929
vn -0.489633 0.000000 -0.871929
vn -0.489633 0.000000 -0.871929
vn 1.000000 0.000000 0.000000
vn 1.000000 0.000000 0.000000
vn 1.000000 0.000000 0.000000
vn 1.000000 0.000000 0.000000
vn -0.459427 0.000000 -0.888216
vn -0.459427 0.000000 -0.888216
vn -0.459427 0.000000 -0.888216
vn -0.459427 0.000000 -0.888216
vn 0.171201 0.000000 -0.985236
vn 0.171201 0.000000 -0.985236
vn 0.171201 0.000000 -0.985236
vn 0.171201 0.000000 -0.985236
vn 0.301832 0.000000 -0.953361
vn 0.301832 0.000000 -0.953361
vn 0.301832 0.000000 -0.953361
vn 0.301832 0.000000 -0.953361
vn -0.783989 0.000000 0.620774
vn -0.783989 0.000000 0.620774
vn -0.783989 0.000000 0.620774
vn -0.783989 0.000000 0.620774
vn 0.133244 0.000000 0.991083
vn 0.133244 0.000000 0.991083
vn 0.133244 0.000000 0.991083
vn 0.133244 0.000000 0.991083
vn -0.070818 0.000000 0.997489
vn -0.070818 0.000000 0.997489
vn -0.070818 0.000000 0.997489
vn -0.070818 0.000000 0.997489
vn -0.746743 0.000000 0.665113
vn -0.746743 0.000000 0.665113
vn -0.746743 0.000000 0.665113
vn -0.746743 0.000000 0.665113
vn -0.069600 0.000000 -0.997575
vn -0.069600 0.000000 -0.997575
vn -0.069600 0.000000 -0.997575
vn -0.069600 0.000000 -0.997575
vn 0.094810 0.000000 -0.995495
vn 0.094810 0.000000 -0.995495
vn 0.094810 0.000000 -0.995495
vn 0.094810 0.000000 -0.995495
vn 0.457957 0.000000 -0.888975
vn 0.457957 0.000000 -0.888975
vn 0.457957 0.000000 -0.888975
vn 0.457957 0.000000 -0.888975
vn 0.072975 0.000000 -0.997334
vn 0.072975 0.000000 -0.997334
vn 0.072975 0.000000 -0.997334
vn 0.072975 0.000000 -0.997334
vn 0.001366 0.000000 0.999999
vn 0.001366 0.000000 0.999999
vn 0.001366 0.000000 0.999999
vn 0.001366 0.000000 0.999999
vn 0.031924 0.000000 0.999490
vn 0.031924 0.000000 0.999490
vn 0.031924 0.000000 0.999490
vn 0.031924 0.000000 0.999490
vn 0.991656 0.000000 -0.128913
vn 0.991656 0.000000 -0.128913
vn 0.991656 0.000000 -0.128913
vn 0.991656 0.000000 -0.128913
vn -0.025631 0.000000 -0.999672
vn -0.025631 0.000000 -0.999672
vn -0.025631 0.000000 -0.999672
vn -0.025631 0.000000 -0.999672
vn 0.061202 0.000000 -0.998125
vn 0.061202 0.000000 -0.998125
vn 0.061202 0.000000 -0.998125
vn 0.061202 0.000000 -0.998125
vn 0.148340 0.000000 -0.988936
vn 0.148340 0.000000 -0.988936
vn 0.148340 0.000000 -0.988936
vn 0.148340 0.000000 -0.988936
vn 0.285068 0.000000 0.958507
vn 0.285068 0.000000 0.958507
vn 0.285068 0.000000 0.958507
vn 0.285068 0.000000 0.958507
vn -0.895177 0.000000 -0.445710
vn -0.895177 0.000000 -0.445710
vn -0.895177 0.000000 -0.445710
vn -0.895177 0.000000 -0.445710
vn 0.063692 0.000000 0.997970
vn 0.063692 0.000000 0.997970
vn 0.063692 0.000000 0.997970
vn 0.063692 0.000000 0.997970
vn 0.085821 0.000000 0.996311
vn 0.085821 0.000000 0.996311
vn 0.085821 0.000000 0.996311
vn 0.085821 0.000000 0.996311
vn 0.086641 0.000000 0.996240
vn 0.086641 0.000000 0.996240
vn 0.086641 0.000000 0.996240
vn 0.086641 0.000000 0.996240
vn 0.208008 0.000000 0.978127
vn 0.208008 0.000000 0.978127
vn 0.208008 0.000000 0.978127
vn 0.208008 0.000000 0.978127
vn 0.332816 0.000000 0.942992
vn 0.332816 0.000000 0.942992
vn 0.332816 0.000000 0.942992
vn 0.332816 0.000000 0.942992
vn 0.963488 0.000000 0.267752
vn 0.963488 0.000000 0.267752
vn 0.963488 0.000000 0.267752
vn 0.963488 0.000000 0.267752
vn 0.734815 0.000000 0.678267
vn 0.734815 0.000000 0.678267
vn 0.734815 0.000000 0.678267
vn 0.734815 0.000000 0.678267
vn 0.966247 0.000000 0.257619
vn 0.966247 0.000000 0.257619
vn 0.966247 0.000000 0.257619
vn 0.966247 0.000000 0.257619
vn -0.479423 0.000000 -0.877584
vn -0.479423 0.000000 -0.877584
vn -0.479423 0.000000 -0.877584
vn -0.479423 0.000000 -0.877584
vn -0.522562 0.000000 -0.852601
vn -0.522562 0.000000 -0.852601
vn -0.522562 0.000000 -0.852601
vn -0.522562 0.000000 -0.852601
vn 0.163983 0.000000 -0.986463
vn 0.163983 0.000000 -0.986463
vn 0.163983 0.000000 -0.986463
vn 0.163983 0.000000 -0.986463
vn 0.782764 0.000000 -0.622318
vn 0.782764 0.000000 -0.622318
vn 0.782764 0.000000 -0.622318
vn 0.782764 0.000000 -0.622318
vn 0.820961 0.000000 -0.570985
vn 0.820961 0.000000 -0.570985
vn 0.820961 0.000000 -0.570985
vn 0.820961 0.000000 -0.570985
vn -0.868232 0.000000 -0.496159
vn -0.868232 0.000000 -0.496159
vn -0.868232 0.000000 -0.496159
vn -0.868232 0.000000 -0.496159
vn -0.142387 0.000000 0.989811
vn -0.142387 0.000000 0.989811
vn -0.142387 0.000000 0.989811
vn -0.142387 0.000000 0.989811
vn -0.790102 0.000000 -0.612975
vn -0.790102 0.000000 -0.612975
vn -0.790102 0.000000 -0.612975
vn -0.790102 0.000000 -0.612975
vn -0.739976 0.000000 -0.672633
vn -0.739976 0.000000 -0.672633
vn -0.739976 0.000000 -0.672633
vn -0.739976 0.000000 -0.672633
vn -0.739935 0.000000 -0.672678
vn -0.739935 0.000000 -0.672678
vn -0.739935 0.000000 -0.672678
vn -0.739935 0.000000 -0.672678
vn 0.536996 0.000000 0.843585
vn 0.536996 0.000000 0.843585
vn 0.536996 0.000000 0.843585
vn 0.536996 0.000000 0.843585
vn -0.735726 0.000000 -0.677279
vn -0.735726 0.000000 -0.677279
vn -0.735726 0.000000 -0.677279
vn -0.735726 0.000000 -0.677279
vn -0.622660 0.000000 -0.782493
vn -0.622660 0.000000 -0.782493
vn -0.622660 0.000000 -0.782493
vn -0.622660 0.000000 -0.782493
vn 0.970143 0.000000 -0.242536
vn 0.970143 0.000000 -0.242536
vn 0.970143 0.000000 -0.242536
vn 0.970143 0.000000 -0.242536
vn 0.984786 0.000000 -0.173771
vn 0.984786 0.000000 -0.173771
vn 0.984786 0.000000 -0.173771
vn 0.984786 0.000000 -0.173771
vn 0.957675 0.000000 -0.287851
vn 0.957675 0.000000 -0.287851
vn 0.957675 0.000000 -0.287851
vn 0.957675 0.000000 -0.287851
vn -0.614362 0.000000 -0.789024
vn -0.614362 0.000000 -0.789024
vn -0.614362 0.000000 -0.789024
vn -0.614362 0.000000 -0.789024
vn -0.422885 0.000000 0.906183
vn -0.422885 0.000000 0.906183
vn -0.422885 0.000000 0.906183
vn -0.422885 0.000000 0.906183
vn 0.832050 0.000000 0.554700
vn 0.832050 0.000000 0.554700
vn 0.832050 0.000000 0.554700
vn 0.832050 0.000000 0.554700
vn -0.919136 0.000000 0.393941
vn -0.919136 0.000000 0.393941
vn -0.919136 0.000000 0.393941
vn -0.919136 0.000000 0.393941
vn 0.132164 0.000000 0.991228
vn 0.132164 0.000000 0.991228
vn 0.132164 0.000000 0.991228
vn 0.132164 0.000000 0.991228
vn -0.919170 0.000000 0.393860
vn -0.919170 0.000000 0.393860
vn -0.919170 0.000000 0.393860
vn -0.919170 0.000000 0.393860
vn 0.953591 0.000000 0.301104
vn 0.953591 0.000000 0.301104
vn 0.953591 0.000000 0.301104
vn 0.953591 0.000000 0.301104
vn 0.953581 0.000000 0.301137
vn 0.953581 0.000000 0.301137
vn 0.953581 0.000000 0.301137
vn 0.953581 0.000000 0.301137
vn 0.953575 0.000000 0.301155
vn 0.953575 0.000000 0.301155
vn 0.953575 0.000000 0.301155
vn 0.953575 0.000000 0.301155
vn -0.761243 0.000000 -0.648467
vn -0.761243 0.000000 -0.648467
vn -0.761243 0.000000 -0.648467
vn -0.761243 0.000000 -0.648467
vn 0.985736 0.000000 -0.168296
vn 0.985736 0.000000 -0.168296
vn 0.985736 0.000000 -0.168296
vn 0.985736 0.000000 -0.168296
vn -0.613941 0.000000 -0.789352
vn -0.613941 0.000000 -0.789352
vn -0.613941 0.000000 -0.789352
vn -0.613941 0.000000 -0.789352
vn -0.761243 0.000000 0.648466
vn -0.761243 0.000000 0.648466
vn -0.761243 0.000000 0.648466
vn -0.761243 0.000000 0.648466
vn 0.393919 0.000000 -0.919145
vn 0.393919 0.000000 -0.919145
vn 0.393919 0.000000 -0.919145
vn 0.393919 0.000000 -0.919145
vn -0.734804 0.000000 0.678280
vn -0.734804 0.000000 0.678280
vn -0.734804 0.000000 0.678280
vn -0.734804 0.000000 0.678280
vn 0.971668 0.000000 -0.236352
vn 0.971668 0.000000 -0.236352
vn 0.971668 0.000000 -0.236352
vn 0.971668 0.000000 -0.236352
vn -0.990992 0.000000 0.133918
vn -0.990992 0.000000 0.133918
vn -0.990992 0.000000 0.133918
vn -0.990992 0.000000 0.133918
vn -0.501036 0.000000 0.865426
vn -0.501036 0.000000 0.865426
vn -0.501036 0.000000 0.865426
vn -0.501036 0.000000 0.865426
vn -0.062378 0.000000 -0.998053
vn -0.062378 0.000000 -0.998053
vn -0.062378 0.000000 -0.998053
vn -0.062378 0.000000 -0.998053
vn 0.707107 0.000000 -0.707107
vn 0.707107 0.000000 -0.707107
vn 0.707107 0.000000 -0.707107
vn 0.707107 0.000000 -0.707107
vn 0.425797 0.000000 -0.904819
vn 0.425797 0.000000 -0.904819
vn 0.425797 0.000000 -0.904819
vn 0.425797 0.000000 -0.904819
vn -0.522562 0.000000 -0.852601
vn -0.522562 0.000000 -0.852601
vn -0.522562 0.000000 -0.852601
vn -0.522562 0.000000 -0.852601
vn 0.747409 0.000000 -0.664364
vn 0.747409 0.000000 -0.664364
vn 0.747409 0.000000 -0.664364
vn 0.747409 0.000000 -0.664364
vn 0.526354 0.000000 0.850265
vn 0.526354 0.000000 0.850265
vn 0.526354 0.000000 0.850265
vn 0.526354 0.000000 0.850265
vn -0.348187 0.000000 0.937425
vn -0.348187 0.000000 0.937425
vn -0.348187 0.000000 0.937425
vn -0.348187 0.000000 0.937425
vn 0.522563 0.000000 0.852601
vn 0.522563 0.000000 0.852601
vn 0.522563 0.000000 0.852601
vn 0.522563 0.000000 0.852601
vn -0.609711 0.000000 -0.792624
vn -0.609711 0.000000 -0.792624
vn -0.609711 0.000000 -0.792624
vn -0.609711 0.000000 -0.792624
vn 0.581175 0.000000 0.813779
vn 0.581175 0.000000 0.813779
vn 0.581175 0.000000 0.813779
vn 0.581175 0.000000 0.813779
vn 0.792612 0.000000 0.609726
vn 0.792612 0.000000 0.609726
vn 0.792612 0.000000 0.609726
vn 0.792612 0.000000 0.609726
vn -0.735971 0.000000 -0.677013
vn -0.735971 0.000000 -0.677013
vn -0.735971 0.000000 -0.677013
vn -0.735971 0.000000 -0.677013
vn -0.940199 0.000000 0.340625
vn -0.940199 0.000000 0.340625
vn -0.940199 0.000000 0.340625
vn -0.940199 0.000000 0.340625
vn 0.032240 0.000000 0.999480
vn 0.032240 0.000000 0.999480
vn 0.032240 0.000000 0.999480
vn 0.032240 0.000000 0.999480
vn 0.032246 0.000000 0.999480
vn 0.032246 0.000000 0.999480
vn 0.032246 0.000000 0.999480
vn 0.032246 0.000000 0.999480
vn 0.809823 0.000000 0.586675
vn 0.809823 0.000000 0.586675
vn 0.809823 0.000000 0.586675
vn 0.809823 0.000000 0.586675
vn 0.810041 0.000000 0.586374
vn 0.810041 0.000000 0.586374
vn 0.810041 0.000000 0.586374
vn 0.810041 0.000000 0.586374
vn 0.810036 0.000000 0.586381
vn 0.810036 0.000000 0.586381
vn 0.810036 0.000000 0.586381
vn 0.810036 0.000000 0.586381
vn 0.809823 0.000000 0.586674
vn 0.809823 0.000000 0.586674
vn 0.809823 0.000000 0.586674
vn 0.809823 0.000000 0.586674
vn -0.974398 0.000000 0.224828
vn -0.974398 0.000000 0.224828
vn -0.974398 0.000000 0.224828
vn -0.974398 0.000000 0.224828
vn 0.809943 0.000000 0.586508
vn 0.809943 0.000000 0.586508
vn 0.809943 0.000000 0.586508
vn 0.809943 0.000000 0.586508
vn 0.809899 0.000000 0.586569
vn 0.809899 0.000000 0.586569
vn 0.809899 0.000000 0.586569
vn 0.809899 0.000000 0.586569
vn 0.809998 0.000000 0.586433
vn 0.809998 0.000000 0.586433
vn 0.809998 0.000000 0.586433
vn 0.809998 0.000000 0.586433
vn -0.707107 0.000000 0.707106
vn -0.707107 0.000000 0.707106
vn -0.707107 0.000000 0.707106
vn -0.707107 0.000000 0.707106
vn -0.575522 0.000000 -0.817787
vn -0.575522 0.000000 -0.817787
vn -0.575522 0.000000 -0.817787
vn -0.575522 0.000000 -0.817787
vn -0.575502 0.000000 -0.817800
vn -0.575502 0.000000 -0.817800
vn -0.575502 0.000000 -0.817800
vn -0.575502 0.000000 -0.817800
vn -0.575487 0.000000 -0.817811
vn -0.575487 0.000000 -0.817811
vn -0.575487 0.000000 -0.817811
vn -0.575487 0.000000 -0.817811
vn -0.707104 0.000000 0.707110
vn -0.707104 0.000000 0.707110
vn -0.707104 0.000000 0.707110
vn -0.707104 0.000000 0.707110
vn -0.540758 0.000000 0.841179
vn -0.540758 0.000000 0.841179
vn -0.540758 0.000000 0.841179
vn -0.540758 0.000000 0.841179
vn -0.522543 0.000000 -0.852613
vn -0.522543 0.000000 -0.852613
vn -0.522543 0.000000 -0.852613
vn -0.522543 0.000000 -0.852613
vn -0.522565 0.000000 -0.852599
vn -0.522565 0.000000 -0.852599
vn -0.522565 0.000000 -0.852599
vn -0.522565 0.000000 -0.852599
vn -0.072976 0.000000 -0.997334
vn -0.072976 0.000000 -0.997334
vn -0.072976 0.000000 -0.997334
vn -0.072976 0.000000 -0.997334
vn 0.052560 0.000000 -0.998618
vn 0.052560 0.000000 -0.998618
vn 0.052560 0.000000 -0.998618
vn 0.052560 0.000000 -0.998618
vn 0.386353 0.000000 -0.922351
vn 0.386353 0.000000 -0.922351
vn 0.386353 0.000000 -0.922351
vn 0.386353 0.000000 -0.922351
vn 0.848378 0.000000 -0.529390
vn 0.848378 0.000000 -0.529390
vn 0.848378 0.000000 -0.529390
vn 0.848378 0.000000 -0.529390
vn -0.101388 0.000000 0.994847
vn -0.101388 0.000000 0.994847
vn -0.101388 0.000000 0.994847
vn -0.101388 0.000000 0.994847
vn 0.245607 0.000000 0.969369
vn 0.245607 0.000000 0.969369
vn 0.245607 0.000000 0.969369
vn 0.245607 0.000000 0.969369
vn -0.522563 0.000000 0.852601
vn -0.522563 0.000000 0.852601
vn -0.522563 0.000000 0.852601
vn -0.522563 0.000000 0.852601
vn -0.888975 0.000000 0.457955
vn -0.888975 0.000000 0.457955
vn -0.888975 0.000000 0.457955
vn -0.888975 0.000000 0.457955
vn -0.080816 0.000000 0.996729
vn -0.080816 0.000000 0.996729
vn -0.080816 0.000000 0.996729
vn -0.080816 0.000000 0.996729
vn -0.888975 0.000000 0.457957
vn -0.888975 0.000000 0.457957
vn -0.888975 0.000000 0.457957
vn -0.888975 0.000000 0.457957
vn -0.362446 0.000000 0.932005
vn -0.362446 0.000000 0.932005
vn -0.362446 0.000000 0.932005
vn -0.362446 0.000000 0.932005
vn 0.119138 0.000000 0.992878
vn 0.119138 0.000000 0.992878
vn 0.119138 0.000000 0.992878
vn 0.119138 0.000000 0.992878
vn -0.997585 0.000000 0.069463
vn -0.997585 0.000000 0.069463
vn -0.997585 0.000000 0.069463
vn -0.997585 0.000000 0.069463
vn -0.997573 0.000000 0.069632
vn -0.997573 0.000000 0.069632
vn -0.997573 0.000000 0.069632
vn -0.997573 0.000000 0.069632
vn -0.997572 0.000000 0.069644
vn -0.997572 0.000000 0.069644
vn -0.997572 0.000000 0.069644
vn -0.997572 0.000000 0.069644
vn 0.241582 0.000000 0.970380
vn 0.241582 0.000000 0.970380
vn 0.241582 0.000000 0.970380
vn 0.241582 0.000000 0.970380
vn -1.000000 0.000000 0.000000
vn -1.000000 0.000000 0.000000
vn -1.000000 0.000000 0.000000
vn -1.000000 0.000000 0.000000
vn -1.000000 0.000000 0.000000
vn -1.000000 0.000000 0.000000
vn -1.000000 0.000000 0.000000
vn -1.000000 0.000000 0.000000
vn -0.997579 0.000000 0.069543
vn -0.997579 0.000000 0.069543
vn -0.997579 0.000000 0.069543
vn -0.997579 0.000000 0.069543
vn -0.997573 0.000000 0.069623
vn -0.997573 0.000000 0.069623
vn -0.997573 0.000000 0.069623
vn -0.997573 0.000000 0.069623
vn -0.997576 0.000000 0.069581
vn -0.997576 0.000000 0.069581
vn -0.997576 0.000000 0.069581
vn -0.997576 0.000000 0.069581
vn -0.997568 0.000000 0.069697
vn -0.997568 0.000000 0.069697
vn -0.997568 0.000000 0.069697
vn -0.997568 0.000000 0.069697
vn -0.832050 0.000000 -0.554701
vn -0.832050 0.000000 -0.554701
vn -0.832050 0.000000 -0.554701
vn -0.832050 0.000000 -0.554701
vn -0.831987 0.000000 -0.554796
vn -0.831987 0.000000 -0.554796
vn -0.831987 0.000000 -0.554796
vn -0.831987 0.000000 -0.554796
vn -0.832093 0.000000 -0.554636
vn -0.832093 0.000000 -0.554636
vn -0.832093 0.000000 -0.554636
vn -0.832093 0.000000 -0.554636
vn -0.832088 0.000000 -0.554644
vn -0.832088 0.000000 -0.554644
vn -0.832088 0.000000 -0.554644
vn -0.832088 0.000000 -0.554644
vn -0.832024 0.000000 -0.554740
vn -0.832024 0.000000 -0.554740
vn -0.832024 0.000000 -0.554740
vn -0.832024 0.000000 -0.554740
vn -0.832069 0.000000 -0.554673
vn -0.832069 0.000000 -0.554673
vn -0.832069 0.000000 -0.554673
vn -0.832069 0.000000 -0.554673
vn 0.734049 0.000000 0.679096
vn 0.734049 0.000000 0.679096
vn 0.734049 0.000000 0.679096
vn 0.734049 0.000000 0.679096
vn 0.761162 0.000000 0.648562
vn 0.761162 0.000000 0.648562
vn 0.761162 0.000000 0.648562
vn 0.761162 0.000000 0.648562
vn 0.761237 0.000000 0.648474
vn 0.761237 0.000000 0.648474
vn 0.761237 0.000000 0.648474
vn 0.761237 0.000000 0.648474
vn -0.490261 0.000000 -0.871576
vn -0.490261 0.000000 -0.871576
vn -0.490261 0.000000 -0.871576
vn -0.490261 0.000000 -0.871576
vn 0.761261 0.000000 0.648445
vn 0.761261 0.000000 0.648445
vn 0.761261 0.000000 0.648445
vn 0.761261 0.000000 0.648445
vn 0.761171 0.000000 0.648551
vn 0.761171 0.000000 0.648551
vn 0.761171 0.000000 0.648551
vn 0.761171 0.000000 0.648551
vn 0.761399 0.000000 0.648284
vn 0.761399 0.000000 0.648284
vn 0.761399 0.000000 0.648284
vn 0.761399 0.000000 0.648284
vn 0.852599 0.000000 0.522565
vn 0.852599 0.000000 0.522565
vn 0.852599 0.000000 0.522565
vn 0.852599 0.000000 0.522565
vn 0.852604 0.000000 0.522557
vn 0.852604 0.000000 0.522557
vn 0.852604 0.000000 0.522557
vn 0.852604 0.000000 0.522557
vn 0.970143 0.000000 0.242535
vn 0.970143 0.000000 0.242535
vn 0.970143 0.000000 0.242535
vn 0.970143 0.000000 0.242535
vn 0.629164 0.000000 -0.777273
vn 0.629164 0.000000 -0.777273
vn 0.629164 0.000000 -0.777273
vn 0.629164 0.000000 -0.777273
vn -0.522561 0.000000 -0.852602
vn -0.522561 0.000000 -0.852602
vn -0.522561 0.000000 -0.852602
vn -0.522561 0.000000 -0.852602
vn 0.629210 0.000000 -0.777236
vn 0.629210 0.000000 -0.777236
vn 0.629210 0.000000 -0.777236
vn 0.629210 0.000000 -0.777236
vn -0.522565 0.000000 -0.852600
vn -0.522565 0.000000 -0.852600
vn -0.522565 0.000000 -0.852600
vn -0.522565 0.000000 -0.852600
vn 0.970143 0.000000 0.242536
vn 0.970143 0.000000 0.242536
vn 0.970143 0.000000 0.242536
vn 0.970143 0.000000 0.242536
vn 0.629165 0.000000 -0.777272
vn 0.629165 0.000000 -0.777272
vn 0.629165 0.000000 -0.777272
vn 0.629165 0.000000 -0.777272
vn -0.836510 0.000000 0.547951
vn -0.836510 0.000000 0.547951
vn -0.836510 0.000000 0.547951
vn -0.836510 0.000000 0.547951
vn -0.836449 0.000000 0.548045
vn -0.836449 0.000000 0.548045
vn -0.836449 0.000000 0.548045
vn -0.836449 0.000000 0.548045
vn -0.836436 0.000000 0.548064
vn -0.836436 0.000000 0.548064
vn -0.836436 0.000000 0.548064
vn -0.836436 0.000000 0.548064
vn -0.836468 0.000000 0.548016
vn -0.836468 0.000000 0.548016
vn -0.836468 0.000000 0.548016
vn -0.836468 0.000000 0.548016
vn -0.983282 0.000000 0.182089
vn -0.983282 0.000000 0.182089
vn -0.983282 0.000000 0.182089
vn -0.983282 0.000000 0.182089
vn -0.836376 0.000000 0.548156
vn -0.836376 0.000000 0.548156
vn -0.836376 0.000000 0.548156
vn -0.836376 0.000000 0.548156
vn -0.836530 0.000000 0.547921
vn -0.836530 0.000000 0.547921
vn -0.836530 0.000000 0.547921
vn -0.836530 0.000000 0.547921
vn -0.836394 0.000000 0.548128
vn -0.836394 0.000000 0.548128
vn -0.836394 0.000000 0.548128
vn -0.836394 0.000000 0.548128
vn -0.316223 0.000000 0.948685
vn -0.316223 0.000000 0.948685
vn -0.316223 0.000000 0.948685
vn -0.316223 0.000000 0.948685
vn -0.617822 0.000000 0.786318
vn -0.617822 0.000000 0.786318
vn -0.617822 0.000000 0.786318
vn -0.617822 0.000000 0.786318
vn -0.316228 0.000000 0.948683
vn -0.316228 0.000000 0.948683
vn -0.316228 0.000000 0.948683
vn -0.316228 0.000000 0.948683
vn -0.316233 0.000000 0.948682
vn -0.316233 0.000000 0.948682
vn -0.316233 0.000000 0.948682
vn -0.316233 0.000000 0.948682
vn -0.316245 0.000000 0.948678
vn -0.316245 0.000000 0.948678
vn -0.316245 0.000000 0.948678
vn -0.316245 0.000000 0.948678
vn 0.000000 0.000000 1.000000
vn 0.000000 0.000000 1.000000
vn 0.000000 0.000000 1.000000
vn 0.000000 0.000000 1.000000
vn -0.316225 0.000000 0.948684
vn -0.316225 0.000000 0.948684
vn -0.316225 0.000000 0.948684
vn -0.316225 0.000000 0.948684
vn -0.316186 0.000000 0.948697
vn -0.316186 0.000000 0.948697
vn -0.316186 0.000000 0.948697
vn -0.316186 0.000000 0.948697
vn -0.904835 0.000000 0.425762
vn -0.904835 0.000000 0.425762
vn -0.904835 0.000000 0.425762
vn -0.904835 0.000000 0.425762
vn -0.904914 0.000000 0.425594
vn -0.904914 0.000000 0.425594
vn -0.904914 0.000000 0.425594
vn -0.904914 0.000000 0.425594
vn -0.904790 0.000000 0.425858
vn -0.904790 0.000000 0.425858
vn -0.904790 0.000000 0.425858
vn -0.904790 0.000000 0.425858
vn -0.904904 0.000000 0.425616
vn -0.904904 0.000000 0.425616
vn -0.904904 0.000000 0.425616
vn -0.904904 0.000000 0.425616
vn -0.904806 0.000000 0.425823
vn -0.904806 0.000000 0.425823
vn -0.904806 0.000000 0.425823
vn -0.904806 0.000000 0.425823
vn -0.836448 0.000000 0.548046
vn -0.836448 0.000000 0.548046
vn -0.836448 0.000000 0.548046
vn -0.836448 0.000000 0.548046
vn -0.904767 0.000000 0.425907
vn -0.904767 0.000000 0.425907
vn -0.904767 0.000000 0.425907
vn -0.904767 0.000000 0.425907
vn -0.836521 0.000000 0.547935
vn -0.836521 0.000000 0.547935
vn -0.836521 0.000000 0.547935
vn -0.836521 0.000000 0.547935
vn -0.904723 0.000000 0.426001
vn -0.904723 0.000000 0.426001
vn -0.904723 0.000000 0.426001
vn -0.904723 0.000000 0.426001
vn -0.904911 0.000000 0.425600
vn -0.904911 0.000000 0.425600
vn -0.904911 0.000000 0.425600
vn -0.904911 0.000000 0.425600
vn 1.000000 0.000000 0.000000
vn 1.000000 0.000000 0.000000
vn 1.000000 0.000000 0.000000
vn 1.000000 0.000000 0.000000
vn 1.000000 0.000000 0.000000
vn 1.000000 0.000000 0.000000
vn 1.000000 0.000000 0.000000
vn 1.000000 0.000000 0.000000
vn -0.926060 0.000000 0.377377
vn -0.926060 0.000000 0.377377
vn -0.926060 0.000000 0.377377
vn -0.926060 0.000000 0.377377
vn -0.185891 0.000000 -0.982570
vn -0.185891 0.000000 -0.982570
vn -0.185891 0.000000 -0.982570
vn -0.185891 0.000000 -0.982570
vn -0.926071 0.000000 0.377349
vn -0.926071 0.000000 0.377349
vn -0.926071 0.000000 0.377349
vn -0.926071 0.000000 0.377349
vn -0.926092 0.000000 0.377297
vn -0.926092 0.000000 0.377297
vn -0.926092 0.000000 0.377297
vn -0.926092 0.000000 0.377297
vn -0.926120 0.000000 0.377229
vn -0.926120 0.000000 0.377229
vn -0.926120 0.000000 0.377229
vn -0.926120 0.000000 0.377229
vn -0.926145 0.000000 0.377169
vn -0.926145 0.000000 0.377169
vn -0.926145 0.000000 0.377169
vn -0.926145 0.000000 0.377169
vn -0.063700 0.000000 0.997969
vn -0.063700 0.000000 0.997969
vn -0.063700 0.000000 0.997969
vn -0.063700 0.000000 0.997969
vn -0.267642 0.000000 -0.963519
vn -0.267642 0.000000 -0.963519
vn -0.267642 0.000000 -0.963519
vn -0.267642 0.000000 -0.963519
vn 0.215801 0.000000 0.976437
vn 0.215801 0.000000 0.976437
vn 0.215801 0.000000 0.976437
vn 0.215801 0.000000 0.976437
vn -0.999703 0.000000 -0.024362
vn -0.999703 0.000000 -0.024362
vn -0.999703 0.000000 -0.024362
vn -0.999703 0.000000 -0.024362
vn 0.217882 0.000000 0.975975
vn 0.217882 0.000000 0.975975
vn 0.217882 0.000000 0.975975
vn 0.217882 0.000000 0.975975
vn -0.999703 0.000000 -0.024385
vn -0.999703 0.000000 -0.024385
vn -0.999703 0.000000 -0.024385
vn -0.999703 0.000000 -0.024385
vn -0.293105 0.000000 -0.956080
vn -0.293105 0.000000 -0.956080
vn -0.293105 0.000000 -0.956080
vn -0.293105 0.000000 -0.956080
vn -0.148337 0.000000 0.988937
vn -0.148337 0.000000 0.988937
vn -0.148337 0.000000 0.988937
vn -0.148337 0.000000 0.988937
vn 0.135111 0.000000 0.990830
vn 0.135111 0.000000 0.990830
vn 0.135111 0.000000 0.990830
vn 0.135111 0.000000 0.990830
vn -0.148344 0.000000 0.988936
vn -0.148344 0.000000 0.988936
vn -0.148344 0.000000 0.988936
vn -0.148344 0.000000 0.988936
vn -0.832061 0.000000 0.554684
vn -0.832061 0.000000 0.554684
vn -0.832061 0.000000 0.554684
vn -0.832061 0.000000 0.554684
vn -0.923063 0.000000 -0.384648
vn -0.923063 0.000000 -0.384648
vn -0.923063 0.000000 -0.384648
vn -0.923063 0.000000 -0.384648
vn -0.187240 0.000000 -0.982314
vn -0.187240 0.000000 -0.982314
vn -0.187240 0.000000 -0.982314
vn -0.187240 0.000000 -0.982314
vn 1.000000 0.000000 0.000000
vn 1.000000 0.000000 0.000000
vn 1.000000 0.000000 0.000000
vn 1.000000 0.000000 0.000000
vn 0.734803 0.000000 0.678280
vn 0.734803 0.000000 0.678280
vn 0.734803 0.000000 0.678280
vn 0.734803 0.000000 0.678280
vn -0.191630 0.000000 0.981467
vn -0.191630 0.000000 0.981467
vn -0.191630 0.000000 0.981467
vn -0.191630 0.000000 0.981467
vn 0.734825 0.000000 0.678257
vn 0.734825 0.000000 0.678257
vn 0.734825 0.000000 0.678257
vn 0.734825 0.000000 0.678257
vn 0.076697 0.000000 0.997055
vn 0.076697 0.000000 0.997055
vn 0.076697 0.000000 0.997055
vn 0.076697 0.000000 0.997055
vn -0.286970 0.000000 0.957940
vn -0.286970 0.000000 0.957940
vn -0.286970 0.000000 0.957940
vn -0.286970 0.000000 0.957940
vn -0.267684 0.000000 -0.963507
vn -0.267684 0.000000 -0.963507
vn -0.267684 0.000000 -0.963507
vn -0.267684 0.000000 -0.963507
vn 0.160682 0.000000 0.987006
vn 0.160682 0.000000 0.987006
vn 0.160682 0.000000 0.987006
vn 0.160682 0.000000 0.987006
vn 0.160674 0.000000 0.987007
vn 0.160674 0.000000 0.987007
vn 0.160674 0.000000 0.987007
vn 0.160674 0.000000 0.987007
vn -0.214407 0.000000 -0.976744
vn -0.214407 0.000000 -0.976744
vn -0.214407 0.000000 -0.976744
vn -0.214407 0.000000 -0.976744
vn 0.135117 0.000000 0.990830
vn 0.135117 0.000000 0.990830
vn 0.135117 0.000000 0.990830
vn 0.135117 0.000000 0.990830
vn 0.069624 0.000000 0.997573
vn 0.069624 0.000000 0.997573
vn 0.069624 0.000000 0.997573
vn 0.069624 0.000000 0.997573
vn -0.734801 0.000000 -0.678283
vn -0.734801 0.000000 -0.678283
vn -0.734801 0.000000 -0.678283
vn -0.734801 0.000000 -0.678283
vn -0.734773 0.000000 -0.678313
vn -0.734773 0.000000 -0.678313
vn -0.734773 0.000000 -0.678313
vn -0.734773 0.000000 -0.678313
vn -0.956192 0.000000 -0.292742
vn -0.956192 0.000000 -0.292742
vn -0.956192 0.000000 -0.292742
vn -0.956192 0.000000 -0.292742
vn 0.160668 0.000000 0.987009
vn 0.160668 0.000000 0.987009
vn 0.160668 0.000000 0.987009
vn 0.160668 0.000000 0.987009
vn -0.734862 0.000000 -0.678217
vn -0.734862 0.000000 -0.678217
vn -0.734862 0.000000 -0.678217
vn -0.734862 0.000000 -0.678217
vn 0.069597 0.000000 0.997575
vn 0.069597 0.000000 0.997575
vn 0.069597 0.000000 0.997575
vn 0.069597 0.000000 0.997575
vn -0.734797 0.000000 -0.678287
vn -0.734797 0.000000 -0.678287
vn -0.734797 0.000000 -0.678287
vn -0.734797 0.000000 -0.678287
vn 0.034756 0.000000 0.999396
vn 0.034756 0.000000 0.999396
vn 0.034756 0.000000 0.999396
vn 0.034756 0.000000 0.999396
vn -0.976768 0.000000 0.214301
vn -0.976768 0.000000 0.214301
vn -0.976768 0.000000 0.214301
vn -0.976768 0.000000 0.214301
vn -0.496139 0.000000 0.868243
vn -0.496139 0.000000 0.868243
vn -0.496139 0.000000 0.868243
vn -0.496139 0.000000 0.868243
vn -0.496139 0.000000 0.868243
vn -0.496139 0.000000 0.868243
vn -0.496139 0.000000 0.868243
vn -0.496139 0.000000 0.868243
vn -0.976733 0.000000 0.214458
vn -0.976733 0.000000 0.214458
vn -0.976733 0.000000 0.214458
vn -0.976733 0.000000 0.214458
vn -0.976744 0.000000 0.214409
vn -0.976744 0.000000 0.214409
vn -0.976744 0.000000 0.214409
vn -0.976744 0.000000 0.214409
vn -0.522562 0.000000 0.852601
vn -0.522562 0.000000 0.852601
vn -0.522562 0.000000 0.852601
vn -0.522562 0.000000 0.852601
vn -0.569230 0.000000 0.822178
vn -0.569230 0.000000 0.822178
vn -0.569230 0.000000 0.822178
vn -0.569230 0.000000 0.822178
vn -0.569211 0.000000 0.822191
vn -0.569211 0.000000 0.822191
vn -0.569211 0.000000 0.822191
vn -0.569211 0.000000 0.822191
vn -0.569244 0.000000 0.822169
vn -0.569244 0.000000 0.822169
vn -0.569244 0.000000 0.822169
vn -0.569244 0.000000 0.822169
vn -0.569207 0.000000 0.822195
vn -0.569207 0.000000 0.822195
vn -0.569207 0.000000 0.822195
vn -0.569207 0.000000 0.822195
vn -0.569210 0.000000 0.822192
vn -0.569210 0.000000 0.822192
vn -0.569210 0.000000 0.822192
vn -0.569210 0.000000 0.822192
vn -0.569181 0.000000 0.822212
vn -0.569181 0.000000 0.822212
vn -0.569181 0.000000 0.822212
vn -0.569181 0.000000 0.822212
vn -0.735915 0.000000 -0.677074
vn -0.735915 0.000000 -0.677074
vn -0.735915 0.000000 -0.677074
vn -0.735915 0.000000 -0.677074
vn -0.735893 0.000000 -0.677098
vn -0.735893 0.000000 -0.677098
vn -0.735893 0.000000 -0.677098
vn -0.735893 0.000000 -0.677098
vn -0.736000 0.000000 -0.676982
vn -0.736000 0.000000 -0.676982
vn -0.736000 0.000000 -0.676982
vn -0.736000 0.000000 -0.676982
vn -0.735945 0.000000 -0.677042
vn -0.735945 0.000000 -0.677042
vn -0.735945 0.000000 -0.677042
vn -0.735945 0.000000 -0.677042
vn -0.997054 0.000000 0.076696
vn -0.997054 0.000000 0.076696
vn -0.997054 0.000000 0.076696
vn -0.997054 0.000000 0.076696
vn -0.832050 0.000000 0.554700
vn -0.832050 0.000000 0.554700
vn -0.832050 0.000000 0.554700
vn -0.832050 0.000000 0.554700
vn -0.569190 0.000000 0.822206
vn -0.569190 0.000000 0.822206
vn -0.569190 0.000000 0.822206
vn -0.569190 0.000000 0.822206
vn 0.071266 0.000000 -0.997457
vn 0.071266 0.000000 -0.997457
vn 0.071266 0.000000 -0.997457
vn 0.071266 0.000000 -0.997457
vn -0.879234 0.000000 0.476391
vn -0.879234 0.000000 0.476391
vn -0.879234 0.000000 0.476391
vn -0.879234 0.000000 0.476391
vn 0.053460 0.000000 -0.998570
vn 0.053460 0.000000 -0.998570
vn 0.053460 0.000000 -0.998570
vn 0.053460 0.000000 -0.998570
vn 0.648466 0.000000 0.761243
vn 0.648466 0.000000 0.761243
vn 0.648466 0.000000 0.761243
vn 0.648466 0.000000 0.761243
vn 0.882353 0.000000 0.470588
vn 0.882353 0.000000 0.470588
vn 0.882353 0.000000 0.470588
vn 0.882353 0.000000 0.470588
vn -0.159234 0.000000 0.987241
vn -0.159234 0.000000 0.987241
vn -0.159234 0.000000 0.987241
vn -0.159234 0.000000 0.987241
vn -0.457957 0.000000 0.888975
vn -0.457957 0.000000 0.888975
vn -0.457957 0.000000 0.888975
vn -0.457957 0.000000 0.888975
vn -0.461352 0.000000 0.887217
vn -0.461352 0.000000 0.887217
vn -0.461352 0.000000 0.887217
vn -0.461352 0.000000 0.887217
vn -0.332822 0.000000 -0.942990
vn -0.332822 0.000000 -0.942990
vn -0.332822 0.000000 -0.942990
vn -0.332822 0.000000 -0.942990
vn -0.000473 0.000000 1.000000
vn -0.000473 0.000000 1.000000
vn -0.000473 0.000000 1.000000
vn -0.000473 0.000000 1.000000
vn 0.071214 0.000000 0.997461
vn 0.071214 0.000000 0.997461
vn 0.071214 0.000000 0.997461
vn 0.071214 0.000000 0.997461
vn 0.052555 0.000000 0.998618
vn 0.052555 0.000000 0.998618
vn 0.052555 0.000000 0.998618
vn 0.052555 0.000000 0.998618
vn 1.000000 0.000000 0.000000
vn 1.000000 0.000000 0.000000
vn 1.000000 0.000000 0.000000
vn 1.000000 0.000000 0.000000
vn -0.919147 0.000000 -0.393916
vn -0.919147 0.000000 -0.393916
vn -0.919147 0.000000 -0.393916
vn -0.919147 0.000000 -0.393916
vn -0.169907 0.000000 -0.985460
vn -0.169907 0.000000 -0.985460
vn -0.169907 0.000000 -0.985460
vn -0.169907 0.000000 -0.985460
vn -0.871576 0.000000 -0.490261
vn -0.871576 0.000000 -0.490261
vn -0.871576 0.000000 -0.490261
vn -0.871576 0.000000 -0.490261
vn -0.759023 0.000000 0.651064
vn -0.759023 0.000000 0.651064
vn -0.759023 0.000000 0.651064
vn -0.759023 0.000000 0.651064
vn -0.784884 0.000000 0.619643
vn -0.784884 0.000000 0.619643
vn -0.784884 0.000000 0.619643
vn -0.784884 0.000000 0.619643
vn 0.605084 0.000000 -0.796162
vn 0.605084 0.000000 -0.796162
vn 0.605084 0.000000 -0.796162
vn 0.605084 0.000000 -0.796162
vn 0.454678 0.000000 0.890656
vn 0.454678 0.000000 0.890656
vn 0.454678 0.000000 0.890656
vn 0.454678 0.000000 0.890656
vn 0.553492 0.000000 0.832854
vn 0.553492 0.000000 0.832854
vn 0.553492 0.000000 0.832854
vn 0.553492 0.000000 0.832854
vn 0.990278 0.000000 0.139101
vn 0.990278 0.000000 0.139101
vn 0.990278 0.000000 0.139101
vn 0.990278 0.000000 0.139101
vn -0.786319 0.000000 -0.617820
vn -0.786319 0.000000 -0.617820
vn -0.786319 0.000000 -0.617820
vn -0.786319 0.000000 -0.617820
vn -0.650204 0.000000 0.759760
vn -0.650204 0.000000 0.759760
vn -0.650204 0.000000 0.759760
vn -0.650204 0.000000 0.759760
vn -0.911110 0.000000 0.412164
vn -0.911110 0.000000 0.412164
vn -0.911110 0.000000 0.412164
vn -0.911110 0.000000 0.412164
vn -0.666961 0.000000 0.745092
vn -0.666961 0.000000 0.745092
vn -0.666961 0.000000 0.745092
vn -0.666961 0.000000 0.745092
vn -0.736835 0.000000 0.676072
vn -0.736835 0.000000 0.676072
vn -0.736835 0.000000 0.676072
vn -0.736835 0.000000 0.676072
vn -0.681124 0.000000 0.732168
vn -0.681124 0.000000 0.732168
vn -0.681124 0.000000 0.732168
vn -0.681124 0.000000 0.732168
vn -0.903948 0.000000 0.427643
vn -0.903948 0.000000 0.427643
vn -0.903948 0.000000 0.427643
vn -0.903948 0.000000 0.427643
vn -0.750734 0.000000 0.660605
vn -0.750734 0.000000 0.660605
vn -0.750734 0.000000 0.660605
vn -0.750734 0.000000 0.660605
vn -0.515539 0.000000 0.856866
vn -0.515539 0.000000 0.856866
vn -0.515539 0.000000 0.856866
vn -0.515539 0.000000 0.856866
vn 0.772696 0.000000 0.634776
vn 0.772696 0.000000 0.634776
vn 0.772696 0.000000 0.634776
vn 0.772696 0.000000 0.634776
vn 0.558284 0.000000 -0.829650
vn 0.558284 0.000000 -0.829650
vn 0.558284 0.000000 -0.829650
vn 0.558284 0.000000 -0.829650
vn -0.915137 0.000000 0.403143
vn -0.915137 0.000000 0.403143
vn -0.915137 0.000000 0.403143
vn -0.915137 0.000000 0.403143
vn -0.972121 0.000000 0.234480
vn -0.972121 0.000000 0.234480
vn -0.972121 0.000000 0.234480
vn -0.972121 0.000000 0.234480
vn -0.810610 0.000000 0.585586
vn -0.810610 0.000000 0.585586
vn -0.810610 0.000000 0.585586
vn -0.810610 0.000000 0.585586
vn -0.167921 0.000000 -0.985800
vn -0.167921 0.000000 -0.985800
vn -0.167921 0.000000 -0.985800
vn -0.167921 0.000000 -0.985800
vn -0.141411 0.000000 -0.989951
vn -0.141411 0.000000 -0.989951
vn -0.141411 0.000000 -0.989951
vn -0.141411 0.000000 -0.989951
vn 0.906310 0.000000 -0.422614
vn 0.906310 0.000000 -0.422614
vn 0.906310 0.000000 -0.422614
vn 0.906310 0.000000 -0.422614
vn 0.910256 0.000000 0.414046
vn 0.910256 0.000000 0.414046
vn 0.910256 0.000000 0.414046
vn 0.910256 0.000000 0.414046
vn -0.866227 0.000000 0.499650
vn -0.866227 0.000000 0.499650
vn -0.866227 0.000000 0.499650
vn -0.866227 0.000000 0.499650
vn -0.826875 0.000000 0.562386
vn -0.826875 0.000000 0.562386
vn -0.826875 0.000000 0.562386
vn -0.826875 0.000000 0.562386
vn -0.875356 0.000000 0.483478
vn -0.875356 0.000000 0.483478
vn -0.875356 0.000000 0.483478
vn -0.875356 0.000000 0.483478
vn -0.290313 0.000000 -0.956932
vn -0.290313 0.000000 -0.956932
vn -0.290313 0.000000 -0.956932
vn -0.290313 0.000000 -0.956932
vn -0.465045 0.000000 -0.885287
vn -0.465045 0.000000 -0.885287
vn -0.465045 0.000000 -0.885287
vn -0.465045 0.000000 -0.885287
vn -0.870503 0.000000 0.492164
vn -0.870503 0.000000 0.492164
vn -0.870503 0.000000 0.492164
vn -0.870503 0.000000 0.492164
vn -0.735147 0.000000 0.677908
vn -0.735147 0.000000 0.677908
vn -0.735147 0.000000 0.677908
vn -0.735147 0.000000 0.677908
vn 0.819092 0.000000 0.573662
vn 0.819092 0.000000 0.573662
vn 0.819092 0.000000 0.573662
vn 0.819092 0.000000 0.573662
vn 0.587965 0.000000 -0.808886
vn 0.587965 0.000000 -0.808886
vn 0.587965 0.000000 -0.808886
vn 0.587965 0.000000 -0.808886
vn -0.880509 0.000000 0.474030
vn -0.880509 0.000000 0.474030
vn -0.880509 0.000000 0.474030
vn -0.880509 0.000000 0.474030
vn -0.888978 0.000000 0.457949
vn -0.888978 0.000000 0.457949
vn -0.888978 0.000000 0.457949
vn -0.888978 0.000000 0.457949
vn -0.860593 0.000000 0.509293
vn -0.860593 0.000000 0.509293
vn -0.860593 0.000000 0.509293
vn -0.860593 0.000000 0.509293
vn -0.826932 0.000000 0.562302
vn -0.826932 0.000000 0.562302
vn -0.826932 0.000000 0.562302
vn -0.826932 0.000000 0.562302
vn -0.888975 0.000000 0.457956
vn -0.888975 0.000000 0.457956
vn -0.888975 0.000000 0.457956
vn -0.888975 0.000000 0.457956
vn -0.873032 0.000000 0.487664
vn -0.873032 0.000000 0.487664
vn -0.873032 0.000000 0.487664
vn -0.873032 0.000000 0.487664
vn -0.862389 0.000000 0.506246
vn -0.862389 0.000000 0.506246
vn -0.862389 0.000000 0.506246
vn -0.862389 0.000000 0.506246
vn -0.851225 0.000000 0.524800
vn -0.851225 0.000000 0.524800
vn -0.851225 0.000000 0.524800
vn -0.851225 0.000000 0.524800
vn 0.351250 0.000000 0.936282
vn 0.351250 0.000000 0.936282
vn 0.351250 0.000000 0.936282
vn 0.351250 0.000000 0.936282
vn -0.997785 0.000000 0.066519
vn -0.997785 0.000000 0.066519
vn -0.997785 0.000000 0.066519
vn -0.997785 0.000000 0.066519
vn 0.185892 0.000000 0.982570
vn 0.185892 0.000000 0.982570
vn 0.185892 0.000000 0.982570
vn 0.185892 0.000000 0.982570
vn -0.050587 0.000000 -0.998720
vn -0.050587 0.000000 -0.998720
vn -0.050587 0.000000 -0.998720
vn -0.050587 0.000000 -0.998720
vn -0.141421 0.000000 0.989950
vn -0.141421 0.000000 0.989950
vn -0.141421 0.000000 0.989950
vn -0.141421 0.000000 0.989950
vn 0.301132 0.000000 0.953583
vn 0.301132 0.000000 0.953583
vn 0.301132 0.000000 0.953583
vn 0.301132 0.000000 0.953583
vn 0.000000 0.000000 1.000000
vn 0.000000 0.000000 1.000000
vn 0.000000 0.000000 1.000000
vn 0.000000 0.000000 1.000000
vn -0.768221 0.000000 0.640185
vn -0.768221 0.000000 0.640185
vn -0.768221 0.000000 0.640185
vn -0.768221 0.000000 0.640185
vn -0.645885 0.000000 0.763435
vn -0.645885 0.000000 0.763435
vn -0.645885 0.000000 0.763435
vn -0.645885 0.000000 0.763435
vn -0.523979 0.000000 0.851731
vn -0.523979 0.000000 0.851731
vn -0.523979 0.000000 0.851731
vn -0.523979 0.000000 0.851731
vn -0.453726 0.000000 0.891141
vn -0.453726 0.000000 0.891141
vn -0.453726 0.000000 0.891141
vn -0.453726 0.000000 0.891141
vn -0.857239 0.000000 0.514919
vn -0.857239 0.000000 0.514919
vn -0.857239 0.000000 0.514919
vn -0.857239 0.000000 0.514919
vn -0.846911 0.000000 0.531734
vn -0.846911 0.000000 0.531734
vn -0.846911 0.000000 0.531734
vn -0.846911 0.000000 0.531734
vn 0.490261 0.000000 -0.871576
vn 0.490261 0.000000 -0.871576
vn 0.490261 0.000000 -0.871576
vn 0.490261 0.000000 -0.871576
vn 0.214407 0.000000 -0.976744
vn 0.214407 0.000000 -0.976744
vn 0.214407 0.000000 -0.976744
vn 0.214407 0.000000 -0.976744
vn 0.734803 0.000000 -0.678280
vn 0.734803 0.000000 -0.678280
vn 0.734803 0.000000 -0.678280
vn 0.734803 0.000000 -0.678280
vn -0.127164 0.000000 0.991882
vn -0.127164 0.000000 0.991882
vn -0.127164 0.000000 0.991882
vn -0.127164 0.000000 0.991882
vn -0.514496 0.000000 0.857493
vn -0.514496 0.000000 0.857493
vn -0.514496 0.000000 0.857493
vn -0.514496 0.000000 0.857493
vn -0.425799 0.000000 -0.904818
vn -0.425799 0.000000 -0.904818
vn -0.425799 0.000000 -0.904818
vn -0.425799 0.000000 -0.904818
vn 0.270752 0.000000 0.962649
vn 0.270752 0.000000 0.962649
vn 0.270752 0.000000 0.962649
vn 0.270752 0.000000 0.962649
vn 0.301133 0.000000 0.953582
vn 0.301133 0.000000 0.953582
vn 0.301133 0.000000 0.953582
vn 0.301133 0.000000 0.953582
vn 0.344451 0.000000 0.938804
vn 0.344451 0.000000 0.938804
vn 0.344451 0.000000 0.938804
vn 0.344451 0.000000 0.938804
vn -0.617817 0.000000 -0.786322
vn -0.617817 0.000000 -0.786322
vn -0.617817 0.000000 -0.786322
vn -0.617817 0.000000 -0.786322
vn 0.730245 0.000000 0.683186
vn 0.730245 0.000000 0.683186
vn 0.730245 0.000000 0.683186
vn 0.730245 0.000000 0.683186
vn 0.836480 0.000000 -0.547998
vn 0.836480 0.000000 -0.547998
vn 0.836480 0.000000 -0.547998
vn 0.836480 0.000000 -0.547998
vn 0.784560 0.000000 0.620053
vn 0.784560 0.000000 0.620053
vn 0.784560 0.000000 0.620053
vn 0.784560 0.000000 0.620053
vn 0.852602 0.000000 -0.522562
vn 0.852602 0.000000 -0.522562
vn 0.852602 0.000000 -0.522562
vn 0.852602 0.000000 -0.522562
vn 0.141421 0.000000 -0.989950
vn 0.141421 0.000000 -0.989950
vn 0.141421 0.000000 -0.989950
vn 0.141421 0.000000 -0.989950
vn -0.047565 0.000000 -0.998868
vn -0.047565 0.000000 -0.998868
vn -0.047565 0.000000 -0.998868
vn -0.047565 0.000000 -0.998868
vn -0.734803 0.000000 0.678280
vn -0.734803 0.000000 0.678280
vn -0.734803 0.000000 0.678280
vn -0.734803 0.000000 0.678280
vn -0.648467 0.000000 0.761243
vn -0.648467 0.000000 0.761243
vn -0.648467 0.000000 0.761243
vn -0.648467 0.000000 0.761243
vn -0.617824 0.000000 -0.786316
vn -0.617824 0.000000 -0.786316
vn -0.617824 0.000000 -0.786316
vn -0.617824 0.000000 -0.786316
vn -0.586510 0.000000 0.809942
vn -0.586510 0.000000 0.809942
vn -0.586510 0.000000 0.809942
vn -0.586510 0.000000 0.809942
vn -0.155955 0.000000 -0.987764
vn -0.155955 0.000000 -0.987764
vn -0.155955 0.000000 -0.987764
vn -0.155955 0.000000 -0.987764
vn 0.760719 0.000000 -0.649081
vn 0.760719 0.000000 -0.649081
vn 0.760719 0.000000 -0.649081
vn 0.760719 0.000000 -0.649081
vn -0.136677 0.000000 -0.990616
vn -0.136677 0.000000 -0.990616
vn -0.136677 0.000000 -0.990616
vn -0.136677 0.000000 -0.990616
vn 0.725740 0.000000 -0.687969
vn 0.725740 0.000000 -0.687969
vn 0.725740 0.000000 -0.687969
vn 0.725740 0.000000 -0.687969
vn 0.645268 0.000000 -0.763956
vn 0.645268 0.000000 -0.763956
vn 0.645268 0.000000 -0.763956
vn 0.645268 0.000000 -0.763956
vn 0.713993 0.000000 -0.700153
vn 0.713993 0.000000 -0.700153
vn 0.713993 0.000000 -0.700153
vn 0.713993 0.000000 -0.700153
vn 0.580395 0.000000 0.814335
vn 0.580395 0.000000 0.814335
vn 0.580395 0.000000 0.814335
vn 0.580395 0.000000 0.814335
vn 0.586510 0.000000 -0.809942
vn 0.586510 0.000000 -0.809942
vn 0.586510 0.000000 -0.809942
vn 0.586510 0.000000 -0.809942
vn 0.734804 0.000000 -0.678280
vn 0.734804 0.000000 -0.678280
vn 0.734804 0.000000 -0.678280
vn 0.734804 0.000000 -0.678280
vn 0.832050 0.000000 -0.554700
vn 0.832050 0.000000 -0.554700
vn 0.832050 0.000000 -0.554700
vn 0.832050 0.000000 -0.554700
vn 0.904819 0.000000 -0.425797
vn 0.904819 0.000000 -0.425797
vn 0.904819 0.000000 -0.425797
vn 0.904819 0.000000 -0.425797
vn -0.998337 0.000000 0.057651
vn -0.998337 0.000000 0.057651
vn -0.998337 0.000000 0.057651
vn -0.998337 0.000000 0.057651
vn 0.208076 0.000000 0.978113
vn 0.208076 0.000000 0.978113
vn 0.208076 0.000000 0.978113
vn 0.208076 0.000000 0.978113
vn -0.586749 0.000000 0.809769
vn -0.586749 0.000000 0.809769
vn -0.586749 0.000000 0.809769
vn -0.586749 0.000000 0.809769
vn 0.832050 0.000000 -0.554700
vn 0.832050 0.000000 -0.554700
vn 0.832050 0.000000 -0.554700
vn 0.832050 0.000000 -0.554700
vn 0.888975 0.000000 -0.457957
vn 0.888975 0.000000 -0.457957
vn 0.888975 0.000000 -0.457957
vn 0.888975 0.000000 -0.457957
vn 0.998053 0.000000 0.062378
vn 0.998053 0.000000 0.062378
vn 0.998053 0.000000 0.062378
vn 0.998053 0.000000 0.062378
vn -0.425796 0.000000 0.904819
vn -0.425796 0.000000 0.904819
vn -0.425796 0.000000 0.904819
vn -0.425796 0.000000 0.904819
vn -0.214407 0.000000 0.976744
vn -0.214407 0.000000 0.976744
vn -0.214407 0.000000 0.976744
vn -0.214407 0.000000 0.976744
vn 0.894427 0.000000 0.447214
vn 0.894427 0.000000 0.447214
vn 0.894427 0.000000 0.447214
vn 0.894427 0.000000 0.447214
vn 0.048300 0.000000 -0.998833
vn 0.048300 0.000000 -0.998833
vn 0.048300 0.000000 -0.998833
vn 0.048300 0.000000 -0.998833
vn 0.737090 0.000000 -0.675795
vn 0.737090 0.000000 -0.675795
vn 0.737090 0.000000 -0.675795
vn 0.737090 0.000000 -0.675795
vn 0.272670 0.000000 -0.962108
vn 0.272670 0.000000 -0.962108
vn 0.272670 0.000000 -0.962108
vn 0.272670 0.000000 -0.962108
vn 0.236360 0.000000 -0.971666
vn 0.236360 0.000000 -0.971666
vn 0.236360 0.000000 -0.971666
vn 0.236360 0.000000 -0.971666
vn 0.281236 0.000000 -0.959639
vn 0.281236 0.000000 -0.959639
vn 0.281236 0.000000 -0.959639
vn 0.281236 0.000000 -0.959639
vn 0.995355 0.000000 -0.096277
vn 0.995355 0.000000 -0.096277
vn 0.995355 0.000000 -0.096277
vn 0.995355 0.000000 -0.096277
vn 0.970474 0.000000 -0.241206
vn 0.970474 0.000000 -0.241206
vn 0.970474 0.000000 -0.241206
vn 0.970474 0.000000 -0.241206
vn 0.917622 0.000000 -0.397454
vn 0.917622 0.000000 -0.397454
vn 0.917622 0.000000 -0.397454
vn 0.917622 0.000000 -0.397454
vn 0.941661 0.000000 0.336562
vn 0.941661 0.000000 0.336562
vn 0.941661 0.000000 0.336562
vn 0.941661 0.000000 0.336562
vn 0.498784 0.000000 -0.866727
vn 0.498784 0.000000 -0.866727
vn 0.498784 0.000000 -0.866727
vn 0.498784 0.000000 -0.866727
vn -0.637955 0.000000 0.770074
vn -0.637955 0.000000 0.770074
vn -0.637955 0.000000 0.770074
vn -0.637955 0.000000 0.770074
vn -0.784247 0.000000 0.620449
vn -0.784247 0.000000 0.620449
vn -0.784247 0.000000 0.620449
vn -0.784247 0.000000 0.620449
vn 0.844498 0.000000 0.535559
vn 0.844498 0.000000 0.535559
vn 0.844498 0.000000 0.535559
vn 0.844498 0.000000 0.535559
vn 0.997055 0.000000 -0.076696
vn 0.997055 0.000000 -0.076696
vn 0.997055 0.000000 -0.076696
vn 0.997055 0.000000 -0.076696
vn 0.970143 0.000000 0.242536
vn 0.970143 0.000000 0.242536
vn 0.970143 0.000000 0.242536
vn 0.970143 0.000000 0.242536
vn 0.999635 0.000000 0.027020
vn 0.999635 0.000000 0.027020
vn 0.999635 0.000000 0.027020
vn 0.999635 0.000000 0.027020
vn -0.522562 0.000000 0.852601
vn -0.522562 0.000000 0.852601
vn -0.522562 0.000000 0.852601
vn -0.522562 0.000000 0.852601
vn -0.362446 0.000000 0.932005
vn -0.362446 0.000000 0.932005
vn -0.362446 0.000000 0.932005
vn -0.362446 0.000000 0.932005
vn 0.587414 0.000000 0.809287
vn 0.587414 0.000000 0.809287
vn 0.587414 0.000000 0.809287
vn 0.587414 0.000000 0.809287
vn -0.736465 0.000000 -0.676476
vn -0.736465 0.000000 -0.676476
vn -0.736465 0.000000 -0.676476
vn -0.736465 0.000000 -0.676476
vn 0.584401 0.000000 0.811465
vn 0.584401 0.000000 0.811465
vn 0.584401 0.000000 0.811465
vn 0.584401 0.000000 0.811465
vn -0.989950 0.000000 0.141421
vn -0.989950 0.000000 0.141421
vn -0.989950 0.000000 0.141421
vn -0.989950 0.000000 0.141421
vn 0.396236 0.000000 0.918149
vn 0.396236 0.000000 0.918149
vn 0.396236 0.000000 0.918149
vn 0.396236 0.000000 0.918149
vn -0.976744 0.000000 0.214407
vn -0.976744 0.000000 0.214407
vn -0.976744 0.000000 0.214407
vn -0.976744 0.000000 0.214407
vn 0.769619 0.000000 -0.638504
vn 0.769619 0.000000 -0.638504
vn 0.769619 0.000000 -0.638504
vn 0.769619 0.000000 -0.638504
vn 0.916201 0.000000 -0.400719
vn 0.916201 0.000000 -0.400719
vn 0.916201 0.000000 -0.400719
vn 0.916201 0.000000 -0.400719
vn -0.871576 0.000000 0.490261
vn -0.871576 0.000000 0.490261
vn -0.871576 0.000000 0.490261
vn -0.871576 0.000000 0.490261
vn -0.217559 0.000000 0.976047
vn -0.217559 0.000000 0.976047
vn -0.217559 0.000000 0.976047
vn -0.217559 0.000000 0.976047
vn 0.757429 0.000000 -0.652918
vn 0.757429 0.000000 -0.652918
vn 0.757429 0.000000 -0.652918
vn 0.757429 0.000000 -0.652918
vn -0.674463 0.000000 0.738309
vn -0.674463 0.000000 0.738309
vn -0.674463 0.000000 0.738309
vn -0.674463 0.000000 0.738309
vn 0.425796 0.000000 -0.904819
vn 0.425796 0.000000 -0.904819
vn 0.425796 0.000000 -0.904819
vn 0.425796 0.000000 -0.904819
vn 0.997055 0.000000 -0.076696
vn 0.997055 0.000000 -0.076696
vn 0.997055 0.000000 -0.076696
vn 0.997055 0.000000 -0.076696
vn -0.176663 0.000000 0.984271
vn -0.176663 0.000000 0.984271
vn -0.176663 0.000000 0.984271
vn -0.176663 0.000000 0.984271
vn 0.110430 0.000000 -0.993884
vn 0.110430 0.000000 -0.993884
vn 0.110430 0.000000 -0.993884
vn 0.110430 0.000000 -0.993884
vn 0.249046 0.000000 -0.968492
vn 0.249046 0.000000 -0.968492
vn 0.249046 0.000000 -0.968492
vn 0.249046 0.000000 -0.968492
vn 0.249034 0.000000 -0.968495
vn 0.249034 0.000000 -0.968495
vn 0.249034 0.000000 -0.968495
vn 0.249034 0.000000 -0.968495
vn 0.930382 0.000000 -0.366591
vn 0.930382 0.000000 -0.366591
vn 0.930382 0.000000 -0.366591
vn 0.930382 0.000000 -0.366591
vn 0.654282 0.000000 -0.756251
vn 0.654282 0.000000 -0.756251
vn 0.654282 0.000000 -0.756251
vn 0.654282 0.000000 -0.756251
vn 0.678280 0.000000 0.734803
vn 0.678280 0.000000 0.734803
vn 0.678280 0.000000 0.734803
vn 0.678280 0.000000 0.734803
vn 0.027017 0.000000 0.999635
vn 0.027017 0.000000 0.999635
vn 0.027017 0.000000 0.999635
vn 0.027017 0.000000 0.999635
vn 0.904819 0.000000 -0.425797
vn 0.904819 0.000000 -0.425797
vn 0.904819 0.000000 -0.425797
vn 0.904819 0.000000 -0.425797
vn 0.876807 0.000000 0.480842
vn 0.876807 0.000000 0.480842
vn 0.876807 0.000000 0.480842
vn 0.876807 0.000000 0.480842
vn -0.425797 0.000000 0.904818
vn -0.425797 0.000000 0.904818
vn -0.425797 0.000000 0.904818
vn -0.425797 0.000000 0.904818
vn -0.761243 0.000000 0.648467
vn -0.761243 0.000000 0.648467
vn -0.761243 0.000000 0.648467
vn -0.761243 0.000000 0.648467
vn -0.096325 0.000000 0.995350
vn -0.096325 0.000000 0.995350
vn -0.096325 0.000000 0.995350
vn -0.096325 0.000000 0.995350
vn 0.904819 0.000000 -0.425797
vn 0.904819 0.000000 -0.425797
vn 0.904819 0.000000 -0.425797
vn 0.904819 0.000000 -0.425797
vn 0.809942 0.000000 -0.586510
vn 0.809942 0.000000 -0.586510
vn 0.809942 0.000000 -0.586510
vn 0.809942 0.000000 -0.586510
vn 0.554700 0.000000 -0.832051
vn 0.554700 0.000000 -0.832051
vn 0.554700 0.000000 -0.832051
vn 0.554700 0.000000 -0.832051
vn 0.784155 0.000000 -0.620565
vn 0.784155 0.000000 -0.620565
vn 0.784155 0.000000 -0.620565
vn 0.784155 0.000000 -0.620565
vn 0.930148 0.000000 -0.367184
vn 0.930148 0.000000 -0.367184
vn 0.930148 0.000000 -0.367184
vn 0.930148 0.000000 -0.367184
vn 0.110432 0.000000 -0.993884
vn 0.110432 0.000000 -0.993884
vn 0.110432 0.000000 -0.993884
vn 0.110432 0.000000 -0.993884
vn -0.271460 0.000000 0.962450
vn -0.271460 0.000000 0.962450
vn -0.271460 0.000000 0.962450
vn -0.271460 0.000000 0.962450
vn 0.196115 0.000000 0.980581
vn 0.196115 0.000000 0.980581
vn 0.196115 0.000000 0.980581
vn 0.196115 0.000000 0.980581
vn -0.691903 0.000000 0.721991
vn -0.691903 0.000000 0.721991
vn -0.691903 0.000000 0.721991
vn -0.691903 0.000000 0.721991
vn -0.901007 0.000000 0.433804
vn -0.901007 0.000000 0.433804
vn -0.901007 0.000000 0.433804
vn -0.901007 0.000000 0.433804
vn -0.900993 0.000000 0.433834
vn -0.900993 0.000000 0.433834
vn -0.900993 0.000000 0.433834
vn -0.900993 0.000000 0.433834
vn -0.353762 0.000000 0.935336
vn -0.353762 0.000000 0.935336
vn -0.353762 0.000000 0.935336
vn -0.353762 0.000000 0.935336
vn -0.400885 0.000000 0.916129
vn -0.400885 0.000000 0.916129
vn -0.400885 0.000000 0.916129
vn -0.400885 0.000000 0.916129
vn 0.575298 0.000000 0.817944
vn 0.575298 0.000000 0.817944
vn 0.575298 0.000000 0.817944
vn 0.575298 0.000000 0.817944
vn -0.400819 0.000000 0.916157
vn -0.400819 0.000000 0.916157
vn -0.400819 0.000000 0.916157
vn -0.400819 0.000000 0.916157
vn -0.930785 0.000000 0.365567
vn -0.930785 0.000000 0.365567
vn -0.930785 0.000000 0.365567
vn -0.930785 0.000000 0.365567
vn -0.618381 0.000000 -0.785879
vn -0.618381 0.000000 -0.785879
vn -0.618381 0.000000 -0.785879
vn -0.618381 0.000000 -0.785879
vn -0.595359 0.000000 -0.803460
vn -0.595359 0.000000 -0.803460
vn -0.595359 0.000000 -0.803460
vn -0.595359 0.000000 -0.803460
vn 0.960108 0.000000 -0.279628
vn 0.960108 0.000000 -0.279628
vn 0.960108 0.000000 -0.279628
vn 0.960108 0.000000 -0.279628
vn 0.638768 0.000000 0.769399
vn 0.638768 0.000000 0.769399
vn 0.638768 0.000000 0.769399
vn 0.638768 0.000000 0.769399
vn 0.157279 0.000000 -0.987554
vn 0.157279 0.000000 -0.987554
vn 0.157279 0.000000 -0.987554
vn 0.157279 0.000000 -0.987554
vn 0.554701 0.000000 0.832050
vn 0.554701 0.000000 0.832050
vn 0.554701 0.000000 0.832050
vn 0.554701 0.000000 0.832050
vn -0.425797 0.000000 0.904818
vn -0.425797 0.000000 0.904818
vn -0.425797 0.000000 0.904818
vn -0.425797 0.000000 0.904818
vn 0.617822 0.000000 0.786318
vn 0.617822 0.000000 0.786318
vn 0.617822 0.000000 0.786318
vn 0.617822 0.000000 0.786318
vn 0.141421 0.000000 -0.989950
vn 0.141421 0.000000 -0.989950
vn 0.141421 0.000000 -0.989950
vn 0.141421 0.000000 -0.989950
vn 0.141424 0.000000 -0.989949
vn 0.141424 0.000000 -0.989949
vn 0.141424 0.000000 -0.989949
vn 0.141424 0.000000 -0.989949
vn 0.077905 0.000000 -0.996961
vn 0.077905 0.000000 -0.996961
vn 0.077905 0.000000 -0.996961
vn 0.077905 0.000000 -0.996961
vn -0.047565 0.000000 0.998868
vn -0.047565 0.000000 0.998868
vn -0.047565 0.000000 0.998868
vn -0.047565 0.000000 0.998868
vn 0.761243 0.000000 0.648467
vn 0.761243 0.000000 0.648467
vn 0.761243 0.000000 0.648467
vn 0.761243 0.000000 0.648467
vn -0.999749 0.000000 -0.022385
vn -0.999749 0.000000 -0.022385
vn -0.999749 0.000000 -0.022385
vn -0.999749 0.000000 -0.022385
vn -0.996035 0.000000 -0.088968
vn -0.996035 0.000000 -0.088968
vn -0.996035 0.000000 -0.088968
vn -0.996035 0.000000 -0.088968
vn -0.835155 0.000000 0.550014
vn -0.835155 0.000000 0.550014
vn -0.835155 0.000000 0.550014
vn -0.835155 0.000000 0.550014
vn -0.999766 0.000000 -0.021654
vn -0.999766 0.000000 -0.021654
vn -0.999766 0.000000 -0.021654
vn -0.999766 0.000000 -0.021654
vn 0.999056 0.000000 0.043437
vn 0.999056 0.000000 0.043437
vn 0.999056 0.000000 0.043437
vn 0.999056 0.000000 0.043437
vn -0.095247 0.000000 -0.995454
vn -0.095247 0.000000 -0.995454
vn -0.095247 0.000000 -0.995454
vn -0.095247 0.000000 -0.995454
vn 0.761243 0.000000 -0.648466
vn 0.761243 0.000000 -0.648466
vn 0.761243 0.000000 -0.648466
vn 0.761243 0.000000 -0.648466
vn -0.581238 0.000000 0.813734
vn -0.581238 0.000000 0.813734
vn -0.581238 0.000000 0.813734
vn -0.581238 0.000000 0.813734
vn 0.224859 0.000000 0.974391
vn 0.224859 0.000000 0.974391
vn 0.224859 0.000000 0.974391
vn 0.224859 0.000000 0.974391
vn -0.857387 0.000000 0.514672
vn -0.857387 0.000000 0.514672
vn -0.857387 0.000000 0.514672
vn -0.857387 0.000000 0.514672
vn -0.221704 0.000000 0.975114
vn -0.221704 0.000000 0.975114
vn -0.221704 0.000000 0.975114
vn -0.221704 0.000000 0.975114
vn -0.361482 0.000000 0.932379
vn -0.361482 0.000000 0.932379
vn -0.361482 0.000000 0.932379
vn -0.361482 0.000000 0.932379
vn -0.554746 0.000000 0.832020
vn -0.554746 0.000000 0.832020
vn -0.554746 0.000000 0.832020
vn -0.554746 0.000000 0.832020
vn -0.985460 0.000000 0.169905
vn -0.985460 0.000000 0.169905
vn -0.985460 0.000000 0.169905
vn -0.985460 0.000000 0.169905
vn -0.863274 0.000000 0.504736
vn -0.863274 0.000000 0.504736
vn -0.863274 0.000000 0.504736
vn -0.863274 0.000000 0.504736
vn -0.457956 0.000000 -0.888975
vn -0.457956 0.000000 -0.888975
vn -0.457956 0.000000 -0.888975
vn -0.457956 0.000000 -0.888975
vn -0.554700 0.000000 -0.832050
vn -0.554700 0.000000 -0.832050
vn -0.554700 0.000000 -0.832050
vn -0.554700 0.000000 -0.832050
vn -0.987007 0.000000 -0.160676
vn -0.987007 0.000000 -0.160676
vn -0.987007 0.000000 -0.160676
vn -0.987007 0.000000 -0.160676
vn -0.901012 0.000000 0.433794
vn -0.901012 0.000000 0.433794
vn -0.901012 0.000000 0.433794
vn -0.901012 0.000000 0.433794
vn -0.866787 0.000000 0.498679
vn -0.866787 0.000000 0.498679
vn -0.866787 0.000000 0.498679
vn -0.866787 0.000000 0.498679
vn 0.203637 0.000000 0.979047
vn 0.203637 0.000000 0.979047
vn 0.203637 0.000000 0.979047
vn 0.203637 0.000000 0.979047
vn -1.000000 0.000000 0.000000
vn -1.000000 0.000000 0.000000
vn -1.000000 0.000000 0.000000
vn -1.000000 0.000000 0.000000
vn -0.224859 0.000000 0.974391
vn -0.224859 0.000000 0.974391
vn -0.224859 0.000000 0.974391
vn -0.224859 0.000000 0.974391
vn -0.995575 0.000000 -0.093973
vn -0.995575 0.000000 -0.093973
vn -0.995575 0.000000 -0.093973
vn -0.995575 0.000000 -0.093973
vn -0.910040 0.000000 -0.414521
vn -0.910040 0.000000 -0.414521
vn -0.910040 0.000000 -0.414521
vn -0.910040 0.000000 -0.414521
vn -0.963524 0.000000 0.267623
vn -0.963524 0.000000 0.267623
vn -0.963524 0.000000 0.267623
vn -0.963524 0.000000 0.267623
vn -0.876734 0.000000 -0.480976
vn -0.876734 0.000000 -0.480976
vn -0.876734 0.000000 -0.480976
vn -0.876734 0.000000 -0.480976
vn -0.876809 0.000000 -0.480839
vn -0.876809 0.000000 -0.480839
vn -0.876809 0.000000 -0.480839
vn -0.876809 0.000000 -0.480839
vn -0.804830 0.000000 -0.593505
vn -0.804830 0.000000 -0.593505
vn -0.804830 0.000000 -0.593505
vn -0.804830 0.000000 -0.593505
vn 0.606961 0.000000 -0.794732
vn 0.606961 0.000000 -0.794732
vn 0.606961 0.000000 -0.794732
vn 0.606961 0.000000 -0.794732
vn 0.640003 0.000000 -0.768373
vn 0.640003 0.000000 -0.768373
vn 0.640003 0.000000 -0.768373
vn 0.640003 0.000000 -0.768373
vn 0.850155 0.000000 -0.526533
vn 0.850155 0.000000 -0.526533
vn 0.850155 0.000000 -0.526533
vn 0.850155 0.000000 -0.526533
vn 0.922149 0.000000 -0.386834
vn 0.922149 0.000000 -0.386834
vn 0.922149 0.000000 -0.386834
vn 0.922149 0.000000 -0.386834
vn 0.048377 0.000000 -0.998829
vn 0.048377 0.000000 -0.998829
vn 0.048377 0.000000 -0.998829
vn 0.048377 0.000000 -0.998829
vn -0.990463 0.000000 -0.137781
vn -0.990463 0.000000 -0.137781
vn -0.990463 0.000000 -0.137781
vn -0.990463 0.000000 -0.137781
vn -0.716397 0.000000 0.697693
vn -0.716397 0.000000 0.697693
vn -0.716397 0.000000 0.697693
vn -0.716397 0.000000 0.697693
vn -0.940382 0.000000 0.340120
vn -0.940382 0.000000 0.340120
vn -0.940382 0.000000 0.340120
vn -0.940382 0.000000 0.340120
vn -0.418719 0.000000 -0.908116
vn -0.418719 0.000000 -0.908116
vn -0.418719 0.000000 -0.908116
vn -0.418719 0.000000 -0.908116
vn -0.366558 0.000000 -0.930395
vn -0.366558 0.000000 -0.930395
vn -0.366558 0.000000 -0.930395
vn -0.366558 0.000000 -0.930395
vn -0.595125 0.000000 0.803634
vn -0.595125 0.000000 0.803634
vn -0.595125 0.000000 0.803634
vn -0.595125 0.000000 0.803634
vn 0.115501 0.000000 -0.993307
vn 0.115501 0.000000 -0.993307
vn 0.115501 0.000000 -0.993307
vn 0.115501 0.000000 -0.993307
vn 0.786318 0.000000 -0.617821
vn 0.786318 0.000000 -0.617821
vn 0.786318 0.000000 -0.617821
vn 0.786318 0.000000 -0.617821
vn 0.331486 0.000000 0.943460
vn 0.331486 0.000000 0.943460
vn 0.331486 0.000000 0.943460
vn 0.331486 0.000000 0.943460
vn 0.984783 0.000000 -0.173786
vn 0.984783 0.000000 -0.173786
vn 0.984783 0.000000 -0.173786
vn 0.984783 0.000000 -0.173786
vn 0.852601 0.000000 -0.522562
vn 0.852601 0.000000 -0.522562
vn 0.852601 0.000000 -0.522562
vn 0.852601 0.000000 -0.522562
vn 0.214838 0.000000 0.976650
vn 0.214838 0.000000 0.976650
vn 0.214838 0.000000 0.976650
vn 0.214838 0.000000 0.976650
vn -0.861207 0.000000 -0.508255
vn -0.861207 0.000000 -0.508255
vn -0.861207 0.000000 -0.508255
vn -0.861207 0.000000 -0.508255
vn -0.939850 0.000000 0.341587
vn -0.939850 0.000000 0.341587
vn -0.939850 0.000000 0.341587
vn -0.939850 0.000000 0.341587
vn -0.819723 0.000000 0.572760
vn -0.819723 0.000000 0.572760
vn -0.819723 0.000000 0.572761
vn -0.819723 0.000000 0.572760
vn -0.999387 0.000000 -0.035011
vn -0.999387 0.000000 -0.035011
vn -0.999387 0.000000 -0.035011
vn -0.999387 0.000000 -0.035011
vn 0.270762 0.000000 0.962646
vn 0.270762 0.000000 0.962646
vn 0.270762 0.000000 0.962646
vn 0.270762 0.000000 0.962646
vn 0.134401 0.000000 0.990927
vn 0.134401 0.000000 0.990927
vn 0.134401 0.000000 0.990927
vn 0.134401 0.000000 0.990927
vn -0.008751 0.000000 0.999962
vn -0.008751 0.000000 0.999962
vn -0.008751 0.000000 0.999962
vn -0.008751 0.000000 0.999962
vn -0.658426 0.000000 -0.752646
vn -0.658426 0.000000 -0.752646
vn -0.658426 0.000000 -0.752646
vn -0.658426 0.000000 -0.752646
vn -0.809942 0.000000 0.586510
vn -0.809942 0.000000 0.586510
vn -0.809942 0.000000 0.586510
vn -0.809942 0.000000 0.586510
vn -0.393921 0.000000 0.919144
vn -0.393921 0.000000 0.919144
vn -0.393921 0.000000 0.919144
vn -0.393921 0.000000 0.919144
vn 0.734804 0.000000 0.678280
vn 0.734804 0.000000 0.678280
vn 0.734804 0.000000 0.678280
vn 0.734804 0.000000 0.678280
vn -0.765705 0.000000 -0.643192
vn -0.765705 0.000000 -0.643192
vn -0.765705 0.000000 -0.643192
vn -0.765705 0.000000 -0.643192
vn -0.024383 0.000000 -0.999703
vn -0.024383 0.000000 -0.999703
vn -0.024383 0.000000 -0.999703
vn -0.024383 0.000000 -0.999703
vn -0.209529 0.000000 -0.977803
vn -0.209529 0.000000 -0.977803
vn -0.209529 0.000000 -0.977803
vn -0.209529 0.000000 -0.977803
vn 0.936329 0.000000 0.351124
vn 0.936329 0.000000 0.351124
vn 0.936329 0.000000 0.351124
vn 0.936329 0.000000 0.351124
vn 0.157929 0.000000 0.987450
vn 0.157929 0.000000 0.987450
vn 0.157929 0.000000 0.987450
vn 0.157929 0.000000 0.987450
vn 0.425807 0.000000 0.904814
vn 0.425807 0.000000 0.904814
vn 0.425807 0.000000 0.904814
vn 0.425807 0.000000 0.904814
vn -0.141422 0.000000 0.989949
vn -0.141422 0.000000 0.989949
vn -0.141422 0.000000 0.989949
vn -0.141422 0.000000 0.989949
vn -0.457956 0.000000 -0.888975
vn -0.457956 0.000000 -0.888975
vn -0.457956 0.000000 -0.888975
vn -0.457956 0.000000 -0.888975
vn -0.974391 0.000000 -0.224859
vn -0.974391 0.000000 -0.224859
vn -0.974391 0.000000 -0.224859
vn -0.974391 0.000000 -0.224859
vn 0.431898 0.000000 0.901923
vn 0.431898 0.000000 0.901923
vn 0.431898 0.000000 0.901923
vn 0.431898 0.000000 0.901923
vn 0.894917 0.000000 -0.446232
vn 0.894917 0.000000 -0.446232
vn 0.894917 0.000000 -0.446232
vn 0.894917 0.000000 -0.446232
vn 0.882358 0.000000 -0.470578
vn 0.882358 0.000000 -0.470578
vn 0.882358 0.000000 -0.470578
vn 0.882358 0.000000 -0.470578
vn 0.334409 0.000000 0.942428
vn 0.334409 0.000000 0.942428
vn 0.334409 0.000000 0.942428
vn 0.334409 0.000000 0.942428
vn -0.457956 0.000000 0.888975
vn -0.457956 0.000000 0.888975
vn -0.457956 0.000000 0.888975
vn -0.457956 0.000000 0.888975
vn -0.176665 0.000000 0.984271
vn -0.176665 0.000000 0.984271
vn -0.176665 0.000000 0.984271
vn -0.176665 0.000000 0.984271
vn -0.047565 0.000000 0.998868
vn -0.047565 0.000000 0.998868
vn -0.047565 0.000000 0.998868
vn -0.047565 0.000000 0.998868
vn -0.995495 0.000000 0.094809
vn -0.995495 0.000000 0.094809
vn -0.995495 0.000000 0.094809
vn -0.995495 0.000000 0.094809
vn -0.457957 0.000000 0.888975
vn -0.457957 0.000000 0.888975
vn -0.457957 0.000000 0.888975
vn -0.457957 0.000000 0.888975
vn -0.958536 0.000000 -0.284970
vn -0.958536 0.000000 -0.284970
vn -0.958536 0.000000 -0.284970
vn -0.958536 0.000000 -0.284970
vn -0.988936 0.000000 -0.148340
vn -0.988936 0.000000 -0.148340
vn -0.988936 0.000000 -0.148340
vn -0.988936 0.000000 -0.148340
vn -0.999635 0.000000 -0.027017
vn -0.999635 0.000000 -0.027017
vn -0.999635 0.000000 -0.027017
vn -0.999635 0.000000 -0.027017
vn -0.809942 0.000000 -0.586510
vn -0.809942 0.000000 -0.586510
vn -0.809942 0.000000 -0.586510
vn -0.809942 0.000000 -0.586510
vn -0.490261 0.000000 -0.871576
vn -0.490261 0.000000 -0.871576
vn -0.490261 0.000000 -0.871576
vn -0.490261 0.000000 -0.871576
vn -0.016198 0.000000 -0.999869
vn -0.016198 0.000000 -0.999869
vn -0.016198 0.000000 -0.999869
vn -0.016198 0.000000 -0.999869
vn 0.946006 0.000000 0.324150
vn 0.946006 0.000000 0.324150
vn 0.946006 0.000000 0.324150
vn 0.946006 0.000000 0.324150
vn 0.722493 0.000000 0.691378
vn 0.722493 0.000000 0.691378
vn 0.722493 0.000000 0.691378
vn 0.722493 0.000000 0.691378
vn -0.298275 0.000000 0.954480
vn -0.298275 0.000000 0.954480
vn -0.298275 0.000000 0.954480
vn -0.298275 0.000000 0.954480
vn 0.000000 0.000000 1.000000
vn 0.000000 0.000000 1.000000
vn 0.000000 0.000000 1.000000
vn 0.000000 0.000000 1.000000
vn 0.141421 0.000000 0.989950
vn 0.141421 0.000000 0.989950
vn 0.141421 0.000000 0.989950
vn 0.141421 0.000000 0.989950
vn 0.000000 0.000000 1.000000
vn 0.000000 0.000000 1.000000
vn 0.000000 0.000000 1.000000
vn 0.000000 0.000000 1.000000
vn -0.457957 0.000000 -0.888975
vn -0.457957 0.000000 -0.888975
vn -0.457957 0.000000 -0.888975
vn -0.457957 0.000000 -0.888975
vn -0.522562 0.000000 -0.852601
vn -0.522562 0.000000 -0.852601
vn -0.522562 0.000000 -0.852601
vn -0.522562 0.000000 -0.852601
vn 0.394694 0.000000 0.918813
vn 0.394694 0.000000 0.918813
vn 0.394694 0.000000 0.918813
vn 0.394694 0.000000 0.918813
vn -0.634201 0.000000 -0.773168
vn -0.634201 0.000000 -0.773168
vn -0.634201 0.000000 -0.773168
vn -0.634201 0.000000 -0.773168
vn -0.436545 0.000000 0.899682
vn -0.436545 0.000000 0.899682
vn -0.436545 0.000000 0.899682
vn -0.436545 0.000000 0.899682
vn 0.187112 0.000000 -0.982339
vn 0.187112 0.000000 -0.982339
vn 0.187112 0.000000 -0.982339
vn 0.187112 0.000000 -0.982339
vn -0.551229 0.000000 -0.834354
vn -0.551229 0.000000 -0.834354
vn -0.551229 0.000000 -0.834354
vn -0.551229 0.000000 -0.834354
vn -0.999944 0.000000 -0.010618
vn -0.999944 0.000000 -0.010618
vn -0.999944 0.000000 -0.010618
vn -0.999944 0.000000 -0.010618
vn -0.937085 0.000000 0.349103
vn -0.937085 0.000000 0.349103
vn -0.937085 0.000000 0.349103
vn -0.937085 0.000000 0.349103
vn -0.071668 0.000000 -0.997429
vn -0.071668 0.000000 -0.997429
vn -0.071668 0.000000 -0.997429
vn -0.071668 0.000000 -0.997429
vn 0.032850 0.000000 -0.999460
vn 0.032850 0.000000 -0.999460
vn 0.032850 0.000000 -0.999460
vn 0.032850 0.000000 -0.999460
vn -0.168295 0.000000 -0.985737
vn -0.168295 0.000000 -0.985737
vn -0.168295 0.000000 -0.985737
vn -0.168295 0.000000 -0.985737
vn 0.063700 0.000000 -0.997969
vn 0.063700 0.000000 -0.997969
vn 0.063700 0.000000 -0.997969
vn 0.063700 0.000000 -0.997969
vn -0.050216 0.000000 -0.998738
vn -0.050216 0.000000 -0.998738
vn -0.050216 0.000000 -0.998738
vn -0.050216 0.000000 -0.998738
vn -0.299654 0.000000 -0.954048
vn -0.299654 0.000000 -0.954048
vn -0.299654 0.000000 -0.954048
vn -0.299654 0.000000 -0.954048
vn -0.181631 0.000000 -0.983367
vn -0.181631 0.000000 -0.983367
vn -0.181631 0.000000 -0.983367
vn -0.181631 0.000000 -0.983367
vn 0.459092 0.000000 0.888389
vn 0.459092 0.000000 0.888389
vn 0.459092 0.000000 0.888389
vn 0.459092 0.000000 0.888389
vn -0.058717 0.000000 -0.998275
vn -0.058717 0.000000 -0.998275
vn -0.058717 0.000000 -0.998275
vn -0.058717 0.000000 -0.998275
vn 0.587363 0.000000 0.809324
vn 0.587363 0.000000 0.809324
vn 0.587363 0.000000 0.809324
vn 0.587363 0.000000 0.809324
vn 0.733748 0.000000 0.679421
vn 0.733748 0.000000 0.679421
vn 0.733748 0.000000 0.679421
vn 0.733748 0.000000 0.679421
vn 0.786318 0.000000 -0.617822
vn 0.786318 0.000000 -0.617822
vn 0.786318 0.000000 -0.617822
vn 0.786318 0.000000 -0.617822
vn -0.141421 0.000000 -0.989950
vn -0.141421 0.000000 -0.989950
vn -0.141421 0.000000 -0.989950
vn -0.141421 0.000000 -0.989950
vn 0.813969 0.000000 0.580909
vn 0.813969 0.000000 0.580909
vn 0.813969 0.000000 0.580909
vn 0.813969 0.000000 0.580909
vn 0.813752 0.000000 0.581212
vn 0.813752 0.000000 0.581212
vn 0.813752 0.000000 0.581212
vn 0.813752 0.000000 0.581212
vn 0.187111 0.000000 -0.982339
vn 0.187111 0.000000 -0.982339
vn 0.187111 0.000000 -0.982339
vn 0.187111 0.000000 -0.982339
vn 0.784902 0.000000 0.619620
vn 0.784902 0.000000 0.619620
vn 0.784902 0.000000 0.619620
vn 0.784902 0.000000 0.619620
vn 0.727735 0.000000 0.685859
vn 0.727735 0.000000 0.685859
vn 0.727735 0.000000 0.685859
vn 0.727735 0.000000 0.685859
vn 0.029087 0.000000 0.999577
vn 0.029087 0.000000 0.999577
vn 0.029087 0.000000 0.999577
vn 0.029087 0.000000 0.999577
vn -0.031057 0.000000 0.999518
vn -0.031057 0.000000 0.999518
vn -0.031057 0.000000 0.999518
vn -0.031057 0.000000 0.999518
vn -0.079766 0.000000 0.996814
vn -0.079766 0.000000 0.996814
vn -0.079766 0.000000 0.996814
vn -0.079766 0.000000 0.996814
vn 0.571845 0.000000 0.820362
vn 0.571845 0.000000 0.820362
vn 0.571845 0.000000 0.820362
vn 0.571845 0.000000 0.820362
vn 0.187112 0.000000 -0.982339
vn 0.187112 0.000000 -0.982339
vn 0.187112 0.000000 -0.982339
vn 0.187112 0.000000 -0.982339
vn -0.216930 0.000000 0.976187
vn -0.216930 0.000000 0.976187
vn -0.216930 0.000000 0.976187
vn -0.216930 0.000000 0.976187
vn -0.248333 0.000000 0.968675
vn -0.248333 0.000000 0.968675
vn -0.248333 0.000000 0.968675
vn -0.248333 0.000000 0.968675
vn -0.298282 0.000000 0.954478
vn -0.298282 0.000000 0.954478
vn -0.298282 0.000000 0.954478
vn -0.298282 0.000000 0.954478
vn -0.196119 0.000000 0.980580
vn -0.196119 0.000000 0.980580
vn -0.196119 0.000000 0.980580
vn -0.196119 0.000000 0.980580
vn -0.025632 0.000000 0.999671
vn -0.025632 0.000000 0.999671
vn -0.025632 0.000000 0.999671
vn -0.025632 0.000000 0.999671
vn -0.110543 0.000000 0.993871
vn -0.110543 0.000000 0.993871
vn -0.110543 0.000000 0.993871
vn -0.110543 0.000000 0.993871
vn -0.960346 0.000000 0.278810
vn -0.960346 0.000000 0.278810
vn -0.960346 0.000000 0.278810
vn -0.960346 0.000000 0.278810
vn -0.998351 0.000000 0.057407
vn -0.998351 0.000000 0.057407
vn -0.998351 0.000000 0.057407
vn -0.998351 0.000000 0.057407
vn -0.617822 0.000000 -0.786318
vn -0.617822 0.000000 -0.786318
vn -0.617822 0.000000 -0.786318
vn -0.617822 0.000000 -0.786318
vn -0.271461 0.000000 -0.962450
vn -0.271461 0.000000 -0.962450
vn -0.271461 0.000000 -0.962450
vn -0.271461 0.000000 -0.962450
vn -0.063700 0.000000 -0.997969
vn -0.063700 0.000000 -0.997969
vn -0.063700 0.000000 -0.997969
vn -0.063700 0.000000 -0.997969
vn -0.522014 0.000000 0.852937
vn -0.522014 0.000000 0.852937
vn -0.522014 0.000000 0.852937
vn -0.522014 0.000000 0.852937
vn -0.061287 0.000000 0.998120
vn -0.061287 0.000000 0.998120
vn -0.061287 0.000000 0.998120
vn -0.061287 0.000000 0.998120
vn -0.472471 0.000000 -0.881346
vn -0.472471 0.000000 -0.881346
vn -0.472471 0.000000 -0.881346
vn -0.472471 0.000000 -0.881346
vn -0.354609 0.000000 0.935015
vn -0.354609 0.000000 0.935015
vn -0.354609 0.000000 0.935015
vn -0.354609 0.000000 0.935015
vn 1.000000 0.000000 0.000000
vn 1.000000 0.000000 0.000000
vn 1.000000 0.000000 0.000000
vn 1.000000 0.000000 0.000000
vn 1.000000 0.000000 0.000000
vn 1.000000 0.000000 0.000000
vn 1.000000 0.000000 0.000000
vn 1.000000 0.000000 0.000000
vn -0.064344 0.000000 0.997928
vn -0.064344 0.000000 0.997928
vn -0.064344 0.000000 0.997928
vn -0.064344 0.000000 0.997928
vn 0.554701 0.000000 -0.832050
vn 0.554701 0.000000 -0.832050
vn 0.554701 0.000000 -0.832050
vn 0.554701 0.000000 -0.832050
vn 0.522562 0.000000 -0.852601
vn 0.522562 0.000000 -0.852601
vn 0.522562 0.000000 -0.852601
vn 0.522562 0.000000 -0.852601
vn 0.425797 0.000000 -0.904818
vn 0.425797 0.000000 -0.904818
vn 0.425797 0.000000 -0.904818
vn 0.425797 0.000000 -0.904818
vn 0.393918 0.000000 -0.919146
vn 0.393918 0.000000 -0.919146
vn 0.393918 0.000000 -0.919146
vn 0.393918 0.000000 -0.919146
vn 0.786318 0.000000 -0.617822
vn 0.786318 0.000000 -0.617822
vn 0.786318 0.000000 -0.617822
vn 0.786318 0.000000 -0.617822
vn 0.271460 0.000000 -0.962450
vn 0.271460 0.000000 -0.962450
vn 0.271460 0.000000 -0.962450
vn 0.271460 0.000000 -0.962450
vn 1.000000 0.000000 0.000000
vn 1.000000 0.000000 0.000000
vn 1.000000 0.000000 0.000000
vn 1.000000 0.000000 0.000000
vn 0.066518 0.000000 -0.997785
vn 0.066518 0.000000 -0.997785
vn 0.066518 0.000000 -0.997785
vn 0.066518 0.000000 -0.997785
vn 0.124036 0.000000 -0.992278
vn 0.124036 0.000000 -0.992278
vn 0.124036 0.000000 -0.992278
vn 0.124036 0.000000 -0.992278
vn 0.465752 0.000000 -0.884915
vn 0.465752 0.000000 -0.884915
vn 0.465752 0.000000 -0.884915
vn 0.465752 0.000000 -0.884915
vn 0.416564 0.000000 -0.909106
vn 0.416564 0.000000 -0.909106
vn 0.416564 0.000000 -0.909106
vn 0.416564 0.000000 -0.909106
vn 0.888975 0.000000 -0.457956
vn 0.888975 0.000000 -0.457956
vn 0.888975 0.000000 -0.457956
vn 0.888975 0.000000 -0.457956
vn 0.940866 0.000000 -0.338780
vn 0.940866 0.000000 -0.338780
vn 0.940866 0.000000 -0.338780
vn 0.940866 0.000000 -0.338780
vn 0.738430 0.000000 -0.674330
vn 0.738430 0.000000 -0.674330
vn 0.738430 0.000000 -0.674330
vn 0.738430 0.000000 -0.674330
vn 0.588759 0.000000 -0.808309
vn 0.588759 0.000000 -0.808309
vn 0.588759 0.000000 -0.808309
vn 0.588759 0.000000 -0.808309
vn 0.626396 0.000000 0.779505
vn 0.626396 0.000000 0.779505
vn 0.626396 0.000000 0.779505
vn 0.626396 0.000000 0.779505
vn 0.815487 0.000000 -0.578775
vn 0.815487 0.000000 -0.578775
vn 0.815487 0.000000 -0.578775
vn 0.815487 0.000000 -0.578775
vn 0.942283 0.000000 -0.334816
vn 0.942283 0.000000 -0.334816
vn 0.942283 0.000000 -0.334816
vn 0.942283 0.000000 -0.334816
vn 0.507865 0.000000 0.861437
vn 0.507865 0.000000 0.861437
vn 0.507865 0.000000 0.861437
vn 0.507865 0.000000 0.861437
vn 0.994505 0.000000 0.104694
vn 0.994505 0.000000 0.104694
vn 0.994505 0.000000 0.104694
vn 0.994505 0.000000 0.104694
vn 0.999189 0.000000 -0.040263
vn 0.999189 0.000000 -0.040263
vn 0.999189 0.000000 -0.040263
vn 0.999189 0.000000 -0.040263
vn 0.982568 0.000000 -0.185902
vn 0.982568 0.000000 -0.185902
vn 0.982568 0.000000 -0.185902
vn 0.982568 0.000000 -0.185902
vn 0.921241 0.000000 -0.388993
vn 0.921241 0.000000 -0.388993
vn 0.921241 0.000000 -0.388993
vn 0.921241 0.000000 -0.388993
vn 0.785393 0.000000 -0.618997
vn 0.785393 0.000000 -0.618997
vn 0.785393 0.000000 -0.618997
vn 0.785393 0.000000 -0.618997
vn 0.826162 0.000000 0.563433
vn 0.826162 0.000000 0.563433
vn 0.826162 0.000000 0.563433
vn 0.826162 0.000000 0.563433
vn 0.857497 0.000000 0.514489
vn 0.857497 0.000000 0.514489
vn 0.857497 0.000000 0.514489
vn 0.857497 0.000000 0.514489
vn 0.959617 0.000000 0.281309
vn 0.959617 0.000000 0.281309
vn 0.959617 0.000000 0.281309
vn 0.959617 0.000000 0.281309
vn 0.997782 0.000000 0.066561
vn 0.997782 0.000000 0.066561
vn 0.997782 0.000000 0.066561
vn 0.997782 0.000000 0.066561
vn 0.997785 0.000000 0.066517
vn 0.997785 0.000000 0.066517
vn 0.997785 0.000000 0.066517
vn 0.997785 0.000000 0.066517
vn 1.000000 0.000000 0.000000
vn 1.000000 0.000000 0.000000
vn 1.000000 0.000000 0.000000
vn 1.000000 0.000000 0.000000
vn 0.999449 0.000000 0.033190
vn 0.999449 0.000000 0.033190
vn 0.999449 0.000000 0.033190
vn 0.999449 0.000000 0.033190
vn 0.999995 0.000000 0.003312
vn 0.999995 0.000000 0.003312
vn 0.999995 0.000000 0.003312
vn 0.999995 0.000000 0.003312
vn 0.921002 0.000000 0.389557
vn 0.921002 0.000000 0.389557
vn 0.921002 0.000000 0.389557
vn 0.921002 0.000000 0.389557
vn 0.889387 0.000000 0.457155
vn 0.889387 0.000000 0.457155
vn 0.889387 0.000000 0.457155
vn 0.889387 0.000000 0.457155
vn 0.640332 0.000000 0.768098
vn 0.640332 0.000000 0.768098
vn 0.640332 0.000000 0.768098
vn 0.640332 0.000000 0.768098
vn 0.316229 0.000000 0.948683
vn 0.316229 0.000000 0.948683
vn 0.316229 0.000000 0.948683
vn 0.316229 0.000000 0.948683
vn 0.178871 0.000000 0.983873
vn 0.178871 0.000000 0.983873
vn 0.178871 0.000000 0.983873
vn 0.178871 0.000000 0.983873
vn 0.045417 0.000000 0.998968
vn 0.045417 0.000000 0.998968
vn 0.045417 0.000000 0.998968
vn 0.045417 0.000000 0.998968
vn 0.045441 0.000000 0.998967
vn 0.045441 0.000000 0.998967
vn 0.045441 0.000000 0.998967
vn 0.045441 0.000000 0.998967
vn 0.258417 0.000000 0.966034
vn 0.258417 0.000000 0.966034
vn 0.258417 0.000000 0.966034
vn 0.258417 0.000000 0.966034
vn 0.645934 0.000000 0.763393
vn 0.645934 0.000000 0.763393
vn 0.645934 0.000000 0.763393
vn 0.645934 0.000000 0.763393
vn 0.691142 0.000000 0.722719
vn 0.691142 0.000000 0.722719
vn 0.691142 0.000000 0.722719
vn 0.691142 0.000000 0.722719
vn 0.998262 0.000000 0.058937
vn 0.998262 0.000000 0.058937
vn 0.998262 0.000000 0.058937
vn 0.998262 0.000000 0.058937
vn 0.999868 0.000000 0.016268
vn 0.999868 0.000000 0.016268
vn 0.999868 0.000000 0.016268
vn 0.999868 0.000000 0.016268
vn 0.999791 0.000000 -0.020442
vn 0.999791 0.000000 -0.020442
vn 0.999791 0.000000 -0.020442
vn 0.999791 0.000000 -0.020442
vn 0.999793 0.000000 -0.020359
vn 0.999793 0.000000 -0.020359
vn 0.999793 0.000000 -0.020359
vn 0.999793 0.000000 -0.020359
vn 0.996594 0.000000 0.082467
vn 0.996594 0.000000 0.082467
vn 0.996594 0.000000 0.082467
vn 0.996594 0.000000 0.082467
vn 0.982334 0.000000 0.187135
vn 0.982334 0.000000 0.187135
vn 0.982334 0.000000 0.187135
vn 0.982334 0.000000 0.187135
vn 0.982338 0.000000 0.187115
vn 0.982338 0.000000 0.187115
vn 0.982338 0.000000 0.187115
vn 0.982338 0.000000 0.187115
vn 0.674500 0.000000 0.738275
vn 0.674500 0.000000 0.738275
vn 0.674500 0.000000 0.738275
vn 0.674500 0.000000 0.738275
vn 0.982342 0.000000 0.187093
vn 0.982342 0.000000 0.187093
vn 0.982342 0.000000 0.187093
vn 0.982342 0.000000 0.187093
vn 0.979070 0.000000 -0.203526
vn 0.979070 0.000000 -0.203526
vn 0.979070 0.000000 -0.203526
vn 0.979070 0.000000 -0.203526
vn 0.984495 0.000000 -0.175412
vn 0.984495 0.000000 -0.175412
vn 0.984495 0.000000 -0.175412
vn 0.984495 0.000000 -0.175412
vn 0.000000 0.000000 -1.000000
vn 0.000000 0.000000 -1.000000
vn 0.000000 0.000000 -1.000000
vn 0.000000 0.000000 -1.000000
vn 0.982334 0.000000 0.187135
vn 0.982334 0.000000 0.187135
vn 0.982334 0.000000 0.187135
vn 0.982334 0.000000 0.187135
vn 0.999747 0.000000 0.022487
vn 0.999747 0.000000 0.022487
vn 0.999747 0.000000 0.022487
vn 0.999747 0.000000 0.022487
vn 0.989949 0.000000 -0.141422
vn 0.989949 0.000000 -0.141422
vn 0.989949 0.000000 -0.141422
vn 0.989949 0.000000 -0.141422
vn 0.680335 0.000000 0.732902
vn 0.680335 0.000000 0.732902
vn 0.680335 0.000000 0.732902
vn 0.680335 0.000000 0.732902
vn 0.767865 0.000000 0.640612
vn 0.767865 0.000000 0.640612
vn 0.767865 0.000000 0.640612
vn 0.767865 0.000000 0.640612
vn 0.999515 0.000000 -0.031149
vn 0.999515 0.000000 -0.031149
vn 0.999515 0.000000 -0.031149
vn 0.999515 0.000000 -0.031149
vn 0.997118 0.000000 -0.075867
vn 0.997118 0.000000 -0.075867
vn 0.997118 0.000000 -0.075867
vn 0.997118 0.000000 -0.075867
vn 0.469186 0.000000 0.883099
vn 0.469186 0.000000 0.883099
vn 0.469186 0.000000 0.883099
vn 0.469186 0.000000 0.883099
vn 0.671928 0.000000 0.740617
vn 0.671928 0.000000 0.740617
vn 0.671928 0.000000 0.740617
vn 0.671928 0.000000 0.740617
vn 0.334424 0.000000 0.942423
vn 0.334424 0.000000 0.942423
vn 0.334424 0.000000 0.942423
vn 0.334424 0.000000 0.942423
vn 0.188715 0.000000 0.982032
vn 0.188715 0.000000 0.982032
vn 0.188715 0.000000 0.982032
vn 0.188715 0.000000 0.982032
vn 1.000000 0.000000 0.000000
vn 1.000000 0.000000 0.000000
vn 1.000000 0.000000 0.000000
vn 1.000000 0.000000 0.000000
vn 1.000000 0.000000 0.000000
vn 1.000000 0.000000 0.000000
vn 1.000000 0.000000 0.000000
vn 1.000000 0.000000 0.000000
s off
g LAND
usemtl lambert1SG
f 1338/1338/1 1309/1309/2 1322/1322/3
f 1338/1338/4 1322/1322/5 1346/1346/6
f 1346/1346/7 1322/1322/8 1341/1341/9
f 1322/1322/10 1309/1309/11 1336/1336/12
f 952/952/13 1341/1341/14 1322/1322/15
f 955/955/16 1341/1341/17 952/952/18
f 1322/1322/19 254/254/20 952/952/21
f 1322/1322/22 953/953/23 254/254/24
f 1348/1348/25 1143/1143/26 954/954/27
f 1348/1348/28 1346/1346/29 1143/1143/30
f 1143/1143/31 963/963/32 954/954/33
f 1341/1341/34 1143/1143/35 1346/1346/36
f 963/963/37 1143/1143/38 1144/1144/39
f 956/956/40 1143/1143/41 1341/1341/42
f 956/956/43 1341/1341/44 1350/1350/45
f 1341/1341/46 469/469/47 1350/1350/48
f 956/956/49 1350/1350/50 228/228/51
f 1349/1349/52 1341/1341/53 955/955/54
f 1142/1142/55 469/469/56 1341/1341/57
f 1142/1142/58 1341/1341/59 1349/1349/60
f 228/228/61 76/76/62 1143/1143/63
f 956/956/64 228/228/65 1143/1143/66
f 957/957/67 469/469/68 1142/1142/69
f 1350/1350/70 469/469/71 228/228/72
f 1144/1144/73 798/798/74 963/963/75
f 1352/1352/76 963/963/77 798/798/78
f 798/798/79 1144/1144/80 823/823/81
f 1144/1144/82 1143/1143/83 865/865/84
f 76/76/85 865/865/86 1143/1143/87
f 865/865/88 823/823/89 1144/1144/90
f 1352/1352/91 960/960/92 963/963/93
f 798/798/94 960/960/95 1352/1352/96
f 1353/1353/97 1355/1355/98 960/960/99
f 960/960/100 798/798/101 1353/1353/102
f 798/798/103 9/9/104 1353/1353/105
f 1355/1355/106 1353/1353/107 9/9/108
f 268/268/109 961/961/110 1355/1355/111
f 1355/1355/112 961/961/113 1354/1354/114
f 961/961/115 268/268/116 386/386/117
f 1354/1354/118 961/961/119 386/386/120
f 1355/1355/121 1354/1354/122 1366/1366/123
f 1354/1354/124 386/386/125 1660/1660/126
f 1354/1354/127 1660/1660/128 962/962/129
f 1354/1354/130 962/962/131 1366/1366/132
f 1660/1660/133 808/808/134 962/962/135
f 627/627/136 955/955/137 952/952/138
f 781/781/139 627/627/140 952/952/141
f 955/955/142 627/627/143 1141/1141/144
f 135/135/145 1349/1349/146 955/955/147
f 135/135/148 955/955/149 517/517/150
f 1349/1349/151 135/135/152 880/880/153
f 955/955/154 1663/1663/155 517/517/156
f 955/955/157 1141/1141/158 1663/1663/159
f 193/193/160 1140/1140/161 254/254/162
f 952/952/163 254/254/164 1140/1140/165
f 193/193/166 1347/1347/167 1140/1140/168
f 1140/1140/169 781/781/170 952/952/171
f 413/413/172 254/254/173 953/953/174
f 1140/1140/175 75/75/176 781/781/177
f 1140/1140/178 1347/1347/179 75/75/180
f 1142/1142/181 45/45/182 957/957/183
f 45/45/184 1142/1142/185 880/880/186
f 880/880/187 1142/1142/188 1349/1349/189
f 135/135/190 517/517/191 172/172/192
f 1351/1351/193 957/957/194 45/45/195
f 957/957/196 1351/1351/197 1661/1661/198
f 45/45/199 958/958/200 1351/1351/201
f 958/958/202 45/45/203 313/313/204
f 958/958/205 959/959/206 1351/1351/207
f 959/959/208 958/958/209 313/313/210
f 1662/1662/211 959/959/212 313/313/213
f 1661/1661/214 1351/1351/215 959/959/216
f 1662/1662/217 313/313/218 439/439/219
f 1138/1138/220 1322/1322/221 1336/1336/222
f 1336/1336/223 1309/1309/224 1118/1118/225
f 1340/1340/226 1138/1138/227 1336/1336/228
f 1336/1336/229 408/408/230 1340/1340/231
f 1322/1322/232 1342/1342/233 953/953/234
f 1138/1138/235 1342/1342/236 1322/1322/237
f 748/748/238 953/953/239 1342/1342/240
f 18/18/241 748/748/242 1342/1342/243
f 1342/1342/244 1138/1138/245 274/274/246
f 1342/1342/247 33/33/248 18/18/249
f 33/33/250 1342/1342/251 1664/1664/252
f 1664/1664/253 1342/1342/254 1665/1665/255
f 1666/1666/256 274/274/257 1138/1138/258
f 274/274/259 1665/1665/260 1342/1342/261
f 540/540/262 953/953/263 710/710/264
f 748/748/265 710/710/266 953/953/267
f 413/413/268 953/953/269 540/540/270
f 211/211/271 1667/1667/272 1138/1138/273
f 1340/1340/274 211/211/275 1138/1138/276
f 211/211/277 1343/1343/278 1667/1667/279
f 1667/1667/280 1666/1666/281 1138/1138/282
f 211/211/283 1340/1340/284 1668/1668/285
f 1340/1340/286 1344/1344/287 1668/1668/288
f 1344/1344/289 1340/1340/290 70/70/291
f 70/70/292 1340/1340/293 267/267/294
f 1340/1340/295 529/529/296 267/267/297
f 161/161/298 529/529/299 1340/1340/300
f 408/408/301 161/161/302 1340/1340/303
f 963/963/304 960/960/305 1366/1366/306
f 960/960/307 1355/1355/308 1366/1366/309
f 1362/1362/310 1652/1652/311 1366/1366/312
f 962/962/313 1145/1145/314 1366/1366/315
f 962/962/316 808/808/317 46/46/318
f 46/46/319 1145/1145/320 962/962/321
f 1356/1356/322 1145/1145/323 46/46/324
f 1145/1145/325 1362/1362/326 1366/1366/327
f 1362/1362/328 1145/1145/329 1356/1356/330
f 1369/1369/331 1362/1362/332 296/296/333
f 1652/1652/334 1362/1362/335 1368/1368/336
f 613/613/337 1368/1368/338 1150/1150/339
f 1379/1379/340 1390/1390/341 1368/1368/342
f 1373/1373/343 1379/1379/344 1368/1368/345
f 628/628/346 1150/1150/347 681/681/348
f 628/628/349 613/613/350 1150/1150/351
f 1370/1370/352 1659/1659/353 681/681/354
f 1659/1659/355 1370/1370/356 1362/1362/357
f 1369/1369/358 24/24/359 1659/1659/360
f 1369/1369/361 1659/1659/362 1362/1362/363
f 1150/1150/364 1370/1370/365 681/681/366
f 1370/1370/367 1150/1150/368 1362/1362/369
f 1373/1373/370 613/613/371 643/643/372
f 613/613/373 1373/1373/374 1368/1368/375
f 1373/1373/376 1658/1658/377 1379/1379/378
f 1373/1373/379 643/643/380 1658/1658/381
f 1379/1379/382 1658/1658/383 1156/1156/384
f 1379/1379/385 1156/1156/386 1380/1380/387
f 78/78/388 1156/1156/389 1658/1658/390
f 1150/1150/391 1368/1368/392 1362/1362/393
f 1356/1356/394 46/46/395 194/194/396
f 229/229/397 964/964/398 1356/1356/399
f 229/229/400 1356/1356/401 194/194/402
f 229/229/403 321/321/404 964/964/405
f 964/964/406 321/321/407 350/350/408
f 964/964/409 350/350/410 1357/1357/411
f 964/964/412 1362/1362/413 1356/1356/414
f 1357/1357/415 1362/1362/416 964/964/417
f 1357/1357/418 1147/1147/419 1362/1362/420
f 1357/1357/421 456/456/422 1147/1147/423
f 1362/1362/424 1147/1147/425 1363/1363/426
f 973/973/427 1362/1362/428 1363/1363/429
f 1357/1357/430 350/350/431 395/395/432
f 395/395/433 456/456/434 1357/1357/435
f 461/461/436 973/973/437 1363/1363/438
f 973/973/439 461/461/440 440/440/441
f 530/530/442 1363/1363/443 1147/1147/444
f 1363/1363/445 470/470/446 461/461/447
f 470/470/448 1363/1363/449 530/530/450
f 456/456/451 530/530/452 1147/1147/453
f 296/296/454 1362/1362/455 973/973/456
f 973/973/457 440/440/458 441/441/459
f 78/78/460 1375/1375/461 1156/1156/462
f 973/973/463 441/441/464 296/296/465
f 296/296/466 24/24/467 1369/1369/468
f 1652/1652/469 1368/1368/470 1390/1390/471
f 1165/1165/472 1166/1166/473 1399/1399/474
f 1652/1652/475 1390/1390/476 1404/1404/477
f 314/314/478 1404/1404/479 988/988/480
f 608/608/481 314/314/482 988/988/483
f 1652/1652/484 1404/1404/485 301/301/486
f 301/301/487 1404/1404/488 314/314/489
f 988/988/490 1390/1390/491 1171/1171/492
f 1390/1390/493 1165/1165/494 1171/1171/495
f 1390/1390/496 988/988/497 1404/1404/498
f 830/830/499 1171/1171/500 1653/1653/501
f 1653/1653/502 1171/1171/503 1165/1165/504
f 988/988/505 1171/1171/506 608/608/507
f 109/109/508 118/118/509 1165/1165/510
f 1165/1165/511 1399/1399/512 109/109/513
f 830/830/514 608/608/515 1171/1171/516
f 1390/1390/517 1379/1379/518 405/405/519
f 1391/1391/520 1390/1390/521 405/405/522
f 1655/1655/523 1391/1391/524 405/405/525
f 1391/1391/526 1655/1655/527 243/243/528
f 1390/1390/529 1391/1391/530 243/243/531
f 150/150/532 1390/1390/533 243/243/534
f 1379/1379/535 1385/1385/536 405/405/537
f 1379/1379/538 1380/1380/539 1385/1385/540
f 1385/1385/541 1380/1380/542 1392/1392/543
f 405/405/544 1385/1385/545 569/569/546
f 1385/1385/547 1656/1656/548 569/569/549
f 1656/1656/550 1385/1385/551 1392/1392/552
f 106/106/553 1399/1399/554 1166/1166/555
f 1654/1654/556 1399/1399/557 106/106/558
f 1166/1166/559 138/138/560 106/106/561
f 108/108/562 1399/1399/563 96/96/564
f 96/96/565 1399/1399/566 1654/1654/567
f 1399/1399/568 108/108/569 109/109/570
f 150/150/571 138/138/572 1390/1390/573
f 1166/1166/574 1165/1165/575 1390/1390/576
f 1390/1390/577 138/138/578 1166/1166/579
f 197/197/580 198/198/581 1380/1380/582
f 198/198/583 1160/1160/584 1380/1380/585
f 1392/1392/586 1380/1380/587 1160/1160/588
f 761/761/589 1656/1656/590 1392/1392/591
f 761/761/592 1392/1392/593 1657/1657/594
f 1392/1392/595 1160/1160/596 404/404/597
f 1657/1657/598 1392/1392/599 404/404/600
f 1386/1386/601 1393/1393/602 404/404/603
f 198/198/604 361/361/605 1160/1160/606
f 381/381/607 1160/1160/608 361/361/609
f 404/404/610 1160/1160/611 381/381/612
f 404/404/613 493/493/614 1386/1386/615
f 983/983/616 1386/1386/617 550/550/618
f 1657/1657/619 1393/1393/620 95/95/621
f 404/404/622 1393/1393/623 1657/1657/624
f 1393/1393/625 982/982/626 95/95/627
f 982/982/628 983/983/629 328/328/630
f 570/570/631 1167/1167/632 983/983/633
f 1167/1167/634 328/328/635 983/983/636
f 1393/1393/637 1386/1386/638 982/982/639
f 1386/1386/640 983/983/641 982/982/642
f 493/493/643 550/550/644 1386/1386/645
f 983/983/646 550/550/647 570/570/648
f 1156/1156/649 197/197/650 1380/1380/651
f 586/586/652 583/583/653 587/587/654
f 595/595/655 583/583/656 1179/1179/657
f 1179/1179/658 583/583/659 586/586/660
f 595/595/661 1179/1179/662 668/668/663
f 1797/1797/664 1179/1179/665 586/586/666
f 1800/1800/667 1799/1799/668 505/505/669
f 732/732/670 1177/1177/671 1415/1415/672
f 1415/1415/673 1797/1797/674 732/732/675
f 1177/1177/676 1798/1798/677 1800/1800/678
f 505/505/679 1177/1177/680 1800/1800/681
f 1415/1415/682 1177/1177/683 505/505/684
f 1179/1179/685 1797/1797/686 505/505/687
f 505/505/688 1797/1797/689 1415/1415/690
f 905/905/691 668/668/692 1179/1179/693
f 1436/1436/694 905/905/695 1179/1179/696
f 1436/1436/697 1179/1179/698 505/505/699
f 505/505/700 269/269/701 1436/1436/702
f 905/905/703 1436/1436/704 269/269/705
f 1409/1409/706 1801/1801/707 913/913/708
f 913/913/709 1802/1802/710 1409/1409/711
f 1803/1803/712 1802/1802/713 215/215/714
f 1409/1409/715 1802/1802/716 1803/1803/717
f 1803/1803/718 463/463/719 1409/1409/720
f 1799/1799/721 1801/1801/722 1409/1409/723
f 505/505/724 1799/1799/725 1180/1180/726
f 1180/1180/727 1799/1799/728 1409/1409/729
f 1178/1178/730 1804/1804/731 4/4/732
f 1804/1804/733 1414/1414/734 1409/1409/735
f 4/4/736 1410/1410/737 1178/1178/738
f 1410/1410/739 671/671/740 1394/1394/741
f 1414/1414/742 1804/1804/743 1178/1178/744
f 1409/1409/745 463/463/746 1804/1804/747
f 1414/1414/748 1796/1796/749 1409/1409/750
f 536/536/751 505/505/752 1437/1437/753
f 1409/1409/754 1796/1796/755 1180/1180/756
f 505/505/757 1180/1180/758 1437/1437/759
f 1794/1794/760 1795/1795/761 1178/1178/762
f 521/521/763 1794/1794/764 1421/1421/765
f 408/408/766 1336/1336/767 950/950/768
f 1309/1309/769 923/923/770 1125/1125/771
f 1125/1125/772 1118/1118/773 1309/1309/774
f 936/936/775 1118/1118/776 1125/1125/777
f 936/936/778 1129/1129/779 1118/1118/780
f 948/948/781 1336/1336/782 90/90/783
f 1337/1337/784 1336/1336/785 1135/1135/786
f 1337/1337/787 949/949/788 1336/1336/789
f 1118/1118/790 940/940/791 1336/1336/792
f 1334/1334/793 1336/1336/794 940/940/795
f 1135/1135/796 1336/1336/797 1334/1334/798
f 516/516/799 1334/1334/800 1625/1625/801
f 1135/1135/802 1334/1334/803 516/516/804
f 1625/1625/805 1334/1334/806 640/640/807
f 940/940/808 640/640/809 1334/1334/810
f 940/940/811 1118/1118/812 1328/1328/813
f 1328/1328/814 1129/1129/815 755/755/816
f 8/8/817 755/755/818 1129/1129/819
f 940/940/820 1328/1328/821 755/755/822
f 1328/1328/823 1118/1118/824 1129/1129/825
f 336/336/826 1135/1135/827 380/380/828
f 1135/1135/829 336/336/830 1337/1337/831
f 1337/1337/832 339/339/833 949/949/834
f 339/339/835 1337/1337/836 336/336/837
f 516/516/838 380/380/839 1135/1135/840
f 1125/1125/841 923/923/842 1323/1323/843
f 936/936/844 1125/1125/845 937/937/846
f 1626/1626/847 936/936/848 937/937/849
f 1627/1627/850 937/937/851 1125/1125/852
f 835/835/853 937/937/854 1627/1627/855
f 1323/1323/856 591/591/857 1125/1125/858
f 226/226/859 1125/1125/860 591/591/861
f 805/805/862 1323/1323/863 938/938/864
f 1323/1323/865 1628/1628/866 938/938/867
f 805/805/868 591/591/869 1323/1323/870
f 8/8/871 1129/1129/872 527/527/873
f 936/936/874 527/527/875 1129/1129/876
f 1626/1626/877 527/527/878 936/936/879
f 937/937/880 689/689/881 1626/1626/882
f 1627/1627/883 1125/1125/884 226/226/885
f 937/937/886 835/835/887 689/689/888
f 1336/1336/889 948/948/890 1670/1670/891
f 1336/1336/892 1670/1670/893 227/227/894
f 950/950/895 822/822/896 408/408/897
f 1669/1669/898 950/950/899 1336/1336/900
f 1669/1669/901 822/822/902 950/950/903
f 1336/1336/904 227/227/905 1669/1669/906
f 949/949/907 90/90/908 1336/1336/909
f 949/949/910 390/390/911 1339/1339/912
f 1339/1339/913 390/390/914 273/273/915
f 1339/1339/916 90/90/917 949/949/918
f 1323/1323/919 923/923/920 1119/1119/921
f 935/935/922 1628/1628/923 1323/1323/924
f 1119/1119/925 923/923/926 1120/1120/927
f 1119/1119/928 1120/1120/929 36/36/930
f 17/17/931 789/789/932 1314/1314/933
f 1120/1120/934 1314/1314/935 335/335/936
f 335/335/937 1314/1314/938 394/394/939
f 1314/1314/940 556/556/941 394/394/942
f 923/923/943 1314/1314/944 1120/1120/945
f 1120/1120/946 335/335/947 36/36/948
f 556/556/949 1316/1316/950 789/789/951
f 789/789/952 1316/1316/953 1314/1314/954
f 1314/1314/955 1316/1316/956 556/556/957
f 935/935/958 1119/1119/959 358/358/960
f 1323/1323/961 1119/1119/962 935/935/963
f 358/358/964 210/210/965 935/935/966
f 935/935/967 210/210/968 1628/1628/969
f 358/358/970 1119/1119/971 702/702/972
f 864/864/973 805/805/974 938/938/975
f 864/864/976 938/938/977 1628/1628/978
f 36/36/979 702/702/980 1119/1119/981
f 928/928/982 923/923/983 1115/1115/984
f 1314/1314/985 923/923/986 1629/1629/987
f 491/491/988 1629/1629/989 928/928/990
f 1629/1629/991 923/923/992 928/928/993
f 1314/1314/994 153/153/995 17/17/996
f 153/153/997 1314/1314/998 1629/1629/999
f 1115/1115/1000 1310/1310/1001 23/23/1002
f 1115/1115/1003 688/688/1004 928/928/1005
f 923/923/1006 924/924/1007 1310/1310/1008
f 923/923/1009 1310/1310/1010 1115/1115/1011
f 929/929/1012 1310/1310/1013 1631/1631/1014
f 924/924/1015 1631/1631/1016 1310/1310/1017
f 1631/1631/1018 924/924/1019 334/334/1020
f 1310/1310/1021 929/929/1022 23/23/1023
f 1630/1630/1024 23/23/1025 929/929/1026
f 1630/1630/1027 929/929/1028 1631/1631/1029
f 688/688/1030 1115/1115/1031 23/23/1032
f 1116/1116/1033 334/334/1034 924/924/1035
f 1116/1116/1036 1632/1632/1037 334/334/1038
f 924/924/1039 925/925/1040 1116/1116/1041
f 925/925/1042 1632/1632/1043 1116/1116/1044
f 656/656/1045 1632/1632/1046 925/925/1047
f 1311/1311/1048 656/656/1049 925/925/1050
f 491/491/1051 928/928/1052 688/688/1053
f 1313/1313/1054 169/169/1055 862/862/1056
f 1311/1311/1057 1313/1313/1058 862/862/1059
f 1806/1806/1060 446/446/1061 1807/1807/1062
f 723/723/1063 1805/1805/1064 1394/1394/1065
f 723/723/1066 1394/1394/1067 671/671/1068
f 1805/1805/1069 1806/1806/1070 1394/1394/1071
f 235/235/1072 1394/1394/1073 1806/1806/1074
f 1400/1400/1075 1394/1394/1076 235/235/1077
f 1394/1394/1078 1178/1178/1079 1410/1410/1080
f 1394/1394/1081 1175/1175/1082 1178/1178/1083
f 911/911/1084 1806/1806/1085 1808/1808/1086
f 911/911/1087 155/155/1088 1806/1806/1089
f 235/235/1090 1806/1806/1091 155/155/1092
f 1808/1808/1093 1806/1806/1094 1807/1807/1095
f 912/912/1096 1394/1394/1097 1400/1400/1098
f 912/912/1099 1809/1809/1100 1394/1394/1101
f 1809/1809/1102 1810/1810/1103 1175/1175/1104
f 1394/1394/1105 1809/1809/1106 1175/1175/1107
f 1175/1175/1108 1421/1421/1109 1178/1178/1110
f 1178/1178/1111 1421/1421/1112 1794/1794/1113
f 1793/1793/1114 521/521/1115 1421/1421/1116
f 1793/1793/1117 1421/1421/1118 1184/1184/1119
f 1175/1175/1120 143/143/1121 1430/1430/1122
f 1429/1429/1123 1791/1791/1124 164/164/1125
f 1184/1184/1126 1429/1429/1127 164/164/1128
f 1429/1429/1129 1175/1175/1130 1430/1430/1131
f 1430/1430/1132 1791/1791/1133 1429/1429/1134
f 1792/1792/1135 1791/1791/1136 1430/1430/1137
f 1184/1184/1138 1175/1175/1139 1429/1429/1140
f 1175/1175/1141 1184/1184/1142 1421/1421/1143
f 392/392/1144 1792/1792/1145 1430/1430/1146
f 392/392/1147 1430/1430/1148 1790/1790/1149
f 143/143/1150 1175/1175/1151 1810/1810/1152
f 1430/1430/1153 143/143/1154 1185/1185/1155
f 1185/1185/1156 143/143/1157 1181/1181/1158
f 1790/1790/1159 1430/1430/1160 1190/1190/1161
f 1430/1430/1162 1185/1185/1163 1190/1190/1164
f 1181/1181/1165 143/143/1166 302/302/1167
f 302/302/1168 1811/1811/1169 1181/1181/1170
f 577/577/1171 1185/1185/1172 424/424/1173
f 1003/1003/1174 1185/1185/1175 577/577/1176
f 1185/1185/1177 1181/1181/1178 424/424/1179
f 1438/1438/1180 577/577/1181 1789/1789/1182
f 1811/1811/1183 424/424/1184 1181/1181/1185
f 577/577/1186 1438/1438/1187 1003/1003/1188
f 1003/1003/1189 1438/1438/1190 288/288/1191
f 1789/1789/1192 288/288/1193 1438/1438/1194
f 1422/1422/1195 1812/1812/1196 998/998/1197
f 236/236/1198 998/998/1199 827/827/1200
f 236/236/1201 1422/1422/1202 998/998/1203
f 236/236/1204 999/999/1205 1422/1422/1206
f 1789/1789/1207 577/577/1208 1439/1439/1209
f 1422/1422/1210 696/696/1211 1812/1812/1212
f 1439/1439/1213 696/696/1214 1422/1422/1215
f 750/750/1216 1422/1422/1217 1440/1440/1218
f 1439/1439/1219 750/750/1220 1789/1789/1221
f 750/750/1222 1439/1439/1223 1422/1422/1224
f 1002/1002/1225 1440/1440/1226 1422/1422/1227
f 1004/1004/1228 1440/1440/1229 1002/1002/1230
f 1002/1002/1231 1191/1191/1232 1004/1004/1233
f 1002/1002/1234 1422/1422/1235 999/999/1236
f 1440/1440/1237 1004/1004/1238 38/38/1239
f 1004/1004/1240 1446/1446/1241 61/61/1242
f 1788/1788/1243 61/61/1244 1446/1446/1245
f 1004/1004/1246 1195/1195/1247 1446/1446/1248
f 1788/1788/1249 1446/1446/1250 79/79/1251
f 1446/1446/1252 99/99/1253 84/84/1254
f 1446/1446/1255 84/84/1256 79/79/1257
f 1446/1446/1258 121/121/1259 99/99/1260
f 121/121/1261 1201/1201/1262 132/132/1263
f 1446/1446/1264 1201/1201/1265 121/121/1266
f 13/13/1267 1787/1787/1268 1201/1201/1269
f 1786/1786/1270 13/13/1271 1201/1201/1272
f 132/132/1273 1201/1201/1274 1787/1787/1275
f 38/38/1276 1004/1004/1277 61/61/1278
f 1002/1002/1279 1813/1813/1280 1191/1191/1281
f 1813/1813/1282 1814/1814/1283 1191/1191/1284
f 1195/1195/1285 1004/1004/1286 1191/1191/1287
f 1814/1814/1288 1815/1815/1289 1191/1191/1290
f 1195/1195/1291 1191/1191/1292 1815/1815/1293
f 1018/1018/1294 1446/1446/1295 1195/1195/1296
f 1195/1195/1297 1816/1816/1298 1018/1018/1299
f 1817/1817/1300 1018/1018/1301 1816/1816/1302
f 921/921/1303 1018/1018/1304 1817/1817/1305
f 921/921/1306 1818/1818/1307 1018/1018/1308
f 1819/1819/1309 1018/1018/1310 1818/1818/1311
f 1018/1018/1312 1201/1201/1313 1446/1446/1314
f 1201/1201/1315 1785/1785/1316 1786/1786/1317
f 1785/1785/1318 1201/1201/1319 1018/1018/1320
f 1785/1785/1321 1018/1018/1322 1205/1205/1323
f 1018/1018/1324 1819/1819/1325 1205/1205/1326
f 1819/1819/1327 1820/1820/1328 1202/1202/1329
f 1202/1202/1330 1205/1205/1331 1819/1819/1332
f 303/303/1333 1202/1202/1334 1820/1820/1335
f 1819/1819/1336 221/221/1337 1820/1820/1338
f 1821/1821/1339 1205/1205/1340 1202/1202/1341
f 292/292/1342 792/792/1343 30/30/1344
f 188/188/1345 292/292/1346 30/30/1347
f 188/188/1348 1278/1278/1349 292/292/1350
f 292/292/1351 1278/1278/1352 421/421/1353
f 1570/1570/1354 1279/1279/1355 249/249/1356
f 5/5/1357 249/249/1358 1279/1279/1359
f 841/841/1360 5/5/1361 1279/1279/1362
f 122/122/1363 1555/1555/1364 1768/1768/1365
f 1769/1769/1366 1768/1768/1367 496/496/1368
f 1768/1768/1369 1555/1555/1370 496/496/1371
f 552/552/1372 1767/1767/1373 498/498/1374
f 498/498/1375 1564/1564/1376 488/488/1377
f 552/552/1378 574/574/1379 1767/1767/1380
f 1565/1565/1381 1767/1767/1382 58/58/1383
f 1570/1570/1384 445/445/1385 1079/1079/1386
f 1570/1570/1387 249/249/1388 445/445/1389
f 1565/1565/1390 1564/1564/1391 1767/1767/1392
f 1564/1564/1393 498/498/1394 1767/1767/1395
f 58/58/1396 1077/1077/1397 1565/1565/1398
f 488/488/1399 1565/1565/1400 1079/1079/1401
f 1565/1565/1402 488/488/1403 1564/1564/1404
f 1079/1079/1405 445/445/1406 488/488/1407
f 1570/1570/1408 1079/1079/1409 1565/1565/1410
f 1555/1555/1411 364/364/1412 496/496/1413
f 364/364/1414 1077/1077/1415 233/233/1416
f 364/364/1417 1555/1555/1418 1077/1077/1419
f 58/58/1420 233/233/1421 1077/1077/1422
f 1565/1565/1423 1077/1077/1424 1566/1566/1425
f 1077/1077/1426 1555/1555/1427 1566/1566/1428
f 311/311/1429 1531/1531/1430 1065/1065/1431
f 1064/1064/1432 63/63/1433 1065/1065/1434
f 63/63/1435 1064/1064/1436 1774/1774/1437
f 73/73/1438 311/311/1439 1065/1065/1440
f 63/63/1441 73/73/1442 1065/1065/1443
f 1510/1510/1444 741/741/1445 1524/1524/1446
f 311/311/1447 371/371/1448 1531/1531/1449
f 371/371/1450 1523/1523/1451 1531/1531/1452
f 741/741/1453 1523/1523/1454 371/371/1455
f 741/741/1456 1510/1510/1457 1523/1523/1458
f 1065/1065/1459 1531/1531/1460 1540/1540/1461
f 1523/1523/1462 1540/1540/1463 1531/1531/1464
f 1510/1510/1465 1540/1540/1466 1523/1523/1467
f 1069/1069/1468 1770/1770/1469 821/821/1470
f 1770/1770/1471 1069/1069/1472 1555/1555/1473
f 1555/1555/1474 458/458/1475 1770/1770/1476
f 820/820/1477 1773/1773/1478 1543/1543/1479
f 1543/1543/1480 1069/1069/1481 513/513/1482
f 1543/1543/1483 513/513/1484 820/820/1485
f 1069/1069/1486 821/821/1487 1771/1771/1488
f 1772/1772/1489 513/513/1490 1069/1069/1491
f 1069/1069/1492 1771/1771/1493 1772/1772/1494
f 1069/1069/1495 1543/1543/1496 1070/1070/1497
f 1543/1543/1498 1773/1773/1499 1070/1070/1500
f 259/259/1501 1555/1555/1502 122/122/1503
f 458/458/1504 1555/1555/1505 259/259/1506
f 1555/1555/1507 1269/1269/1508 1567/1567/1509
f 1555/1555/1510 1069/1069/1511 1269/1269/1512
f 1566/1566/1513 1555/1555/1514 1584/1584/1515
f 1555/1555/1516 1567/1567/1517 146/146/1518
f 1262/1262/1519 1070/1070/1520 487/487/1521
f 202/202/1522 487/487/1523 1070/1070/1524
f 1773/1773/1525 202/202/1526 1070/1070/1527
f 796/796/1528 1539/1539/1529 487/487/1530
f 796/796/1531 1255/1255/1532 1539/1539/1533
f 1255/1255/1534 1064/1064/1535 1539/1539/1536
f 1070/1070/1537 1269/1269/1538 1069/1069/1539
f 1269/1269/1540 1539/1539/1541 1540/1540/1542
f 1269/1269/1543 1070/1070/1544 1262/1262/1545
f 1269/1269/1546 1276/1276/1547 1567/1567/1548
f 1255/1255/1549 1774/1774/1550 1064/1064/1551
f 1065/1065/1552 1540/1540/1553 1064/1064/1554
f 487/487/1555 1539/1539/1556 1262/1262/1557
f 1262/1262/1558 1539/1539/1559 1269/1269/1560
f 1539/1539/1561 1064/1064/1562 1540/1540/1563
f 1269/1269/1564 1540/1540/1565 1074/1074/1566
f 146/146/1567 1276/1276/1568 277/277/1569
f 1276/1276/1570 146/146/1571 1567/1567/1572
f 1269/1269/1573 1563/1563/1574 1276/1276/1575
f 1276/1276/1576 1563/1563/1577 651/651/1578
f 651/651/1579 277/277/1580 1276/1276/1581
f 1269/1269/1582 1074/1074/1583 1075/1075/1584
f 1075/1075/1585 1563/1563/1586 1269/1269/1587
f 1075/1075/1588 1855/1855/1589 1273/1273/1590
f 1075/1075/1591 1273/1273/1592 1563/1563/1593
f 1563/1563/1594 1273/1273/1595 859/859/1596
f 651/651/1597 1563/1563/1598 859/859/1599
f 792/792/1600 292/292/1601 875/875/1602
f 292/292/1603 421/421/1604 356/356/1605
f 356/356/1606 421/421/1607 410/410/1608
f 1583/1583/1609 357/357/1610 468/468/1611
f 181/181/1612 357/357/1613 1583/1583/1614
f 181/181/1615 1583/1583/1616 1588/1588/1617
f 1583/1583/1618 1591/1591/1619 1588/1588/1620
f 1291/1291/1621 743/743/1622 1097/1097/1623
f 1099/1099/1624 347/347/1625 411/411/1626
f 1099/1099/1627 251/251/1628 347/347/1629
f 1099/1099/1630 1598/1598/1631 251/251/1632
f 411/411/1633 1100/1100/1634 1099/1099/1635
f 1291/1291/1636 411/411/1637 743/743/1638
f 411/411/1639 1291/1291/1640 1097/1097/1641
f 411/411/1642 1097/1097/1643 1100/1100/1644
f 1100/1100/1645 1097/1097/1646 1606/1606/1647
f 1099/1099/1648 1100/1100/1649 1606/1606/1650
f 1288/1288/1651 1594/1594/1652 1766/1766/1653
f 1591/1591/1654 152/152/1655 1588/1588/1656
f 181/181/1657 1588/1588/1658 152/152/1659
f 1288/1288/1660 152/152/1661 1591/1591/1662
f 1591/1591/1663 1594/1594/1664 1288/1288/1665
f 743/743/1666 917/917/1667 1097/1097/1668
f 917/917/1669 1290/1290/1670 1097/1097/1671
f 1766/1766/1672 1290/1290/1673 917/917/1674
f 1290/1290/1675 1766/1766/1676 1594/1594/1677
f 1290/1290/1678 1591/1591/1679 1104/1104/1680
f 1594/1594/1681 1591/1591/1682 1290/1290/1683
f 1290/1290/1684 1104/1104/1685 1097/1097/1686
f 1572/1572/1687 617/617/1688 841/841/1689
f 1572/1572/1690 841/841/1691 1570/1570/1692
f 1279/1279/1693 1570/1570/1694 841/841/1695
f 617/617/1696 1572/1572/1697 1085/1085/1698
f 1085/1085/1699 452/452/1700 617/617/1701
f 1583/1583/1702 468/468/1703 1284/1284/1704
f 1284/1284/1705 468/468/1706 1085/1085/1707
f 1085/1085/1708 1570/1570/1709 1566/1566/1710
f 1085/1085/1711 1572/1572/1712 1570/1570/1713
f 1583/1583/1714 1284/1284/1715 1566/1566/1716
f 1566/1566/1717 1284/1284/1718 1085/1085/1719
f 1566/1566/1720 1570/1570/1721 1565/1565/1722
f 1591/1591/1723 1583/1583/1724 1566/1566/1725
f 1591/1591/1726 1566/1566/1727 1580/1580/1728
f 1289/1289/1729 1591/1591/1730 1580/1580/1731
f 1606/1606/1732 1598/1598/1733 1099/1099/1734
f 1104/1104/1735 1606/1606/1736 1097/1097/1737
f 1616/1616/1738 1606/1606/1739 1104/1104/1740
f 1606/1606/1741 1616/1616/1742 1613/1613/1743
f 1591/1591/1744 1289/1289/1745 1294/1294/1746
f 1591/1591/1747 1294/1294/1748 1104/1104/1749
f 1289/1289/1750 1600/1600/1751 1294/1294/1752
f 1294/1294/1753 400/400/1754 1601/1601/1755
f 400/400/1756 1294/1294/1757 1600/1600/1758
f 332/332/1759 1601/1601/1760 400/400/1761
f 602/602/1762 1600/1600/1763 1289/1289/1764
f 266/266/1765 1601/1601/1766 332/332/1767
f 1601/1601/1768 260/260/1769 319/319/1770
f 260/260/1771 1601/1601/1772 266/266/1773
f 379/379/1774 1104/1104/1775 1601/1601/1776
f 1104/1104/1777 379/379/1778 1302/1302/1779
f 1601/1601/1780 319/319/1781 379/379/1782
f 379/379/1783 393/393/1784 1302/1302/1785
f 393/393/1786 694/694/1787 1302/1302/1788
f 1294/1294/1789 1601/1601/1790 1104/1104/1791
f 1616/1616/1792 1104/1104/1793 1614/1614/1794
f 1107/1107/1795 1104/1104/1796 1302/1302/1797
f 1107/1107/1798 1609/1609/1799 1104/1104/1800
f 1614/1614/1801 1104/1104/1802 1609/1609/1803
f 1614/1614/1804 1609/1609/1805 434/434/1806
f 434/434/1807 1305/1305/1808 1614/1614/1809
f 1614/1614/1810 1111/1111/1811 1616/1616/1812
f 1614/1614/1813 1305/1305/1814 479/479/1815
f 1566/1566/1816 1584/1584/1817 1580/1580/1818
f 1580/1580/1819 1293/1293/1820 1289/1289/1821
f 1580/1580/1822 1597/1597/1823 1293/1293/1824
f 1098/1098/1825 1597/1597/1826 1580/1580/1827
f 432/432/1828 1098/1098/1829 1580/1580/1830
f 432/432/1831 1580/1580/1832 1095/1095/1833
f 1580/1580/1834 1584/1584/1835 1595/1595/1836
f 16/16/1837 1580/1580/1838 1595/1595/1839
f 1580/1580/1840 16/16/1841 1095/1095/1842
f 1095/1095/1843 16/16/1844 652/652/1845
f 1592/1592/1846 1595/1595/1847 1584/1584/1848
f 1592/1592/1849 16/16/1850 1595/1595/1851
f 1592/1592/1852 203/203/1853 16/16/1854
f 698/698/1855 1293/1293/1856 1858/1858/1857
f 1293/1293/1858 1597/1597/1859 1858/1858/1860
f 1098/1098/1861 1858/1858/1862 1597/1597/1863
f 1098/1098/1864 217/217/1865 1858/1858/1866
f 1289/1289/1867 632/632/1868 602/602/1869
f 1600/1600/1870 602/602/1871 514/514/1872
f 632/632/1873 1289/1289/1874 1293/1293/1875
f 400/400/1876 1600/1600/1877 515/515/1878
f 514/514/1879 515/515/1880 1600/1600/1881
f 1293/1293/1882 698/698/1883 632/632/1884
f 217/217/1885 1098/1098/1886 432/432/1887
f 652/652/1888 432/432/1889 1095/1095/1890
f 1577/1577/1891 1555/1555/1892 916/916/1893
f 1555/1555/1894 1577/1577/1895 1584/1584/1896
f 1584/1584/1897 1577/1577/1898 759/759/1899
f 1081/1081/1900 916/916/1901 1555/1555/1902
f 833/833/1903 759/759/1904 1577/1577/1905
f 1555/1555/1906 146/146/1907 1081/1081/1908
f 1589/1589/1909 422/422/1910 1584/1584/1911
f 1589/1589/1912 1584/1584/1913 1857/1857/1914
f 1589/1589/1915 1857/1857/1916 618/618/1917
f 1584/1584/1918 422/422/1919 1592/1592/1920
f 422/422/1921 1589/1589/1922 618/618/1923
f 1857/1857/1924 1584/1584/1925 753/753/1926
f 753/753/1927 1584/1584/1928 759/759/1929
f 59/59/1930 1856/1856/1931 1081/1081/1932
f 1081/1081/1933 146/146/1934 59/59/1935
f 916/916/1936 833/833/1937 1577/1577/1938
f 916/916/1939 1081/1081/1940 1856/1856/1941
f 422/422/1942 203/203/1943 1592/1592/1944
f 393/393/1945 585/585/1946 694/694/1947
f 1607/1607/1948 1107/1107/1949 694/694/1950
f 694/694/1951 1107/1107/1952 1302/1302/1953
f 1607/1607/1954 694/694/1955 662/662/1956
f 1609/1609/1957 1107/1107/1958 639/639/1959
f 1107/1107/1960 662/662/1961 639/639/1962
f 662/662/1963 1107/1107/1964 1607/1607/1965
f 1614/1614/1966 479/479/1967 1619/1619/1968
f 1614/1614/1969 1619/1619/1970 1111/1111/1971
f 1859/1859/1972 1860/1860/1973 1619/1619/1974
f 1860/1860/1975 182/182/1976 261/261/1977
f 1860/1860/1978 261/261/1979 1619/1619/1980
f 373/373/1981 1111/1111/1982 1619/1619/1983
f 261/261/1984 373/373/1985 1619/1619/1986
f 1620/1620/1987 373/373/1988 676/676/1989
f 373/373/1990 1620/1620/1991 1111/1111/1992
f 294/294/1993 293/293/1994 1109/1109/1995
f 1109/1109/1996 293/293/1997 1862/1862/1998
f 401/401/1999 320/320/2000 294/294/2001
f 1622/1622/2002 43/43/2003 1861/1861/2004
f 308/308/2005 1308/1308/2006 1861/1861/2007
f 43/43/2008 1112/1112/2009 1620/1620/2010
f 1112/1112/2011 43/43/2012 1622/1622/2013
f 1622/1622/2014 1308/1308/2015 1112/1112/2016
f 1112/1112/2017 1308/1308/2018 502/502/2019
f 1861/1861/2020 1308/1308/2021 1622/1622/2022
f 1111/1111/2023 1620/1620/2024 1112/1112/2025
f 1308/1308/2026 308/308/2027 502/502/2028
f 612/612/2029 774/774/2030 1304/1304/2031
f 1611/1611/2032 142/142/2033 385/385/2034
f 1611/1611/2035 1304/1304/2036 774/774/2037
f 637/637/2038 611/611/2039 817/817/2040
f 817/817/2041 1300/1300/2042 637/637/2043
f 817/817/2044 1937/1937/2045 1300/1300/2046
f 1937/1937/2047 817/817/2048 842/842/2049
f 637/637/2050 1300/1300/2051 1105/1105/2052
f 1105/1105/2053 1938/1938/2054 637/637/2055
f 1938/1938/2056 1303/1303/2057 638/638/2058
f 1303/1303/2059 1938/1938/2060 1105/1105/2061
f 1105/1105/2062 1300/1300/2063 851/851/2064
f 851/851/2065 1303/1303/2066 1105/1105/2067
f 1303/1303/2068 877/877/2069 638/638/2070
f 1937/1937/2071 851/851/2072 1300/1300/2073
f 853/853/2074 779/779/2075 638/638/2076
f 853/853/2077 638/638/2078 877/877/2079
f 1109/1109/2080 1618/1618/2081 294/294/2082
f 406/406/2083 1618/1618/2084 1109/1109/2085
f 1109/1109/2086 1862/1862/2087 406/406/2088
f 1304/1304/2089 1610/1610/2090 612/612/2091
f 406/406/2092 1610/1610/2093 1304/1304/2094
f 406/406/2095 1307/1307/2096 1618/1618/2097
f 526/526/2098 294/294/2099 1618/1618/2100
f 526/526/2101 1618/1618/2102 1307/1307/2103
f 526/526/2104 401/401/2105 294/294/2106
f 1112/1112/2107 502/502/2108 1623/1623/2109
f 1307/1307/2110 1621/1621/2111 526/526/2112
f 526/526/2113 1621/1621/2114 687/687/2115
f 1623/1623/2116 687/687/2117 1624/1624/2118
f 687/687/2119 1623/1623/2120 502/502/2121
f 1304/1304/2122 385/385/2123 412/412/2124
f 412/412/2125 1863/1863/2126 1304/1304/2127
f 406/406/2128 1304/1304/2129 1307/1307/2130
f 1864/1864/2131 1307/1307/2132 1304/1304/2133
f 1864/1864/2134 1304/1304/2135 1863/1863/2136
f 1864/1864/2137 1865/1865/2138 1307/1307/2139
f 1865/1865/2140 1866/1866/2141 1307/1307/2142
f 1307/1307/2143 1866/1866/2144 1306/1306/2145
f 1306/1306/2146 828/828/2147 1617/1617/2148
f 1621/1621/2149 1307/1307/2150 1624/1624/2151
f 1624/1624/2152 687/687/2153 1621/1621/2154
f 1307/1307/2155 1306/1306/2156 1624/1624/2157
f 1615/1615/2158 828/828/2159 1867/1867/2160
f 1611/1611/2161 385/385/2162 1304/1304/2163
f 1780/1780/2164 1223/1223/2165 883/883/2166
f 1781/1781/2167 1223/1223/2168 1780/1780/2169
f 1781/1781/2170 1465/1465/2171 1223/1223/2172
f 1776/1776/2173 1777/1777/2174 622/622/2175
f 889/889/2176 1775/1775/2177 1524/1524/2178
f 622/622/2179 1777/1777/2180 1492/1492/2181
f 1511/1511/2182 622/622/2183 1492/1492/2184
f 1512/1512/2185 247/247/2186 476/476/2187
f 476/476/2188 1513/1513/2189 1511/1511/2190
f 622/622/2191 1511/1511/2192 1513/1513/2193
f 1486/1486/2194 1492/1492/2195 1777/1777/2196
f 1778/1778/2197 1779/1779/2198 1486/1486/2199
f 1779/1779/2200 1492/1492/2201 1486/1486/2202
f 1465/1465/2203 810/810/2204 883/883/2205
f 1223/1223/2206 1465/1465/2207 883/883/2208
f 1041/1041/2209 720/720/2210 810/810/2211
f 720/720/2212 1041/1041/2213 1779/1779/2214
f 1041/1041/2215 1492/1492/2216 1779/1779/2217
f 1492/1492/2218 1041/1041/2219 1511/1511/2220
f 416/416/2221 1784/1784/2222 1021/1021/2223
f 1783/1783/2224 416/416/2225 1021/1021/2226
f 1783/1783/2227 1465/1465/2228 352/352/2229
f 1785/1785/2230 1205/1205/2231 1460/1460/2232
f 1021/1021/2233 1460/1460/2234 1205/1205/2235
f 1021/1021/2236 1215/1215/2237 1783/1783/2238
f 1460/1460/2239 1021/1021/2240 1784/1784/2241
f 1782/1782/2242 1465/1465/2243 145/145/2244
f 352/352/2245 1465/1465/2246 270/270/2247
f 270/270/2248 1465/1465/2249 1782/1782/2250
f 145/145/2251 1465/1465/2252 1781/1781/2253
f 1465/1465/2254 1783/1783/2255 1215/1215/2256
f 1821/1821/2257 1461/1461/2258 1021/1021/2259
f 1461/1461/2260 1215/1215/2261 1021/1021/2262
f 1461/1461/2263 1212/1212/2264 1215/1215/2265
f 1823/1823/2266 1215/1215/2267 1212/1212/2268
f 1823/1823/2269 1212/1212/2270 1458/1458/2271
f 1458/1458/2272 1212/1212/2273 1461/1461/2274
f 1215/1215/2275 1224/1224/2276 1465/1465/2277
f 1224/1224/2278 1215/1215/2279 1826/1826/2280
f 1224/1224/2281 1030/1030/2282 1032/1032/2283
f 1465/1465/2284 1224/1224/2285 1829/1829/2286
f 483/483/2287 1032/1032/2288 1828/1828/2289
f 483/483/2290 1829/1829/2291 1224/1224/2292
f 1828/1828/2293 1032/1032/2294 1030/1030/2295
f 483/483/2296 1224/1224/2297 1032/1032/2298
f 1224/1224/2299 1826/1826/2300 1030/1030/2301
f 900/900/2302 1826/1826/2303 1827/1827/2304
f 900/900/2305 1030/1030/2306 1826/1826/2307
f 1021/1021/2308 1205/1205/2309 1821/1821/2310
f 810/810/2311 1465/1465/2312 1041/1041/2313
f 1465/1465/2314 1035/1035/2315 1480/1480/2316
f 1035/1035/2317 232/232/2318 1480/1480/2319
f 1830/1830/2320 1480/1480/2321 232/232/2322
f 1038/1038/2323 1480/1480/2324 1830/1830/2325
f 1480/1480/2326 1038/1038/2327 1041/1041/2328
f 1465/1465/2329 1480/1480/2330 1041/1041/2331
f 1038/1038/2332 330/330/2333 382/382/2334
f 1497/1497/2335 1038/1038/2336 1234/1234/2337
f 330/330/2338 1038/1038/2339 1830/1830/2340
f 1041/1041/2341 1038/1038/2342 1497/1497/2343
f 1831/1831/2344 1234/1234/2345 382/382/2346
f 1043/1043/2347 1234/1234/2348 398/398/2349
f 1234/1234/2350 1043/1043/2351 1497/1497/2352
f 1831/1831/2353 398/398/2354 1234/1234/2355
f 382/382/2356 1234/1234/2357 1038/1038/2358
f 398/398/2359 572/572/2360 1043/1043/2361
f 1497/1497/2362 1043/1043/2363 1832/1832/2364
f 1043/1043/2365 572/572/2366 1832/1832/2367
f 1498/1498/2368 1832/1832/2369 685/685/2370
f 1498/1498/2371 1497/1497/2372 1832/1832/2373
f 1497/1497/2374 1498/1498/2375 1514/1514/2376
f 746/746/2377 1514/1514/2378 1498/1498/2379
f 746/746/2380 1498/1498/2381 685/685/2382
f 757/757/2383 784/784/2384 1514/1514/2385
f 746/746/2386 757/757/2387 1514/1514/2388
f 1245/1245/2389 784/784/2390 794/794/2391
f 1245/1245/2392 1514/1514/2393 784/784/2394
f 814/814/2395 1245/1245/2396 794/794/2397
f 814/814/2398 832/832/2399 1245/1245/2400
f 1510/1510/2401 1524/1524/2402 1775/1775/2403
f 1775/1775/2404 1057/1057/2405 1510/1510/2406
f 1057/1057/2407 1775/1775/2408 247/247/2409
f 1057/1057/2410 1540/1540/2411 1510/1510/2412
f 1511/1511/2413 1512/1512/2414 476/476/2415
f 1511/1511/2416 1540/1540/2417 1057/1057/2418
f 1512/1512/2419 1511/1511/2420 1057/1057/2421
f 247/247/2422 1512/1512/2423 1057/1057/2424
f 1511/1511/2425 1263/1263/2426 1540/1540/2427
f 1544/1544/2428 1540/1540/2429 1263/1263/2430
f 1544/1544/2431 1552/1552/2432 1540/1540/2433
f 1263/1263/2434 1256/1256/2435 1265/1265/2436
f 1544/1544/2437 1263/1263/2438 1265/1265/2439
f 1270/1270/2440 1075/1075/2441 1074/1074/2442
f 1270/1270/2443 1854/1854/2444 81/81/2445
f 1075/1075/2446 1270/1270/2447 922/922/2448
f 1853/1853/2449 1854/1854/2450 1270/1270/2451
f 1853/1853/2452 1270/1270/2453 546/546/2454
f 1540/1540/2455 1271/1271/2456 1559/1559/2457
f 1271/1271/2458 752/752/2459 1559/1559/2460
f 1074/1074/2461 1559/1559/2462 1852/1852/2463
f 1540/1540/2464 1559/1559/2465 1074/1074/2466
f 1271/1271/2467 1540/1540/2468 1851/1851/2469
f 546/546/2470 1074/1074/2471 1852/1852/2472
f 1074/1074/2473 546/546/2474 1270/1270/2475
f 752/752/2476 1852/1852/2477 1559/1559/2478
f 1270/1270/2479 35/35/2480 922/922/2481
f 1075/1075/2482 922/922/2483 1855/1855/2484
f 42/42/2485 35/35/2486 1270/1270/2487
f 42/42/2488 1270/1270/2489 57/57/2490
f 894/894/2491 1273/1273/2492 1855/1855/2493
f 859/859/2494 1273/1273/2495 884/884/2496
f 1273/1273/2497 894/894/2498 884/884/2499
f 81/81/2500 57/57/2501 1270/1270/2502
f 1540/1540/2503 1073/1073/2504 1851/1851/2505
f 56/56/2506 1073/1073/2507 1540/1540/2508
f 56/56/2509 1540/1540/2510 1552/1552/2511
f 1271/1271/2512 1851/1851/2513 752/752/2514
f 1851/1851/2515 1073/1073/2516 56/56/2517
f 383/383/2518 1544/1544/2519 1850/1850/2520
f 1072/1072/2521 1850/1850/2522 1544/1544/2523
f 383/383/2524 1552/1552/2525 1544/1544/2526
f 747/747/2527 1850/1850/2528 1072/1072/2529
f 1848/1848/2530 747/747/2531 1072/1072/2532
f 1497/1497/2533 1263/1263/2534 1511/1511/2535
f 1511/1511/2536 1041/1041/2537 1497/1497/2538
f 1541/1541/2539 1263/1263/2540 1497/1497/2541
f 1541/1541/2542 1497/1497/2543 1244/1244/2544
f 1067/1067/2545 1263/1263/2546 1541/1541/2547
f 1265/1265/2548 317/317/2549 1072/1072/2550
f 1265/1265/2551 1550/1550/2552 317/317/2553
f 1072/1072/2554 317/317/2555 1846/1846/2556
f 1265/1265/2557 1256/1256/2558 1550/1550/2559
f 1845/1845/2560 1067/1067/2561 1844/1844/2562
f 1067/1067/2563 1845/1845/2564 1256/1256/2565
f 1541/1541/2566 1844/1844/2567 1067/1067/2568
f 1256/1256/2569 1263/1263/2570 1067/1067/2571
f 1514/1514/2572 1532/1532/2573 1244/1244/2574
f 1244/1244/2575 1497/1497/2576 1514/1514/2577
f 1244/1244/2578 1532/1532/2579 1842/1842/2580
f 1514/1514/2581 1245/1245/2582 1532/1532/2583
f 1532/1532/2584 1245/1245/2585 1525/1525/2586
f 1257/1257/2587 1062/1062/2588 1525/1525/2589
f 1532/1532/2590 1525/1525/2591 1062/1062/2592
f 1840/1840/2593 1062/1062/2594 1257/1257/2595
f 1532/1532/2596 1062/1062/2597 1841/1841/2598
f 41/41/2599 1541/1541/2600 1261/1261/2601
f 1541/1541/2602 1244/1244/2603 1261/1261/2604
f 276/276/2605 1244/1244/2606 1843/1843/2607
f 1843/1843/2608 1244/1244/2609 1842/1842/2610
f 1261/1261/2611 276/276/2612 41/41/2613
f 276/276/2614 1261/1261/2615 1244/1244/2616
f 1841/1841/2617 1842/1842/2618 1532/1532/2619
f 1846/1846/2620 1556/1556/2621 1072/1072/2622
f 1556/1556/2623 1268/1268/2624 1072/1072/2625
f 1268/1268/2626 1849/1849/2627 1848/1848/2628
f 1268/1268/2629 113/113/2630 1849/1849/2631
f 1848/1848/2632 1072/1072/2633 1268/1268/2634
f 459/459/2635 1268/1268/2636 1556/1556/2637
f 1268/1268/2638 129/129/2639 113/113/2640
f 459/459/2641 129/129/2642 1268/1268/2643
f 459/459/2644 1556/1556/2645 573/573/2646
f 1847/1847/2647 599/599/2648 459/459/2649
f 1847/1847/2650 459/459/2651 573/573/2652
f 1265/1265/2653 1072/1072/2654 1544/1544/2655
f 741/741/2656 889/889/2657 1524/1524/2658
f 1824/1824/2659 1825/1825/2660 1823/1823/2661
f 1822/1822/2662 1824/1824/2663 1823/1823/2664
f 1215/1215/2665 1825/1825/2666 1826/1826/2667
f 1823/1823/2668 1825/1825/2669 1215/1215/2670
f 871/871/2671 1230/1230/2672 621/621/2673
f 1240/1240/2674 872/872/2675 1505/1505/2676
f 1505/1505/2677 872/872/2678 1241/1241/2679
f 1240/1240/2680 598/598/2681 872/872/2682
f 1245/1245/2683 1833/1833/2684 1525/1525/2685
f 1833/1833/2686 1245/1245/2687 832/832/2688
f 1833/1833/2689 353/353/2690 1515/1515/2691
f 1833/1833/2692 1515/1515/2693 1525/1525/2694
f 353/353/2695 1046/1046/2696 1515/1515/2697
f 1046/1046/2698 1505/1505/2699 1515/1515/2700
f 1505/1505/2701 1046/1046/2702 1240/1240/2703
f 353/353/2704 598/598/2705 1046/1046/2706
f 1240/1240/2707 1046/1046/2708 598/598/2709
f 331/331/2710 1487/1487/2711 1241/1241/2712
f 1230/1230/2713 444/444/2714 1834/1834/2715
f 1230/1230/2716 1834/1834/2717 621/621/2718
f 1231/1231/2719 1487/1487/2720 331/331/2721
f 1231/1231/2722 1835/1835/2723 1487/1487/2724
f 331/331/2725 444/444/2726 1231/1231/2727
f 1241/1241/2728 1487/1487/2729 1836/1836/2730
f 444/444/2731 1835/1835/2732 1231/1231/2733
f 1047/1047/2734 1241/1241/2735 1836/1836/2736
f 1504/1504/2737 1505/1505/2738 1241/1241/2739
f 1504/1504/2740 1241/1241/2741 1047/1047/2742
f 1515/1515/2743 1505/1505/2744 1504/1504/2745
f 1504/1504/2746 1047/1047/2747 1837/1837/2748
f 740/740/2749 1047/1047/2750 1048/1048/2751
f 1047/1047/2752 740/740/2753 1837/1837/2754
f 1230/1230/2755 887/887/2756 158/158/2757
f 1835/1835/2758 1230/1230/2759 158/158/2760
f 1835/1835/2761 444/444/2762 1230/1230/2763
f 315/315/2764 1487/1487/2765 1835/1835/2766
f 315/315/2767 305/305/2768 1487/1487/2769
f 305/305/2770 1836/1836/2771 1487/1487/2772
f 1047/1047/2773 1836/1836/2774 1048/1048/2775
f 1499/1499/2776 1880/1880/2777 1881/1881/2778
f 1879/1879/2779 680/680/2780 1499/1499/2781
f 680/680/2782 1880/1880/2783 1499/1499/2784
f 1516/1516/2785 1878/1878/2786 1054/1054/2787
f 791/791/2788 733/733/2789 1879/1879/2790
f 791/791/2791 1054/1054/2792 1878/1878/2793
f 871/871/2794 887/887/2795 1230/1230/2796
f 1257/1257/2797 1525/1525/2798 1515/1515/2799
f 1838/1838/2800 1839/1839/2801 1515/1515/2802
f 166/166/2803 1257/1257/2804 1839/1839/2805
f 1839/1839/2806 1257/1257/2807 1515/1515/2808
f 1257/1257/2809 166/166/2810 1542/1542/2811
f 1257/1257/2812 1542/1542/2813 1840/1840/2814
f 1515/1515/2815 50/50/2816 1838/1838/2817
f 1504/1504/2818 50/50/2819 1515/1515/2820
f 1571/1571/2821 1080/1080/2822 88/88/2823
f 1080/1080/2824 840/840/2825 88/88/2826
f 1526/1526/2827 1516/1516/2828 1054/1054/2829
f 1533/1533/2830 1526/1526/2831 1054/1054/2832
f 721/721/2833 1258/1258/2834 802/802/2835
f 721/721/2836 1533/1533/2837 1258/1258/2838
f 1877/1877/2839 1545/1545/2840 1264/1264/2841
f 1258/1258/2842 1551/1551/2843 1264/1264/2844
f 1877/1877/2845 1264/1264/2846 1551/1551/2847
f 786/786/2848 1071/1071/2849 1876/1876/2850
f 1876/1876/2851 787/787/2852 786/786/2853
f 1553/1553/2854 915/915/2855 1876/1876/2856
f 1274/1274/2857 467/467/2858 1875/1875/2859
f 1274/1274/2860 1875/1875/2861 815/815/2862
f 1571/1571/2863 88/88/2864 306/306/2865
f 1274/1274/2866 306/306/2867 467/467/2868
f 815/815/2869 1078/1078/2870 1274/1274/2871
f 545/545/2872 1560/1560/2873 355/355/2874
f 1560/1560/2875 240/240/2876 355/355/2877
f 1076/1076/2878 240/240/2879 1560/1560/2880
f 1076/1076/2881 241/241/2882 240/240/2883
f 1076/1076/2884 1560/1560/2885 545/545/2886
f 545/545/2887 788/788/2888 1561/1561/2889
f 788/788/2890 915/915/2891 1561/1561/2892
f 545/545/2893 1561/1561/2894 1557/1557/2895
f 1557/1557/2896 1280/1280/2897 545/545/2898
f 545/545/2899 1280/1280/2900 1076/1076/2901
f 241/241/2902 1076/1076/2903 1280/1280/2904
f 1078/1078/2905 1571/1571/2906 1274/1274/2907
f 65/65/2908 241/241/2909 1078/1078/2910
f 1274/1274/2911 1571/1571/2912 306/306/2913
f 1078/1078/2914 1280/1280/2915 1571/1571/2916
f 65/65/2917 1078/1078/2918 815/815/2919
f 1280/1280/2920 1078/1078/2921 241/241/2922
f 102/102/2923 1295/1295/2924 52/52/2925
f 102/102/2926 384/384/2927 1295/1295/2928
f 1596/1596/2929 773/773/2930 876/876/2931
f 876/876/2932 1593/1593/2933 1596/1596/2934
f 1596/1596/2935 1295/1295/2936 384/384/2937
f 384/384/2938 660/660/2939 1596/1596/2940
f 773/773/2941 1596/1596/2942 660/660/2943
f 312/312/2944 499/499/2945 372/372/2946
f 1088/1088/2947 897/897/2948 1581/1581/2949
f 1581/1581/2950 1912/1912/2951 1911/1911/2952
f 1581/1581/2953 897/897/2954 1912/1912/2955
f 1285/1285/2956 431/431/2957 1581/1581/2958
f 1088/1088/2959 1581/1581/2960 431/431/2961
f 1581/1581/2962 1911/1911/2963 1285/1285/2964
f 431/431/2965 250/250/2966 1088/1088/2967
f 1573/1573/2968 372/372/2969 499/499/2970
f 1911/1911/2971 430/430/2972 1285/1285/2973
f 553/553/2974 1086/1086/2975 430/430/2976
f 430/430/2977 1086/1086/2978 1285/1285/2979
f 1086/1086/2980 431/431/2981 1285/1285/2982
f 1086/1086/2983 553/553/2984 1578/1578/2985
f 1578/1578/2986 717/717/2987 1086/1086/2988
f 717/717/2989 431/431/2990 1086/1086/2991
f 22/22/2992 1593/1593/2993 635/635/2994
f 635/635/2995 1593/1593/2996 525/525/2997
f 1091/1091/2998 22/22/2999 168/168/3000
f 22/22/3001 1091/1091/3002 1593/1593/3003
f 1596/1596/3004 1593/1593/3005 1091/1091/3006
f 1596/1596/3007 1091/1091/3008 1092/1092/3009
f 478/478/3010 1596/1596/3011 1092/1092/3012
f 250/250/3013 897/897/3014 1088/1088/3015
f 728/728/3016 1093/1093/3017 478/478/3018
f 1091/1091/3019 168/168/3020 1092/1092/3021
f 1092/1092/3022 168/168/3023 478/478/3024
f 478/478/3025 1093/1093/3026 1596/1596/3027
f 565/565/3028 348/348/3029 500/500/3030
f 565/565/3031 333/333/3032 348/348/3033
f 1602/1602/3034 1603/1603/3035 433/433/3036
f 433/433/3037 1603/1603/3038 1869/1869/3039
f 1869/1869/3040 252/252/3041 433/433/3042
f 1602/1602/3043 1301/1301/3044 1603/1603/3045
f 778/778/3046 834/834/3047 1295/1295/3048
f 1295/1295/3049 834/834/3050 52/52/3051
f 604/604/3052 565/565/3053 500/500/3054
f 1301/1301/3055 433/433/3056 565/565/3057
f 433/433/3058 1301/1301/3059 1602/1602/3060
f 565/565/3061 604/604/3062 778/778/3063
f 565/565/3064 778/778/3065 1295/1295/3066
f 565/565/3067 1295/1295/3068 1301/1301/3069
f 1301/1301/3070 1295/1295/3071 1604/1604/3072
f 851/851/3073 852/852/3074 1303/1303/3075
f 1303/1303/3076 852/852/3077 877/877/3078
f 854/854/3079 861/861/3080 1615/1615/3081
f 1612/1612/3082 861/861/3083 903/903/3084
f 1612/1612/3085 1615/1615/3086 861/861/3087
f 1615/1615/3088 1612/1612/3089 1868/1868/3090
f 1617/1617/3091 828/828/3092 1615/1615/3093
f 903/903/3094 31/31/3095 1612/1612/3096
f 1306/1306/3097 1617/1617/3098 1624/1624/3099
f 31/31/3100 1868/1868/3101 1612/1612/3102
f 1867/1867/3103 854/854/3104 1615/1615/3105
f 1604/1604/3106 501/501/3107 1603/1603/3108
f 1603/1603/3109 1301/1301/3110 1604/1604/3111
f 1615/1615/3112 1868/1868/3113 490/490/3114
f 1604/1604/3115 490/490/3116 501/501/3117
f 490/490/3118 1604/1604/3119 1615/1615/3120
f 1113/1113/3121 1624/1624/3122 1617/1617/3123
f 1604/1604/3124 1295/1295/3125 1596/1596/3126
f 1615/1615/3127 1604/1604/3128 1113/1113/3129
f 1604/1604/3130 1596/1596/3131 1113/1113/3132
f 1615/1615/3133 1113/1113/3134 1617/1617/3135
f 499/499/3136 772/772/3137 1573/1573/3138
f 1573/1573/3139 772/772/3140 1083/1083/3141
f 772/772/3142 1967/1967/3143 1083/1083/3144
f 1574/1574/3145 1967/1967/3146 51/51/3147
f 1574/1574/3148 51/51/3149 147/147/3150
f 1574/1574/3151 160/160/3152 148/148/3153
f 1083/1083/3154 1967/1967/3155 1574/1574/3156
f 1083/1083/3157 1574/1574/3158 101/101/3159
f 160/160/3160 1574/1574/3161 147/147/3162
f 115/115/3163 101/101/3164 1574/1574/3165
f 1574/1574/3166 148/148/3167 115/115/3168
f 189/189/3169 224/224/3170 547/547/3171
f 547/547/3172 338/338/3173 564/564/3174
f 547/547/3175 224/224/3176 338/338/3177
f 477/477/3178 624/624/3179 742/742/3180
f 624/624/3181 1871/1871/3182 742/742/3183
f 1872/1872/3184 1871/1871/3185 1281/1281/3186
f 1872/1872/3187 1281/1281/3188 631/631/3189
f 631/631/3190 564/564/3191 338/338/3192
f 564/564/3193 1281/1281/3194 625/625/3195
f 1281/1281/3196 1871/1871/3197 1579/1579/3198
f 564/564/3199 631/631/3200 1281/1281/3201
f 1579/1579/3202 1870/1870/3203 625/625/3204
f 1579/1579/3205 625/625/3206 1281/1281/3207
f 1578/1578/3208 553/553/3209 6/6/3210
f 909/909/3211 797/797/3212 1578/1578/3213
f 6/6/3214 66/66/3215 1578/1578/3216
f 66/66/3217 6/6/3218 89/89/3219
f 909/909/3220 1578/1578/3221 66/66/3222
f 797/797/3223 717/717/3224 1578/1578/3225
f 1093/1093/3226 728/728/3227 1585/1585/3228
f 67/67/3229 429/429/3230 1089/1089/3231
f 1579/1579/3232 1286/1286/3233 429/429/3234
f 1579/1579/3235 429/429/3236 1870/1870/3237
f 1089/1089/3238 1585/1585/3239 728/728/3240
f 1585/1585/3241 1089/1089/3242 1286/1286/3243
f 728/728/3244 67/67/3245 1089/1089/3246
f 429/429/3247 1286/1286/3248 1089/1089/3249
f 1286/1286/3250 1093/1093/3251 1585/1585/3252
f 624/624/3253 44/44/3254 1873/1873/3255
f 399/399/3256 840/840/3257 1080/1080/3258
f 44/44/3259 114/114/3260 1873/1873/3261
f 1873/1873/3262 1874/1874/3263 1579/1579/3264
f 1871/1871/3265 1873/1873/3266 1579/1579/3267
f 624/624/3268 1873/1873/3269 1871/1871/3270
f 1080/1080/3271 1579/1579/3272 1874/1874/3273
f 1874/1874/3274 399/399/3275 1080/1080/3276
f 1080/1080/3277 1571/1571/3278 1110/1110/3279
f 1280/1280/3280 1110/1110/3281 1571/1571/3282
f 1110/1110/3283 1286/1286/3284 1579/1579/3285
f 1579/1579/3286 1080/1080/3287 1110/1110/3288
f 1093/1093/3289 1286/1286/3290 1596/1596/3291
f 1596/1596/3292 1286/1286/3293 1110/1110/3294
f 1596/1596/3295 1114/1114/3296 1113/1113/3297
f 1110/1110/3298 1114/1114/3299 1596/1596/3300
f 1313/1313/3301 1311/1311/3302 930/930/3303
f 1313/1313/3304 930/930/3305 169/169/3306
f 930/930/3307 281/281/3308 169/169/3309
f 925/925/3310 930/930/3311 1311/1311/3312
f 281/281/3313 930/930/3314 1117/1117/3315
f 1117/1117/3316 931/931/3317 555/555/3318
f 931/931/3319 700/700/3320 555/555/3321
f 555/555/3322 281/281/3323 1117/1117/3324
f 1117/1117/3325 930/930/3326 925/925/3327
f 931/931/3328 1317/1317/3329 700/700/3330
f 925/925/3331 931/931/3332 1117/1117/3333
f 931/931/3334 925/925/3335 1317/1317/3336
f 1317/1317/3337 925/925/3338 1320/1320/3339
f 1317/1317/3340 804/804/3341 700/700/3342
f 1320/1320/3343 804/804/3344 1317/1317/3345
f 1324/1324/3346 878/878/3347 804/804/3348
f 939/939/3349 941/941/3350 793/793/3351
f 939/939/3352 878/878/3353 1324/1324/3354
f 1130/1130/3355 941/941/3356 939/939/3357
f 939/939/3358 793/793/3359 878/878/3360
f 1130/1130/3361 1324/1324/3362 804/804/3363
f 1320/1320/3364 925/925/3365 1130/1130/3366
f 1320/1320/3367 1130/1130/3368 804/804/3369
f 939/939/3370 1324/1324/3371 1130/1130/3372
f 1635/1635/3373 1634/1634/3374 1332/1332/3375
f 1633/1633/3376 1332/1332/3377 1634/1634/3378
f 946/946/3379 548/548/3380 1636/1636/3381
f 946/946/3382 566/566/3383 1635/1635/3384
f 946/946/3385 1636/1636/3386 566/566/3387
f 670/670/3388 548/548/3389 946/946/3390
f 941/941/3391 1132/1132/3392 1633/1633/3393
f 1132/1132/3394 1332/1332/3395 1633/1633/3396
f 793/793/3397 941/941/3398 1633/1633/3399
f 1132/1132/3400 941/941/3401 1332/1332/3402
f 1332/1332/3403 946/946/3404 1635/1635/3405
f 941/941/3406 1130/1130/3407 1332/1332/3408
f 1136/1136/3409 670/670/3410 946/946/3411
f 807/807/3412 670/670/3413 1136/1136/3414
f 807/807/3415 1136/1136/3416 218/218/3417
f 1136/1136/3418 528/528/3419 218/218/3420
f 1137/1137/3421 528/528/3422 1136/1136/3423
f 1130/1130/3424 1335/1335/3425 1332/1332/3426
f 925/925/3427 1335/1335/3428 1130/1130/3429
f 1136/1136/3430 946/946/3431 1332/1332/3432
f 1332/1332/3433 1335/1335/3434 1136/1136/3435
f 1137/1137/3436 1136/1136/3437 1345/1345/3438
f 1136/1136/3439 1335/1335/3440 1345/1345/3441
f 1335/1335/3442 925/925/3443 1318/1318/3444
f 528/528/3445 1137/1137/3446 32/32/3447
f 170/170/3448 32/32/3449 1137/1137/3450
f 1345/1345/3451 898/898/3452 1137/1137/3453
f 1137/1137/3454 898/898/3455 295/295/3456
f 295/295/3457 170/170/3458 1137/1137/3459
f 1345/1345/3460 69/69/3461 898/898/3462
f 69/69/3463 1345/1345/3464 951/951/3465
f 951/951/3466 1345/1345/3467 171/171/3468
f 951/951/3469 171/171/3470 455/455/3471
f 1318/1318/3472 103/103/3473 1335/1335/3474
f 1335/1335/3475 103/103/3476 811/811/3477
f 1345/1345/3478 1335/1335/3479 1640/1640/3480
f 103/103/3481 1318/1318/3482 947/947/3483
f 605/605/3484 103/103/3485 763/763/3486
f 947/947/3487 192/192/3488 763/763/3489
f 763/763/3490 103/103/3491 947/947/3492
f 947/947/3493 1318/1318/3494 1641/1641/3495
f 204/204/3496 1318/1318/3497 1642/1642/3498
f 1318/1318/3499 204/204/3500 1641/1641/3501
f 82/82/3502 1638/1638/3503 1345/1345/3504
f 1640/1640/3505 82/82/3506 1345/1345/3507
f 212/212/3508 171/171/3509 1345/1345/3510
f 1637/1637/3511 1345/1345/3512 1638/1638/3513
f 212/212/3514 1345/1345/3515 1637/1637/3516
f 1639/1639/3517 1640/1640/3518 1139/1139/3519
f 1139/1139/3520 699/699/3521 1639/1639/3522
f 1640/1640/3523 1335/1335/3524 811/811/3525
f 1639/1639/3526 82/82/3527 1640/1640/3528
f 990/990/3529 1941/1941/3530 846/846/3531
f 1940/1940/3532 1941/1941/3533 1939/1939/3534
f 1939/1939/3535 1941/1941/3536 1423/1423/3537
f 990/990/3538 846/846/3539 1942/1942/3540
f 1942/1942/3541 991/991/3542 990/990/3543
f 1943/1943/3544 991/991/3545 1942/1942/3546
f 991/991/3547 342/342/3548 206/206/3549
f 342/342/3550 991/991/3551 1943/1943/3552
f 991/991/3553 1423/1423/3554 990/990/3555
f 1945/1945/3556 1939/1939/3557 1423/1423/3558
f 1423/1423/3559 991/991/3560 1945/1945/3561
f 1944/1944/3562 991/991/3563 206/206/3564
f 1945/1945/3565 991/991/3566 1944/1944/3567
f 990/990/3568 1423/1423/3569 1941/1941/3570
f 12/12/3571 1441/1441/3572 684/684/3573
f 684/684/3574 1441/1441/3575 1932/1932/3576
f 409/409/3577 1932/1932/3578 1005/1005/3579
f 1441/1441/3580 1005/1005/3581 1932/1932/3582
f 1933/1933/3583 1441/1441/3584 12/12/3585
f 1441/1441/3586 847/847/3587 1934/1934/3588
f 847/847/3589 1441/1441/3590 1933/1933/3591
f 1005/1005/3592 1441/1441/3593 1935/1935/3594
f 1900/1900/3595 1901/1901/3596 1395/1395/3597
f 1901/1901/3598 620/620/3599 1395/1395/3600
f 1899/1899/3601 1900/1900/3602 1395/1395/3603
f 1405/1405/3604 1898/1898/3605 989/989/3606
f 1898/1898/3607 1899/1899/3608 989/989/3609
f 1395/1395/3610 620/620/3611 980/980/3612
f 790/790/3613 980/980/3614 620/620/3615
f 825/825/3616 1395/1395/3617 980/980/3618
f 980/980/3619 790/790/3620 825/825/3621
f 825/825/3622 826/826/3623 1395/1395/3624
f 826/826/3625 989/989/3626 1395/1395/3627
f 1395/1395/3628 989/989/3629 1899/1899/3630
f 989/989/3631 1168/1168/3632 1405/1405/3633
f 1405/1405/3634 1168/1168/3635 1401/1401/3636
f 989/989/3637 19/19/3638 1168/1168/3639
f 1401/1401/3640 19/19/3641 1163/1163/3642
f 1401/1401/3643 1168/1168/3644 19/19/3645
f 1896/1896/3646 1182/1182/3647 1895/1895/3648
f 992/992/3649 1182/1182/3650 1896/1896/3651
f 507/507/3652 1447/1447/3653 1891/1891/3654
f 1447/1447/3655 1892/1892/3656 1196/1196/3657
f 1891/1891/3658 1447/1447/3659 1011/1011/3660
f 1182/1182/3661 992/992/3662 1894/1894/3663
f 992/992/3664 1897/1897/3665 993/993/3666
f 992/992/3667 1431/1431/3668 1894/1894/3669
f 1431/1431/3670 1893/1893/3671 1894/1894/3672
f 1431/1431/3673 992/992/3674 993/993/3675
f 993/993/3676 1442/1442/3677 1431/1431/3678
f 1443/1443/3679 1991/1991/3680 899/899/3681
f 1442/1442/3682 1443/1443/3683 899/899/3684
f 1367/1367/3685 1914/1914/3686 1915/1915/3687
f 1916/1916/3688 1915/1915/3689 366/366/3690
f 1367/1367/3691 255/255/3692 1914/1914/3693
f 255/255/3694 1367/1367/3695 387/387/3696
f 1903/1903/3697 644/644/3698 730/730/3699
f 1157/1157/3700 1903/1903/3701 730/730/3702
f 1929/1929/3703 1930/1930/3704 1372/1372/3705
f 1372/1372/3706 1928/1928/3707 1929/1929/3708
f 1928/1928/3709 1372/1372/3710 1931/1931/3711
f 541/541/3712 1928/1928/3713 1931/1931/3714
f 978/978/3715 567/567/3716 1671/1671/3717
f 978/978/3718 1376/1376/3719 567/567/3720
f 567/567/3721 1376/1376/3722 559/559/3723
f 1672/1672/3724 824/824/3725 812/812/3726
f 978/978/3727 1671/1671/3728 812/812/3729
f 1671/1671/3730 1672/1672/3731 812/812/3732
f 1916/1916/3733 1367/1367/3734 1915/1915/3735
f 1367/1367/3736 1916/1916/3737 606/606/3738
f 606/606/3739 735/735/3740 967/967/3741
f 606/606/3742 619/619/3743 735/735/3744
f 606/606/3745 967/967/3746 1367/1367/3747
f 910/910/3748 968/968/3749 895/895/3750
f 895/895/3751 968/968/3752 967/967/3753
f 968/968/3754 910/910/3755 1917/1917/3756
f 735/735/3757 895/895/3758 967/967/3759
f 968/968/3760 1917/1917/3761 967/967/3762
f 969/969/3763 1917/1917/3764 325/325/3765
f 969/969/3766 325/325/3767 1918/1918/3768
f 1358/1358/3769 969/969/3770 1918/1918/3771
f 971/971/3772 1917/1917/3773 969/969/3774
f 1918/1918/3775 1919/1919/3776 1358/1358/3777
f 1364/1364/3778 919/919/3779 213/213/3780
f 971/971/3781 1358/1358/3782 1364/1364/3783
f 1919/1919/3784 1364/1364/3785 1358/1358/3786
f 1358/1358/3787 971/971/3788 969/969/3789
f 1364/1364/3790 1919/1919/3791 919/919/3792
f 1367/1367/3793 1917/1917/3794 387/387/3795
f 535/535/3796 1149/1149/3797 1913/1913/3798
f 1149/1149/3799 387/387/3800 1913/1913/3801
f 756/756/3802 1913/1913/3803 387/387/3804
f 756/756/3805 387/387/3806 1917/1917/3807
f 756/756/3808 1917/1917/3809 974/974/3810
f 974/974/3811 1917/1917/3812 367/367/3813
f 756/756/3814 974/974/3815 47/47/3816
f 974/974/3817 367/367/3818 47/47/3819
f 1917/1917/3820 1367/1367/3821 967/967/3822
f 1917/1917/3823 1927/1927/3824 367/367/3825
f 971/971/3826 1927/1927/3827 1917/1917/3828
f 972/972/3829 971/971/3830 1364/1364/3831
f 1157/1157/3832 1902/1902/3833 1903/1903/3834
f 1157/1157/3835 731/731/3836 1902/1902/3837
f 1157/1157/3838 730/730/3839 731/731/3840
f 1902/1902/3841 731/731/3842 327/327/3843
f 1387/1387/3844 327/327/3845 731/731/3846
f 731/731/3847 1904/1904/3848 1387/1387/3849
f 174/174/3850 351/351/3851 1382/1382/3852
f 351/351/3853 1381/1381/3854 1382/1382/3855
f 1387/1387/3856 801/801/3857 3/3/3858
f 801/801/3859 1387/1387/3860 1904/1904/3861
f 1387/1387/3862 3/3/3863 327/327/3864
f 1396/1396/3865 327/327/3866 3/3/3867
f 1396/1396/3868 3/3/3869 1382/1382/3870
f 174/174/3871 1382/1382/3872 3/3/3873
f 327/327/3874 1401/1401/3875 1163/1163/3876
f 1396/1396/3877 1405/1405/3878 1401/1401/3879
f 327/327/3880 1396/1396/3881 1401/1401/3882
f 1172/1172/3883 1411/1411/3884 1405/1405/3885
f 1405/1405/3886 1411/1411/3887 1897/1897/3888
f 1405/1405/3889 1396/1396/3890 1172/1172/3891
f 1677/1677/3892 1411/1411/3893 1172/1172/3894
f 163/163/3895 1411/1411/3896 1677/1677/3897
f 1396/1396/3898 1382/1382/3899 1674/1674/3900
f 1381/1381/3901 351/351/3902 559/559/3903
f 1382/1382/3904 1381/1381/3905 1674/1674/3906
f 559/559/3907 1376/1376/3908 1381/1381/3909
f 1381/1381/3910 1376/1376/3911 1383/1383/3912
f 1381/1381/3913 1383/1383/3914 1674/1674/3915
f 1675/1675/3916 1172/1172/3917 1396/1396/3918
f 1396/1396/3919 1388/1388/3920 1675/1675/3921
f 1675/1675/3922 1388/1388/3923 667/667/3924
f 1674/1674/3925 1388/1388/3926 1396/1396/3927
f 1383/1383/3928 1376/1376/3929 666/666/3930
f 666/666/3931 1376/1376/3932 1673/1673/3933
f 783/783/3934 1673/1673/3935 978/978/3936
f 1376/1376/3937 978/978/3938 1673/1673/3939
f 1674/1674/3940 667/667/3941 1388/1388/3942
f 1674/1674/3943 1383/1383/3944 666/666/3945
f 1172/1172/3946 1675/1675/3947 1676/1676/3948
f 391/391/3949 1677/1677/3950 1172/1172/3951
f 391/391/3952 1172/1172/3953 1676/1676/3954
f 614/614/3955 1406/1406/3956 1678/1678/3957
f 1678/1678/3958 1406/1406/3959 1679/1679/3960
f 783/783/3961 978/978/3962 812/812/3963
f 994/994/3964 1897/1897/3965 1411/1411/3966
f 994/994/3967 993/993/3968 1897/1897/3969
f 994/994/3970 1192/1192/3971 993/993/3972
f 1411/1411/3973 163/163/3974 994/994/3975
f 163/163/3976 1424/1424/3977 994/994/3978
f 994/994/3979 1992/1992/3980 1432/1432/3981
f 994/994/3982 1424/1424/3983 1992/1992/3984
f 1186/1186/3985 1992/1992/3986 1424/1424/3987
f 994/994/3988 1432/1432/3989 738/738/3990
f 220/220/3991 1992/1992/3992 1186/1186/3993
f 993/993/3994 1443/1443/3995 1442/1442/3996
f 1192/1192/3997 738/738/3998 1990/1990/3999
f 993/993/4000 1192/1192/4001 1990/1990/4002
f 1990/1990/4003 1991/1991/4004 993/993/4005
f 993/993/4006 1991/1991/4007 1443/1443/4008
f 738/738/4009 1432/1432/4010 20/20/4011
f 20/20/4012 1432/1432/4013 1992/1992/4014
f 1192/1192/4015 994/994/4016 738/738/4017
f 1444/1444/4018 1203/1203/4019 177/177/4020
f 177/177/4021 207/207/4022 1444/1444/4023
f 1416/1416/4024 1424/1424/4025 389/389/4026
f 1678/1678/4027 1416/1416/4028 389/389/4029
f 1416/1416/4030 1678/1678/4031 1682/1682/4032
f 1683/1683/4033 1424/1424/4034 1416/1416/4035
f 713/713/4036 1424/1424/4037 1683/1683/4038
f 1682/1682/4039 1679/1679/4040 1412/1412/4041
f 1416/1416/4042 1682/1682/4043 1683/1683/4044
f 1678/1678/4045 1679/1679/4046 1682/1682/4047
f 323/323/4048 220/220/4049 1186/1186/4050
f 1187/1187/4051 323/323/4052 1186/1186/4053
f 1444/1444/4054 345/345/4055 1188/1188/4056
f 1444/1444/4057 1993/1993/4058 345/345/4059
f 1993/1993/4060 1444/1444/4061 207/207/4062
f 1433/1433/4063 584/584/4064 1187/1187/4065
f 1186/1186/4066 1424/1424/4067 1183/1183/4068
f 713/713/4069 1183/1183/4070 1424/1424/4071
f 1183/1183/4072 713/713/4073 1187/1187/4074
f 1187/1187/4075 713/713/4076 1000/1000/4077
f 1183/1183/4078 1187/1187/4079 1186/1186/4080
f 768/768/4081 1000/1000/4082 713/713/4083
f 1187/1187/4084 1000/1000/4085 768/768/4086
f 1188/1188/4087 584/584/4088 1433/1433/4089
f 1433/1433/4090 1187/1187/4091 768/768/4092
f 1006/1006/4093 1197/1197/4094 1188/1188/4095
f 1006/1006/4096 1188/1188/4097 1193/1193/4098
f 1433/1433/4099 768/768/4100 1188/1188/4101
f 1680/1680/4102 1412/1412/4103 1679/1679/4104
f 1412/1412/4105 200/200/4106 1681/1681/4107
f 1680/1680/4108 200/200/4109 1412/1412/4110
f 1412/1412/4111 1681/1681/4112 1682/1682/4113
f 1680/1680/4114 1679/1679/4115 449/449/4116
f 868/868/4117 1685/1685/4118 995/995/4119
f 263/263/4120 1685/1685/4121 1686/1686/4122
f 1686/1686/4123 1685/1685/4124 97/97/4125
f 995/995/4126 1685/1685/4127 263/263/4128
f 1007/1007/4129 1684/1684/4130 1425/1425/4131
f 868/868/4132 995/995/4133 712/712/4134
f 256/256/4135 712/712/4136 995/995/4137
f 1193/1193/4138 768/768/4139 98/98/4140
f 768/768/4141 1193/1193/4142 1188/1188/4143
f 1193/1193/4144 98/98/4145 343/343/4146
f 1193/1193/4147 343/343/4148 1006/1006/4149
f 1448/1448/4150 1006/1006/4151 343/343/4152
f 1448/1448/4153 343/343/4154 1684/1684/4155
f 1007/1007/4156 1426/1426/4157 1684/1684/4158
f 1448/1448/4159 1684/1684/4160 1426/1426/4161
f 1007/1007/4162 1448/1448/4163 1426/1426/4164
f 1007/1007/4165 712/712/4166 256/256/4167
f 1007/1007/4168 256/256/4169 1427/1427/4170
f 1007/1007/4171 1425/1425/4172 712/712/4173
f 256/256/4174 1417/1417/4175 263/263/4176
f 263/263/4177 1417/1417/4178 995/995/4179
f 414/414/4180 1427/1427/4181 256/256/4182
f 1417/1417/4183 256/256/4184 995/995/4185
f 414/414/4186 657/657/4187 673/673/4188
f 414/414/4189 1434/1434/4190 1007/1007/4191
f 1434/1434/4192 414/414/4193 673/673/4194
f 1687/1687/4195 673/673/4196 1435/1435/4197
f 1445/1445/4198 1007/1007/4199 1434/1434/4200
f 1445/1445/4201 1450/1450/4202 1007/1007/4203
f 1445/1445/4204 1434/1434/4205 646/646/4206
f 1434/1434/4207 1687/1687/4208 646/646/4209
f 1687/1687/4210 1434/1434/4211 673/673/4212
f 646/646/4213 543/543/4214 1445/1445/4215
f 673/673/4216 896/896/4217 1435/1435/4218
f 60/60/4219 1435/1435/4220 11/11/4221
f 1435/1435/4222 60/60/4223 120/120/4224
f 882/882/4225 1435/1435/4226 120/120/4227
f 1435/1435/4228 882/882/4229 1687/1687/4230
f 896/896/4231 11/11/4232 1435/1435/4233
f 1427/1427/4234 414/414/4235 1007/1007/4236
f 1315/1315/4237 1318/1318/4238 925/925/4239
f 1312/1312/4240 1315/1315/4241 925/925/4242
f 1643/1643/4243 1318/1318/4244 1644/1644/4245
f 1642/1642/4246 1318/1318/4247 641/641/4248
f 1318/1318/4249 780/780/4250 641/641/4251
f 780/780/4252 1318/1318/4253 1643/1643/4254
f 1645/1645/4255 1644/1644/4256 1318/1318/4257
f 1318/1318/4258 1315/1315/4259 1645/1645/4260
f 1646/1646/4261 1645/1645/4262 1315/1315/4263
f 1646/1646/4264 1315/1315/4265 1647/1647/4266
f 1315/1315/4267 1134/1134/4268 1647/1647/4269
f 272/272/4270 1134/1134/4271 365/365/4272
f 1647/1647/4273 1134/1134/4274 272/272/4275
f 1121/1121/4276 1315/1315/4277 1312/1312/4278
f 1312/1312/4279 926/926/4280 1121/1121/4281
f 1121/1121/4282 1325/1325/4283 1315/1315/4284
f 1126/1126/4285 1121/1121/4286 926/926/4287
f 1331/1331/4288 1329/1329/4289 1121/1121/4290
f 1121/1121/4291 1329/1329/4292 942/942/4293
f 131/131/4294 1329/1329/4295 943/943/4296
f 943/943/4297 1329/1329/4298 1331/1331/4299
f 1133/1133/4300 1325/1325/4301 1121/1121/4302
f 1134/1134/4303 1315/1315/4304 1333/1333/4305
f 1315/1315/4306 1325/1325/4307 944/944/4308
f 944/944/4309 1325/1325/4310 844/844/4311
f 944/944/4312 844/844/4313 806/806/4314
f 806/806/4315 1333/1333/4316 944/944/4317
f 1133/1133/4318 945/945/4319 1325/1325/4320
f 945/945/4321 1133/1133/4322 407/407/4323
f 945/945/4324 253/253/4325 1325/1325/4326
f 945/945/4327 407/407/4328 253/253/4329
f 944/944/4330 1333/1333/4331 1315/1315/4332
f 1333/1333/4333 365/365/4334 1134/1134/4335
f 734/734/4336 942/942/4337 1329/1329/4338
f 1329/1329/4339 818/818/4340 734/734/4341
f 734/734/4342 407/407/4343 1133/1133/4344
f 1329/1329/4345 131/131/4346 818/818/4347
f 942/942/4348 734/734/4349 1133/1133/4350
f 1133/1133/4351 1121/1121/4352 942/942/4353
f 1331/1331/4354 1121/1121/4355 1126/1126/4356
f 1331/1331/4357 1126/1126/4358 879/879/4359
f 1131/1131/4360 1648/1648/4361 1331/1331/4362
f 1126/1126/4363 225/225/4364 1326/1326/4365
f 225/225/4366 1126/1126/4367 1127/1127/4368
f 1126/1126/4369 1326/1326/4370 879/879/4371
f 932/932/4372 1126/1126/4373 926/926/4374
f 1126/1126/4375 932/932/4376 1128/1128/4377
f 374/374/4378 1127/1127/4379 1327/1327/4380
f 1327/1327/4381 1127/1127/4382 1128/1128/4383
f 1128/1128/4384 1127/1127/4385 1126/1126/4386
f 374/374/4387 225/225/4388 1127/1127/4389
f 1327/1327/4390 1128/1128/4391 843/843/4392
f 1327/1327/4393 575/575/4394 374/374/4395
f 863/863/4396 1128/1128/4397 932/932/4398
f 932/932/4399 1122/1122/4400 863/863/4401
f 843/843/4402 575/575/4403 1327/1327/4404
f 863/863/4405 843/843/4406 1128/1128/4407
f 1331/1331/4408 1648/1648/4409 1330/1330/4410
f 943/943/4411 1330/1330/4412 131/131/4413
f 460/460/4414 1330/1330/4415 1648/1648/4416
f 1330/1330/4417 460/460/4418 131/131/4419
f 1131/1131/4420 674/674/4421 1648/1648/4422
f 1331/1331/4423 879/879/4424 674/674/4425
f 1331/1331/4426 674/674/4427 1131/1131/4428
f 943/943/4429 1331/1331/4430 1330/1330/4431
f 7/7/4432 1326/1326/4433 1649/1649/4434
f 7/7/4435 879/879/4436 1326/1326/4437
f 225/225/4438 1649/1649/4439 1326/1326/4440
f 932/932/4441 1321/1321/4442 1122/1122/4443
f 754/754/4444 932/932/4445 1123/1123/4446
f 932/932/4447 926/926/4448 1123/1123/4449
f 1651/1651/4450 1122/1122/4451 1321/1321/4452
f 932/932/4453 754/754/4454 557/557/4455
f 1321/1321/4456 932/932/4457 557/557/4458
f 754/754/4459 1123/1123/4460 68/68/4461
f 1123/1123/4462 926/926/4463 933/933/4464
f 927/927/4465 1319/1319/4466 926/926/4467
f 934/934/4468 1319/1319/4469 927/927/4470
f 933/933/4471 492/492/4472 349/349/4473
f 349/349/4474 68/68/4475 1123/1123/4476
f 1319/1319/4477 492/492/4478 933/933/4479
f 933/933/4480 926/926/4481 1319/1319/4482
f 349/349/4483 1123/1123/4484 933/933/4485
f 492/492/4486 1319/1319/4487 701/701/4488
f 1319/1319/4489 1124/1124/4490 701/701/4491
f 1124/1124/4492 934/934/4493 1/1/4494
f 1319/1319/4495 934/934/4496 1124/1124/4497
f 1122/1122/4498 1651/1651/4499 1650/1650/4500
f 1321/1321/4501 557/557/4502 1651/1651/4503
f 863/863/4504 1122/1122/4505 1650/1650/4506
f 1359/1359/4507 213/213/4508 282/282/4509
f 965/965/4510 703/703/4511 402/402/4512
f 282/282/4513 359/359/4514 1359/1359/4515
f 703/703/4516 965/965/4517 359/359/4518
f 1364/1364/4519 213/213/4520 1359/1359/4521
f 1364/1364/4522 1359/1359/4523 972/972/4524
f 375/375/4525 972/972/4526 1359/1359/4527
f 1359/1359/4528 359/359/4529 375/375/4530
f 1925/1925/4531 359/359/4532 965/965/4533
f 359/359/4534 1925/1925/4535 1926/1926/4536
f 359/359/4537 1926/1926/4538 375/375/4539
f 1925/1925/4540 965/965/4541 402/402/4542
f 1365/1365/4543 1148/1148/4544 970/970/4545
f 970/970/4546 1148/1148/4547 1925/1925/4548
f 1925/1925/4549 402/402/4550 970/970/4551
f 402/402/4552 1360/1360/4553 970/970/4554
f 764/764/4555 1920/1920/4556 1360/1360/4557
f 764/764/4558 1360/1360/4559 402/402/4560
f 966/966/4561 1360/1360/4562 1920/1920/4563
f 855/855/4564 1360/1360/4565 966/966/4566
f 855/855/4567 970/970/4568 1360/1360/4569
f 1365/1365/4570 970/970/4571 855/855/4572
f 966/966/4573 866/866/4574 855/855/4575
f 1365/1365/4576 1924/1924/4577 1148/1148/4578
f 592/592/4579 1924/1924/4580 1365/1365/4581
f 1365/1365/4582 855/855/4583 592/592/4584
f 195/195/4585 966/966/4586 1920/1920/4587
f 966/966/4588 195/195/4589 1921/1921/4590
f 549/549/4591 1146/1146/4592 534/534/4593
f 534/534/4594 1146/1146/4595 1921/1921/4596
f 549/549/4597 760/760/4598 1146/1146/4599
f 782/782/4600 799/799/4601 760/760/4602
f 799/799/4603 1146/1146/4604 760/760/4605
f 1146/1146/4606 799/799/4607 829/829/4608
f 1146/1146/4609 829/829/4610 1361/1361/4611
f 866/866/4612 966/966/4613 183/183/4614
f 1921/1921/4615 183/183/4616 966/966/4617
f 1923/1923/4618 183/183/4619 1921/1921/4620
f 1921/1921/4621 704/704/4622 1923/1923/4623
f 1146/1146/4624 1361/1361/4625 704/704/4626
f 704/704/4627 1921/1921/4628 1146/1146/4629
f 704/704/4630 1361/1361/4631 1922/1922/4632
f 829/829/4633 1922/1922/4634 1361/1361/4635
f 857/857/4636 856/856/4637 1955/1955/4638
f 53/53/4639 857/857/4640 1389/1389/4641
f 857/857/4642 1955/1955/4643 1389/1389/4644
f 711/711/4645 1972/1972/4646 737/737/4647
f 737/737/4648 1972/1972/4649 767/767/4650
f 1972/1972/4651 809/809/4652 767/767/4653
f 809/809/4654 1972/1972/4655 1402/1402/4656
f 175/175/4657 1402/1402/4658 1972/1972/4659
f 809/809/4660 1402/1402/4661 819/819/4662
f 1975/1975/4663 1402/1402/4664 1974/1974/4665
f 1402/1402/4666 1975/1975/4667 819/819/4668
f 175/175/4669 1974/1974/4670 1402/1402/4671
f 1973/1973/4672 1975/1975/4673 1974/1974/4674
f 1973/1973/4675 107/107/4676 1975/1975/4677
f 1952/1952/4678 25/25/4679 110/110/4680
f 310/310/4681 369/369/4682 607/607/4683
f 369/369/4684 368/368/4685 607/607/4686
f 310/310/4687 607/607/4688 1908/1908/4689
f 1908/1908/4690 1909/1909/4691 310/310/4692
f 1909/1909/4693 690/690/4694 310/310/4695
f 690/690/4696 1910/1910/4697 310/310/4698
f 1910/1910/4699 690/690/4700 645/645/4701
f 482/482/4702 582/582/4703 672/672/4704
f 582/582/4705 858/858/4706 1418/1418/4707
f 858/858/4708 582/582/4709 1952/1952/4710
f 672/672/4711 582/582/4712 1418/1418/4713
f 1954/1954/4714 464/464/4715 1953/1953/4716
f 482/482/4717 464/464/4718 1954/1954/4719
f 464/464/4720 482/482/4721 672/672/4722
f 858/858/4723 1952/1952/4724 110/110/4725
f 1389/1389/4726 1955/1955/4727 53/53/4728
f 341/341/4729 53/53/4730 1955/1955/4731
f 341/341/4732 1955/1955/4733 462/462/4734
f 376/376/4735 996/996/4736 1956/1956/4737
f 997/997/4738 1958/1958/4739 837/837/4740
f 231/231/4741 119/119/4742 1419/1419/4743
f 997/997/4744 837/837/4745 54/54/4746
f 1907/1907/4747 1008/1008/4748 237/237/4749
f 474/474/4750 1199/1199/4751 465/465/4752
f 1199/1199/4753 1907/1907/4754 465/465/4755
f 494/494/4756 1199/1199/4757 474/474/4758
f 1199/1199/4759 494/494/4760 506/506/4761
f 560/560/4762 1199/1199/4763 506/506/4764
f 1008/1008/4765 1907/1907/4766 1199/1199/4767
f 1199/1199/4768 244/244/4769 1008/1008/4770
f 596/596/4771 615/615/4772 1451/1451/4773
f 1741/1741/4774 1740/1740/4775 691/691/4776
f 1741/1741/4777 714/714/4778 1740/1740/4779
f 724/724/4780 714/714/4781 1741/1741/4782
f 1199/1199/4783 560/560/4784 596/596/4785
f 156/156/4786 376/376/4787 1957/1957/4788
f 1957/1957/4789 376/376/4790 1956/1956/4791
f 996/996/4792 1958/1958/4793 997/997/4794
f 996/996/4795 997/997/4796 1956/1956/4797
f 997/997/4798 54/54/4799 10/10/4800
f 54/54/4801 26/26/4802 10/10/4803
f 344/344/4804 1194/1194/4805 1742/1742/4806
f 724/724/4807 1741/1741/4808 1009/1009/4809
f 1194/1194/4810 344/344/4811 1200/1200/4812
f 1189/1189/4813 1743/1743/4814 683/683/4815
f 1200/1200/4816 1743/1743/4817 1189/1189/4818
f 1737/1737/4819 1742/1742/4820 1194/1194/4821
f 1151/1151/4822 91/91/4823 104/104/4824
f 92/92/4825 91/91/4826 1151/1151/4827
f 93/93/4828 92/92/4829 1151/1151/4830
f 1951/1951/4831 297/297/4832 1151/1151/4833
f 1151/1151/4834 297/297/4835 1371/1371/4836
f 1951/1951/4837 1151/1151/4838 104/104/4839
f 1950/1950/4840 94/94/4841 1371/1371/4842
f 976/976/4843 77/77/4844 1950/1950/4845
f 1371/1371/4846 117/117/4847 116/116/4848
f 94/94/4849 117/117/4850 1371/1371/4851
f 1371/1371/4852 105/105/4853 93/93/4854
f 116/116/4855 105/105/4856 1371/1371/4857
f 123/123/4858 83/83/4859 976/976/4860
f 1371/1371/4861 976/976/4862 1950/1950/4863
f 976/976/4864 83/83/4865 77/77/4866
f 124/124/4867 123/123/4868 976/976/4869
f 976/976/4870 136/136/4871 124/124/4872
f 136/136/4873 1153/1153/4874 184/184/4875
f 184/184/4876 1153/1153/4877 196/196/4878
f 975/975/4879 1371/1371/4880 297/297/4881
f 975/975/4882 297/297/4883 457/457/4884
f 93/93/4885 1151/1151/4886 1371/1371/4887
f 457/457/4888 503/503/4889 975/975/4890
f 503/503/4891 558/558/4892 975/975/4893
f 976/976/4894 1153/1153/4895 136/136/4896
f 976/976/4897 975/975/4898 1152/1152/4899
f 1153/1153/4900 976/976/4901 1154/1154/4902
f 1152/1152/4903 1154/1154/4904 976/976/4905
f 196/196/4906 1153/1153/4907 1949/1949/4908
f 976/976/4909 1371/1371/4910 975/975/4911
f 1154/1154/4912 1949/1949/4913 1153/1153/4914
f 975/975/4915 558/558/4916 1152/1152/4917
f 1152/1152/4918 642/642/4919 663/663/4920
f 642/642/4921 1152/1152/4922 558/558/4923
f 664/664/4924 1152/1152/4925 663/663/4926
f 1154/1154/4927 1152/1152/4928 1946/1946/4929
f 1946/1946/4930 1152/1152/4931 664/664/4932
f 775/775/4933 1154/1154/4934 1946/1946/4935
f 722/722/4936 1948/1948/4937 766/766/4938
f 1947/1947/4939 836/836/4940 1949/1949/4941
f 1949/1949/4942 836/836/4943 1948/1948/4944
f 766/766/4945 1948/1948/4946 836/836/4947
f 1154/1154/4948 1947/1947/4949 1949/1949/4950
f 1159/1159/4951 242/242/4952 275/275/4953
f 309/309/4954 979/979/4955 283/283/4956
f 283/283/4957 979/979/4958 275/275/4959
f 1158/1158/4960 154/154/4961 173/173/4962
f 1158/1158/4963 149/149/4964 154/154/4965
f 173/173/4966 205/205/4967 1158/1158/4968
f 234/234/4969 242/242/4970 1158/1158/4971
f 1158/1158/4972 205/205/4973 234/234/4974
f 1158/1158/4975 242/242/4976 1159/1159/4977
f 675/675/4978 1374/1374/4979 665/665/4980
f 736/736/4981 1374/1374/4982 682/682/4983
f 682/682/4984 1374/1374/4985 675/675/4986
f 800/800/4987 845/845/4988 2/2/4989
f 800/800/4990 1155/1155/4991 765/765/4992
f 765/765/4993 1155/1155/4994 736/736/4995
f 1377/1377/4996 298/298/4997 326/326/4998
f 1377/1377/4999 326/326/5000 1764/1764/5001
f 340/340/5002 360/360/5003 977/977/5004
f 977/977/5005 1377/1377/5006 340/340/5007
f 1764/1764/5008 340/340/5009 1377/1377/5010
f 299/299/5011 298/298/5012 979/979/5013
f 979/979/5014 309/309/5015 300/300/5016
f 300/300/5017 299/299/5018 979/979/5019
f 1159/1159/5020 275/275/5021 979/979/5022
f 979/979/5023 298/298/5024 1377/1377/5025
f 979/979/5026 1377/1377/5027 977/977/5028
f 977/977/5029 360/360/5030 1765/1765/5031
f 388/388/5032 403/403/5033 977/977/5034
f 977/977/5035 1765/1765/5036 388/388/5037
f 665/665/5038 1374/1374/5039 403/403/5040
f 1374/1374/5041 736/736/5042 1155/1155/5043
f 977/977/5044 1374/1374/5045 1155/1155/5046
f 403/403/5047 1374/1374/5048 977/977/5049
f 1155/1155/5050 800/800/5051 2/2/5052
f 977/977/5053 1159/1159/5054 979/979/5055
f 1155/1155/5056 1159/1159/5057 977/977/5058
f 1155/1155/5059 2/2/5060 1378/1378/5061
f 1378/1378/5062 1159/1159/5063 1155/1155/5064
f 1384/1384/5065 1159/1159/5066 1378/1378/5067
f 1161/1161/5068 568/568/5069 520/520/5070
f 1161/1161/5071 519/519/5072 531/531/5073
f 1161/1161/5074 520/520/5075 519/519/5076
f 1758/1758/5077 1161/1161/5078 531/531/5079
f 1161/1161/5080 1758/1758/5081 1759/1759/5082
f 37/37/5083 1161/1161/5084 1759/1759/5085
f 1757/1757/5086 1161/1161/5087 137/137/5088
f 1750/1750/5089 322/322/5090 984/984/5091
f 986/986/5092 984/984/5093 600/600/5094
f 986/986/5095 576/576/5096 1749/1749/5097
f 986/986/5098 1749/1749/5099 984/984/5100
f 984/984/5101 1749/1749/5102 1750/1750/5103
f 1751/1751/5104 1397/1397/5105 867/867/5106
f 1403/1403/5107 600/600/5108 987/987/5109
f 600/600/5110 1403/1403/5111 986/986/5112
f 985/985/5113 867/867/5114 1397/1397/5115
f 600/600/5116 1397/1397/5117 987/987/5118
f 987/987/5119 1397/1397/5120 762/762/5121
f 1407/1407/5122 762/762/5123 1397/1397/5124
f 987/987/5125 762/762/5126 1403/1403/5127
f 1397/1397/5128 600/600/5129 985/985/5130
f 576/576/5131 986/986/5132 1403/1403/5133
f 37/37/5134 137/137/5135 1161/1161/5136
f 471/471/5137 1763/1763/5138 518/518/5139
f 1760/1760/5140 137/137/5141 37/37/5142
f 199/199/5143 214/214/5144 137/137/5145
f 1763/1763/5146 471/471/5147 695/695/5148
f 1757/1757/5149 137/137/5150 1756/1756/5151
f 137/137/5152 214/214/5153 1756/1756/5154
f 1762/1762/5155 1761/1761/5156 1756/1756/5157
f 1762/1762/5158 1756/1756/5159 214/214/5160
f 1756/1756/5161 1761/1761/5162 447/447/5163
f 262/262/5164 1397/1397/5165 1751/1751/5166
f 1169/1169/5167 1397/1397/5168 262/262/5169
f 1752/1752/5170 1169/1169/5171 262/262/5172
f 1752/1752/5173 1173/1173/5174 1169/1169/5175
f 1169/1169/5176 1173/1173/5177 1397/1397/5178
f 473/473/5179 447/447/5180 593/593/5181
f 473/473/5182 1164/1164/5183 481/481/5184
f 480/480/5185 1763/1763/5186 1162/1162/5187 593/593/5188
f 1761/1761/5189 593/593/5190 447/447/5191
f 593/593/5192 1164/1164/5193 473/473/5194
f 481/481/5195 1164/1164/5196 551/551/5197
f 551/551/5198 1164/1164/5199 1754/1754/5200
f 1752/1752/5201 1753/1753/5202 1173/1173/5203
f 593/593/5204 981/981/5205 1164/1164/5206
f 1397/1397/5207 1173/1173/5208 1407/1407/5209
f 1174/1174/5210 230/230/5211 1746/1746/5212
f 1174/1174/5213 1746/1746/5214 423/423/5215
f 230/230/5216 1174/1174/5217 219/219/5218
f 423/423/5219 1413/1413/5220 1174/1174/5221
f 176/176/5222 219/219/5223 1174/1174/5224
f 162/162/5225 1176/1176/5226 1420/1420/5227
f 162/162/5228 176/176/5229 1176/1176/5230
f 1413/1413/5231 542/542/5232 571/571/5233
f 581/581/5234 1408/1408/5235 571/571/5236
f 448/448/5237 1413/1413/5238 423/423/5239
f 1176/1176/5240 1174/1174/5241 1413/1413/5242
f 1174/1174/5243 1176/1176/5244 176/176/5245
f 1413/1413/5246 448/448/5247 504/504/5248
f 1413/1413/5249 504/504/5250 542/542/5251
f 1413/1413/5252 1428/1428/5253 1176/1176/5254
f 1420/1420/5255 1745/1745/5256 162/162/5257
f 1420/1420/5258 1176/1176/5259 1428/1428/5260
f 231/231/5261 1420/1420/5262 285/285/5263
f 1420/1420/5264 286/286/5265 285/285/5266
f 1420/1420/5267 278/278/5268 286/286/5269
f 1419/1419/5270 1420/1420/5271 231/231/5272
f 287/287/5273 278/278/5274 1420/1420/5275
f 1744/1744/5276 287/287/5277 1428/1428/5278
f 1419/1419/5279 1745/1745/5280 1420/1420/5281
f 594/594/5282 1408/1408/5283 581/581/5284
f 1745/1745/5285 1419/1419/5286 119/119/5287
f 1403/1403/5288 762/762/5289 1748/1748/5290
f 749/749/5291 762/762/5292 1407/1407/5293
f 1747/1747/5294 749/749/5295 1407/1407/5296
f 633/633/5297 1747/1747/5298 1408/1408/5299
f 1408/1408/5300 1747/1747/5301 1407/1407/5302
f 594/594/5303 633/633/5304 1408/1408/5305
f 1408/1408/5306 1413/1413/5307 571/571/5308
f 1407/1407/5309 1428/1428/5310 1413/1413/5311
f 1407/1407/5312 1413/1413/5313 1408/1408/5314
f 1420/1420/5315 1428/1428/5316 287/287/5317
f 1001/1001/5318 1744/1744/5319 1428/1428/5320
f 1472/1472/5321 1001/1001/5322 1428/1428/5323
f 1428/1428/5324 1407/1407/5325 1472/1472/5326
f 1403/1403/5327 1748/1748/5328 576/576/5329
f 1763/1763/5330 881/881/5331 1162/1162/5332
f 881/881/5333 1763/1763/5334 695/695/5335
f 981/981/5336 593/593/5337 1162/1162/5338
f 881/881/5339 981/981/5340 1162/1162/5341
f 1754/1754/5342 1164/1164/5343 981/981/5344
f 1398/1398/5345 981/981/5346 284/284/5347
f 1398/1398/5348 1755/1755/5349 981/981/5350
f 718/718/5351 1170/1170/5352 472/472/5353
f 284/284/5354 472/472/5355 1398/1398/5356
f 1173/1173/5357 1753/1753/5358 601/601/5359
f 1755/1755/5360 1754/1754/5361 981/981/5362
f 601/601/5363 1755/1755/5364 1398/1398/5365
f 1398/1398/5366 472/472/5367 1170/1170/5368
f 1398/1398/5369 1173/1173/5370 601/601/5371
f 1398/1398/5372 1170/1170/5373 1472/1472/5374
f 1472/1472/5375 1173/1173/5376 1398/1398/5377
f 1170/1170/5378 718/718/5379 904/904/5380
f 904/904/5381 149/149/5382 1170/1170/5383
f 1158/1158/5384 1159/1159/5385 149/149/5386
f 149/149/5387 1159/1159/5388 1170/1170/5389
f 1170/1170/5390 1384/1384/5391 1472/1472/5392
f 1170/1170/5393 1159/1159/5394 1384/1384/5395
f 1407/1407/5396 1173/1173/5397 1472/1472/5398
f 1472/1472/5399 1384/1384/5400 1485/1485/5401
f 629/629/5402 1451/1451/5403 615/615/5404
f 1010/1010/5405 1936/1936/5406 1935/1935/5407
f 1010/1010/5408 1935/1935/5409 1441/1441/5410
f 1888/1888/5411 1206/1206/5412 692/692/5413
f 1441/1441/5414 1934/1934/5415 1010/1010/5416
f 1206/1206/5417 616/616/5418 1889/1889/5419
f 914/914/5420 1206/1206/5421 1889/1889/5422
f 914/914/5423 1889/1889/5424 892/892/5425
f 692/692/5426 1206/1206/5427 1211/1211/5428
f 692/692/5429 1211/1211/5430 1887/1887/5431
f 1025/1025/5432 370/370/5433 589/589/5434
f 1887/1887/5435 914/914/5436 1455/1455/5437
f 1211/1211/5438 914/914/5439 1887/1887/5440
f 1455/1455/5441 1454/1454/5442 1887/1887/5443
f 1216/1216/5444 589/589/5445 739/739/5446
f 739/739/5447 1887/1887/5448 1216/1216/5449
f 1211/1211/5450 1206/1206/5451 914/914/5452
f 1220/1220/5453 1031/1031/5454 1474/1474/5455
f 1882/1882/5456 1220/1220/5457 744/744/5458
f 1225/1225/5459 1474/1474/5460 693/693/5461
f 1475/1475/5462 397/397/5463 1225/1225/5464
f 1031/1031/5465 693/693/5466 1474/1474/5467
f 1474/1474/5468 1225/1225/5469 397/397/5470
f 1031/1031/5471 1883/1883/5472 693/693/5473
f 1031/1031/5474 1220/1220/5475 1883/1883/5476
f 1220/1220/5477 886/886/5478 1883/1883/5479
f 1475/1475/5480 1225/1225/5481 693/693/5482
f 258/258/5483 1033/1033/5484 179/179/5485
f 397/397/5486 1033/1033/5487 257/257/5488
f 1033/1033/5489 397/397/5490 1475/1475/5491
f 1033/1033/5492 1475/1475/5493 1227/1227/5494
f 257/257/5495 1033/1033/5496 258/258/5497
f 1475/1475/5498 578/578/5499 1227/1227/5500
f 179/179/5501 1033/1033/5502 1036/1036/5503
f 1227/1227/5504 1036/1036/5505 1033/1033/5506
f 1227/1227/5507 484/484/5508 1036/1036/5509
f 610/610/5510 1227/1227/5511 578/578/5512
f 1034/1034/5513 745/745/5514 1885/1885/5515
f 1034/1034/5516 1884/1884/5517 745/745/5518
f 1884/1884/5519 1228/1228/5520 610/610/5521
f 1475/1475/5522 693/693/5523 578/578/5524
f 610/610/5525 511/511/5526 1227/1227/5527
f 1227/1227/5528 511/511/5529 484/484/5530
f 610/610/5531 658/658/5532 511/511/5533
f 658/658/5534 610/610/5535 1037/1037/5536
f 1034/1034/5537 1228/1228/5538 1884/1884/5539
f 370/370/5540 1217/1217/5541 187/187/5542
f 187/187/5543 1028/1028/5544 48/48/5545
f 48/48/5546 1221/1221/5547 49/49/5548
f 1886/1886/5549 49/49/5550 1221/1221/5551
f 1025/1025/5552 1217/1217/5553 370/370/5554
f 1217/1217/5555 1028/1028/5556 187/187/5557
f 1025/1025/5558 1478/1478/5559 1217/1217/5560
f 1216/1216/5561 1478/1478/5562 589/589/5563
f 589/589/5564 1478/1478/5565 1025/1025/5566
f 1028/1028/5567 1217/1217/5568 1478/1478/5569
f 1028/1028/5570 1478/1478/5571 1221/1221/5572
f 1028/1028/5573 1221/1221/5574 48/48/5575
f 869/869/5576 1886/1886/5577 1476/1476/5578
f 870/870/5579 869/869/5580 1476/1476/5581
f 1885/1885/5582 1476/1476/5583 1034/1034/5584
f 1476/1476/5585 1885/1885/5586 870/870/5587
f 1034/1034/5588 1476/1476/5589 1477/1477/5590
f 1886/1886/5591 1477/1477/5592 1476/1476/5593
f 1228/1228/5594 1037/1037/5595 610/610/5596
f 1228/1228/5597 1477/1477/5598 1037/1037/5599
f 1037/1037/5600 1481/1481/5601 658/658/5602
f 1037/1037/5603 1477/1477/5604 1481/1481/5605
f 1228/1228/5606 1034/1034/5607 1477/1477/5608
f 1478/1478/5609 1886/1886/5610 1221/1221/5611
f 1477/1477/5612 1886/1886/5613 1478/1478/5614
f 1220/1220/5615 1882/1882/5616 886/886/5617
f 415/415/5618 1891/1891/5619 1011/1011/5620
f 1011/1011/5621 1447/1447/5622 1196/1196/5623
f 151/151/5624 304/304/5625 1454/1454/5626
f 304/304/5627 1890/1890/5628 1013/1013/5629
f 415/415/5630 1013/1013/5631 1890/1890/5632
f 304/304/5633 1013/1013/5634 1454/1454/5635
f 1011/1011/5636 1013/1013/5637 415/415/5638
f 1892/1892/5639 891/891/5640 1012/1012/5641
f 1011/1011/5642 1196/1196/5643 1012/1012/5644
f 1196/1196/5645 1892/1892/5646 1012/1012/5647
f 891/891/5648 178/178/5649 1012/1012/5650
f 178/178/5651 475/475/5652 1012/1012/5653
f 1013/1013/5654 1011/1011/5655 1012/1012/5656
f 1012/1012/5657 475/475/5658 1014/1014/5659
f 1013/1013/5660 1012/1012/5661 1454/1454/5662
f 1887/1887/5663 1454/1454/5664 1478/1478/5665
f 1478/1478/5666 1454/1454/5667 1012/1012/5668
f 1012/1012/5669 1014/1014/5670 1478/1478/5671
f 1442/1442/5672 669/669/5673 475/475/5674
f 669/669/5675 1989/1989/5676 1014/1014/5677
f 899/899/5678 669/669/5679 1442/1442/5680
f 279/279/5681 1014/1014/5682 1989/1989/5683
f 1988/1988/5684 1014/1014/5685 279/279/5686
f 1988/1988/5687 677/677/5688 1203/1203/5689
f 1478/1478/5690 1014/1014/5691 1988/1988/5692
f 1203/1203/5693 1482/1482/5694 1988/1988/5695
f 475/475/5696 669/669/5697 1014/1014/5698
f 1216/1216/5699 1887/1887/5700 1478/1478/5701
f 1478/1478/5702 1988/1988/5703 1482/1482/5704
f 1482/1482/5705 1477/1477/5706 1478/1478/5707
f 1469/1469/5708 1470/1470/5709 1482/1482/5710
f 1455/1455/5711 151/151/5712 1454/1454/5713
f 1235/1235/5714 1499/1499/5715 87/87/5716
f 87/87/5717 1499/1499/5718 1881/1881/5719
f 1235/1235/5720 1488/1488/5721 1489/1489/5722
f 1488/1488/5723 1235/1235/5724 87/87/5725
f 1489/1489/5726 791/791/5727 1235/1235/5728
f 1235/1235/5729 791/791/5730 1499/1499/5731
f 87/87/5732 280/280/5733 1488/1488/5734
f 1489/1489/5735 280/280/5736 512/512/5737
f 1039/1039/5738 658/658/5739 1481/1481/5740
f 1039/1039/5741 1477/1477/5742 1489/1489/5743
f 1481/1481/5744 1477/1477/5745 1039/1039/5746
f 1489/1489/5747 512/512/5748 1039/1039/5749
f 1489/1489/5750 1477/1477/5751 791/791/5752
f 1488/1488/5753 280/280/5754 1489/1489/5755
f 1499/1499/5756 791/791/5757 1879/1879/5758
f 1477/1477/5759 1054/1054/5760 791/791/5761
f 1258/1258/5762 1545/1545/5763 802/802/5764
f 1533/1533/5765 1054/1054/5766 1258/1258/5767
f 1071/1071/5768 1258/1258/5769 1876/1876/5770
f 1071/1071/5771 1551/1551/5772 1258/1258/5773
f 1553/1553/5774 1267/1267/5775 915/915/5776
f 1876/1876/5777 1258/1258/5778 1553/1553/5779
f 1258/1258/5780 1267/1267/5781 1553/1553/5782
f 915/915/5783 1267/1267/5784 1561/1561/5785
f 1267/1267/5786 1258/1258/5787 1110/1110/5788
f 1545/1545/5789 1258/1258/5790 1264/1264/5791
f 1054/1054/5792 1110/1110/5793 1258/1258/5794
f 1477/1477/5795 1232/1232/5796 1242/1242/5797
f 1482/1482/5798 1232/1232/5799 1477/1477/5800
f 1054/1054/5801 1242/1242/5802 1527/1527/5803
f 1242/1242/5804 1054/1054/5805 1477/1477/5806
f 1203/1203/5807 1015/1015/5808 1469/1469/5809
f 1203/1203/5810 1444/1444/5811 1197/1197/5812
f 1469/1469/5813 1482/1482/5814 1203/1203/5815
f 1015/1015/5816 1203/1203/5817 1695/1695/5818
f 706/706/5819 1695/1695/5820 1203/1203/5821
f 1197/1197/5822 1444/1444/5823 1188/1188/5824
f 246/246/5825 1691/1691/5826 1022/1022/5827
f 1466/1466/5828 1469/1469/5829 157/157/5830
f 1696/1696/5831 1466/1466/5832 157/157/5833
f 1696/1696/5834 442/442/5835 1466/1466/5836
f 1698/1698/5837 1466/1466/5838 442/442/5839
f 1022/1022/5840 1691/1691/5841 1213/1213/5842
f 1697/1697/5843 1698/1698/5844 442/442/5845
f 289/289/5846 1466/1466/5847 1698/1698/5848
f 1698/1698/5849 1697/1697/5850 634/634/5851
f 1203/1203/5852 1197/1197/5853 1207/1207/5854
f 1203/1203/5855 1207/1207/5856 706/706/5857
f 1694/1694/5858 1197/1197/5859 1448/1448/5860
f 186/186/5861 1208/1208/5862 1693/1693/5863
f 186/186/5864 1694/1694/5865 1208/1208/5866
f 1208/1208/5867 1694/1694/5868 1019/1019/5869
f 1694/1694/5870 1688/1688/5871 1019/1019/5872
f 1197/1197/5873 1006/1006/5874 1448/1448/5875
f 1208/1208/5876 1692/1692/5877 1693/1693/5878
f 1213/1213/5879 1462/1462/5880 708/708/5881
f 1213/1213/5882 1692/1692/5883 1462/1462/5884
f 1692/1692/5885 377/377/5886 1462/1462/5887
f 1462/1462/5888 377/377/5889 1690/1690/5890
f 28/28/5891 1462/1462/5892 1690/1690/5893
f 1691/1691/5894 1692/1692/5895 1213/1213/5896
f 1208/1208/5897 377/377/5898 1692/1692/5899
f 1208/1208/5900 1019/1019/5901 588/588/5902
f 588/588/5903 377/377/5904 1208/1208/5905
f 1470/1470/5906 1469/1469/5907 1466/1466/5908
f 1466/1466/5909 289/289/5910 1470/1470/5911
f 1470/1470/5912 289/289/5913 1218/1218/5914
f 1701/1701/5915 1218/1218/5916 1222/1222/5917
f 1218/1218/5918 1701/1701/5919 1470/1470/5920
f 1218/1218/5921 522/522/5922 1222/1222/5923
f 726/726/5924 1701/1701/5925 1222/1222/5926
f 1218/1218/5927 289/289/5928 522/522/5929
f 1482/1482/5930 1470/1470/5931 1701/1701/5932
f 126/126/5933 1232/1232/5934 1482/1482/5935
f 1232/1232/5936 126/126/5937 888/888/5938
f 126/126/5939 1482/1482/5940 1702/1702/5941
f 1702/1702/5942 1482/1482/5943 1701/1701/5944
f 709/709/5945 725/725/5946 1026/1026/5947
f 1026/1026/5948 725/725/5949 34/34/5950
f 34/34/5951 1471/1471/5952 1026/1026/5953
f 1471/1471/5954 522/522/5955 709/709/5956
f 1700/1700/5957 1222/1222/5958 522/522/5959
f 1222/1222/5960 1700/1700/5961 726/726/5962
f 1700/1700/5963 522/522/5964 1471/1471/5965
f 1700/1700/5966 1471/1471/5967 1699/1699/5968
f 709/709/5969 1026/1026/5970 1471/1471/5971
f 1699/1699/5972 1471/1471/5973 34/34/5974
f 1483/1483/5975 39/39/5976 1707/1707/5977
f 1490/1490/5978 1483/1483/5979 1707/1707/5980
f 437/437/5981 1490/1490/5982 1707/1707/5983
f 1709/1709/5984 1707/1707/5985 1708/1708/5986
f 39/39/5987 1483/1483/5988 1491/1491/5989
f 1449/1449/5990 1694/1694/5991 1007/1007/5992
f 1688/1688/5993 1694/1694/5994 1449/1449/5995
f 1450/1450/5996 1016/1016/5997 245/245/5998
f 245/245/5999 848/848/6000 1449/1449/6001
f 245/245/6002 1016/1016/6003 396/396/6004
f 245/245/6005 1449/1449/6006 1450/1450/6007
f 1449/1449/6008 1007/1007/6009 1450/1450/6010
f 396/396/6011 1016/1016/6012 1450/1450/6013
f 1019/1019/6014 1688/1688/6015 1689/1689/6016
f 1689/1689/6017 588/588/6018 1019/1019/6019
f 848/848/6020 1688/1688/6021 1449/1449/6022
f 1694/1694/6023 1448/1448/6024 1007/1007/6025
f 1450/1450/6026 543/543/6027 508/508/6028
f 543/543/6029 1450/1450/6030 1198/1198/6031
f 1198/1198/6032 1445/1445/6033 543/543/6034
f 396/396/6035 1450/1450/6036 509/509/6037
f 509/509/6038 1450/1450/6039 508/508/6040
f 1450/1450/6041 1445/1445/6042 1198/1198/6043
f 437/437/6044 1709/1709/6045 678/678/6046
f 1233/1233/6047 679/679/6048 813/813/6049
f 1709/1709/6050 437/437/6051 1707/1707/6052
f 1712/1712/6053 1233/1233/6054 813/813/6055
f 1233/1233/6056 1712/1712/6057 1713/1713/6058
f 813/813/6059 55/55/6060 1712/1712/6061
f 679/679/6062 1233/1233/6063 1713/1713/6064
f 1232/1232/6065 888/888/6066 1703/1703/6067
f 1703/1703/6068 1242/1242/6069 1232/1232/6070
f 1703/1703/6071 1049/1049/6072 1242/1242/6073
f 1506/1506/6074 1705/1705/6075 1706/1706/6076
f 1500/1500/6077 1506/1506/6078 1706/1706/6079
f 1049/1049/6080 15/15/6081 1242/1242/6082
f 1055/1055/6083 1242/1242/6084 15/15/6085
f 1704/1704/6086 1705/1705/6087 418/418/6088
f 1055/1055/6089 1517/1517/6090 1242/1242/6091
f 1517/1517/6092 1518/1518/6093 1242/1242/6094
f 1517/1517/6095 223/223/6096 1518/1518/6097
f 223/223/6098 1517/1517/6099 1055/1055/6100
f 1506/1506/6101 418/418/6102 1705/1705/6103
f 1518/1518/6104 223/223/6105 418/418/6106
f 1518/1518/6107 418/418/6108 1506/1506/6109
f 1506/1506/6110 1527/1527/6111 1518/1518/6112
f 39/39/6113 1710/1710/6114 906/906/6115
f 1491/1491/6116 1710/1710/6117 39/39/6118
f 1491/1491/6119 1483/1483/6120 271/271/6121
f 271/271/6122 1710/1710/6123 1491/1491/6124
f 906/906/6125 1710/1710/6126 1500/1500/6127
f 1710/1710/6128 1044/1044/6129 1500/1500/6130
f 1490/1490/6131 437/437/6132 1483/1483/6133
f 1711/1711/6134 679/679/6135 1493/1493/6136
f 1494/1494/6137 1044/1044/6138 1711/1711/6139
f 1711/1711/6140 1044/1044/6141 1710/1710/6142
f 770/770/6143 1493/1493/6144 679/679/6145
f 770/770/6146 679/679/6147 1713/1713/6148
f 1243/1243/6149 1493/1493/6150 770/770/6151
f 1494/1494/6152 1493/1493/6153 1243/1243/6154
f 1493/1493/6155 1494/1494/6156 1711/1711/6157
f 1044/1044/6158 1494/1494/6159 1243/1243/6160
f 1500/1500/6161 1044/1044/6162 1506/1506/6163
f 1044/1044/6164 1243/1243/6165 1506/1506/6166
f 1527/1527/6167 1506/1506/6168 1722/1722/6169
f 1720/1720/6170 1243/1243/6171 1507/1507/6172
f 1507/1507/6173 1243/1243/6174 1714/1714/6175
f 1722/1722/6176 1243/1243/6177 1721/1721/6178
f 1243/1243/6179 1720/1720/6180 1721/1721/6181
f 1720/1720/6182 1719/1719/6183 777/777/6184
f 777/777/6185 1719/1719/6186 785/785/6187
f 1243/1243/6188 1722/1722/6189 1506/1506/6190
f 1242/1242/6191 1518/1518/6192 1527/1527/6193
f 1723/1723/6194 1527/1527/6195 1722/1722/6196
f 1527/1527/6197 1723/1723/6198 1068/1068/6199
f 1527/1527/6200 1068/1068/6201 1059/1059/6202
f 1713/1713/6203 1712/1712/6204 208/208/6205
f 1507/1507/6206 1714/1714/6207 1718/1718/6208
f 1716/1716/6209 1715/1715/6210 1236/1236/6211
f 751/751/6212 1716/1716/6213 1236/1236/6214
f 485/485/6215 1714/1714/6216 1716/1716/6217
f 485/485/6218 1717/1717/6219 1714/1714/6220
f 1714/1714/6221 1715/1715/6222 1716/1716/6223
f 1507/1507/6224 1718/1718/6225 873/873/6226
f 1507/1507/6227 873/873/6228 1719/1719/6229
f 1068/1068/6230 1725/1725/6231 1059/1059/6232
f 1719/1719/6233 1720/1720/6234 1507/1507/6235
f 1714/1714/6236 1717/1717/6237 1718/1718/6238
f 1724/1724/6239 1059/1059/6240 1725/1725/6241
f 901/901/6242 907/907/6243 1519/1519/6244
f 1966/1966/6245 209/209/6246 1520/1520/6247
f 1965/1965/6248 1520/1520/6249 1519/1519/6250
f 1520/1520/6251 1965/1965/6252 1966/1966/6253
f 1965/1965/6254 1519/1519/6255 907/907/6256
f 1058/1058/6257 1964/1964/6258 1519/1519/6259
f 795/795/6260 1964/1964/6261 1058/1058/6262
f 1520/1520/6263 140/140/6264 1058/1058/6265
f 1058/1058/6266 1519/1519/6267 1520/1520/6268
f 1520/1520/6269 419/419/6270 337/337/6271
f 1528/1528/6272 337/337/6273 316/316/6274
f 337/337/6275 1528/1528/6276 1520/1520/6277
f 1060/1060/6278 1059/1059/6279 1724/1724/6280
f 1060/1060/6281 849/849/6282 1059/1059/6283
f 849/849/6284 1726/1726/6285 1059/1059/6286
f 1528/1528/6287 265/265/6288 1520/1520/6289
f 265/265/6290 140/140/6291 1520/1520/6292
f 1058/1058/6293 140/140/6294 62/62/6295
f 1726/1726/6296 486/486/6297 1059/1059/6298
f 1059/1059/6299 486/486/6300 590/590/6301
f 1059/1059/6302 1546/1546/6303 1114/1114/6304
f 316/316/6305 265/265/6306 1528/1528/6307
f 1280/1280/6308 1557/1557/6309 1561/1561/6310
f 1267/1267/6311 1110/1110/6312 1561/1561/6313
f 1561/1561/6314 1110/1110/6315 1280/1280/6316
f 1110/1110/6317 1054/1054/6318 1527/1527/6319
f 1110/1110/6320 1527/1527/6321 1059/1059/6322
f 1114/1114/6323 1110/1110/6324 1059/1059/6325
f 1546/1546/6326 1102/1102/6327 1114/1114/6328
f 80/80/6329 1451/1451/6330 85/85/6331
f 80/80/6332 185/185/6333 1451/1451/6334
f 1199/1199/6335 185/185/6336 244/244/6337
f 1451/1451/6338 1199/1199/6339 596/596/6340
f 629/629/6341 647/647/6342 1451/1451/6343
f 1451/1451/6344 185/185/6345 1199/1199/6346
f 561/561/6347 139/139/6348 1451/1451/6349
f 139/139/6350 85/85/6351 1451/1451/6352
f 647/647/6353 561/561/6354 1451/1451/6355
f 144/144/6356 1467/1467/6357 71/71/6358
f 1467/1467/6359 165/165/6360 201/201/6361
f 165/165/6362 1467/1467/6363 144/144/6364
f 1467/1467/6365 86/86/6366 71/71/6367
f 1463/1463/6368 443/443/6369 1959/1959/6370
f 1463/1463/6371 1959/1959/6372 1960/1960/6373
f 86/86/6374 1467/1467/6375 1963/1963/6376
f 201/201/6377 443/443/6378 1467/1467/6379
f 1463/1463/6380 1962/1962/6381 1467/1467/6382
f 1963/1963/6383 1467/1467/6384 1962/1962/6385
f 443/443/6386 1463/1463/6387 1467/1467/6388
f 1734/1734/6389 510/510/6390 562/562/6391
f 1733/1733/6392 436/436/6393 1734/1734/6394
f 1734/1734/6395 436/436/6396 510/510/6397
f 1733/1733/6398 1484/1484/6399 1732/1732/6400
f 1960/1960/6401 1219/1219/6402 1463/1463/6403
f 724/724/6404 1204/1204/6405 920/920/6406
f 1204/1204/6407 1017/1017/6408 920/920/6409
f 1739/1739/6410 920/920/6411 1017/1017/6412
f 1204/1204/6413 1742/1742/6414 1737/1737/6415
f 724/724/6416 1742/1742/6417 1204/1204/6418
f 831/831/6419 1739/1739/6420 1017/1017/6421
f 238/238/6422 1017/1017/6423 1204/1204/6424
f 724/724/6425 1009/1009/6426 1742/1742/6427
f 838/838/6428 1739/1739/6429 831/831/6430
f 1209/1209/6431 14/14/6432 831/831/6433
f 27/27/6434 1209/1209/6435 1738/1738/6436
f 1209/1209/6437 1017/1017/6438 1456/1456/6439
f 1738/1738/6440 1209/1209/6441 1456/1456/6442
f 27/27/6443 14/14/6444 1209/1209/6445
f 1456/1456/6446 238/238/6447 1738/1738/6448
f 1017/1017/6449 1209/1209/6450 831/831/6451
f 238/238/6452 1456/1456/6453 1017/1017/6454
f 1219/1219/6455 1962/1962/6456 1463/1463/6457
f 346/346/6458 1204/1204/6459 1737/1737/6460
f 1737/1737/6461 1194/1194/6462 1200/1200/6463
f 1204/1204/6464 346/346/6465 238/238/6466
f 1737/1737/6467 1200/1200/6468 1452/1452/6469
f 1737/1737/6470 1452/1452/6471 705/705/6472
f 1452/1452/6473 1189/1189/6474 705/705/6475
f 1189/1189/6476 1452/1452/6477 1200/1200/6478
f 705/705/6479 1189/1189/6480 1453/1453/6481
f 719/719/6482 705/705/6483 1453/1453/6484
f 1736/1736/6485 719/719/6486 1453/1453/6487
f 1736/1736/6488 1457/1457/6489 435/435/6490
f 1210/1210/6491 1457/1457/6492 1736/1736/6493
f 1020/1020/6494 1457/1457/6495 1210/1210/6496
f 1020/1020/6497 1210/1210/6498 1453/1453/6499
f 1020/1020/6500 707/707/6501 1457/1457/6502
f 1024/1024/6503 597/597/6504 776/776/6505
f 1464/1464/6506 1024/1024/6507 776/776/6508
f 1962/1962/6509 1219/1219/6510 1027/1027/6511
f 1027/1027/6512 1219/1219/6513 111/111/6514
f 1219/1219/6515 1023/1023/6516 1961/1961/6517
f 1961/1961/6518 111/111/6519 1219/1219/6520
f 222/222/6521 1733/1733/6522 1734/1734/6523
f 1484/1484/6524 1733/1733/6525 222/222/6526
f 1484/1484/6527 222/222/6528 1495/1495/6529
f 537/537/6530 329/329/6531 1029/1029/6532
f 1029/1029/6533 329/329/6534 425/425/6535
f 1029/1029/6536 425/425/6537 609/609/6538
f 1468/1468/6539 609/609/6540 1024/1024/6541
f 1024/1024/6542 609/609/6543 597/597/6544
f 609/609/6545 1468/1468/6546 1029/1029/6547
f 1473/1473/6548 537/537/6549 1029/1029/6550
f 1735/1735/6551 523/523/6552 1226/1226/6553
f 1226/1226/6554 222/222/6555 1735/1735/6556
f 715/715/6557 1473/1473/6558 1479/1479/6559
f 1473/1473/6560 715/715/6561 537/537/6562
f 1226/1226/6563 523/523/6564 715/715/6565
f 1495/1495/6566 1226/1226/6567 1479/1479/6568
f 222/222/6569 1226/1226/6570 1495/1495/6571
f 1226/1226/6572 715/715/6573 1479/1479/6574
f 1464/1464/6575 1214/1214/6576 1024/1024/6577
f 769/769/6578 125/125/6579 1905/1905/6580
f 216/216/6581 1905/1905/6582 125/125/6583
f 1905/1905/6584 216/216/6585 362/362/6586
f 769/769/6587 1905/1905/6588 1040/1040/6589
f 1040/1040/6590 1906/1906/6591 769/769/6592
f 1905/1905/6593 362/362/6594 466/466/6595
f 29/29/6596 40/40/6597 1968/1968/6598
f 1971/1971/6599 291/291/6600 1970/1970/6601
f 291/291/6602 1971/1971/6603 29/29/6604
f 291/291/6605 29/29/6606 1968/1968/6607
f 1969/1969/6608 1968/1968/6609 290/290/6610
f 1969/1969/6611 291/291/6612 1968/1968/6613
f 1059/1059/6614 590/590/6615 1546/1546/6616
f 1546/1546/6617 1727/1727/6618 1728/1728/6619
f 1728/1728/6620 1729/1729/6621 1061/1061/6622
f 354/354/6623 1521/1521/6624 1250/1250/6625
f 1061/1061/6626 1729/1729/6627 1250/1250/6628
f 1061/1061/6629 1546/1546/6630 1728/1728/6631
f 1731/1731/6632 1732/1732/6633 1484/1484/6634
f 1495/1495/6635 648/648/6636 1731/1731/6637
f 1495/1495/6638 1042/1042/6639 648/648/6640
f 1495/1495/6641 1238/1238/6642 1042/1042/6643
f 1484/1484/6644 1495/1495/6645 1731/1731/6646
f 1238/1238/6647 1495/1495/6648 1050/1050/6649
f 1238/1238/6650 1050/1050/6651 72/72/6652
f 1730/1730/6653 1050/1050/6654 1508/1508/6655
f 1050/1050/6656 544/544/6657 1508/1508/6658
f 839/839/6659 544/544/6660 1050/1050/6661
f 1495/1495/6662 839/839/6663 1050/1050/6664
f 544/544/6665 579/579/6666 1508/1508/6667
f 579/579/6668 686/686/6669 1508/1508/6670
f 1246/1246/6671 1521/1521/6672 354/354/6673
f 264/264/6674 1250/1250/6675 1521/1521/6676
f 264/264/6677 1534/1534/6678 1250/1250/6679
f 1534/1534/6680 264/264/6681 1259/1259/6682
f 1546/1546/6683 1061/1061/6684 1272/1272/6685
f 1061/1061/6686 1250/1250/6687 1534/1534/6688
f 1508/1508/6689 1259/1259/6690 1730/1730/6691
f 72/72/6692 1050/1050/6693 1730/1730/6694
f 1259/1259/6695 686/686/6696 771/771/6697
f 1259/1259/6698 1056/1056/6699 133/133/6700
f 1259/1259/6701 771/771/6702 1056/1056/6703
f 1259/1259/6704 1508/1508/6705 686/686/6706
f 1061/1061/6707 1534/1534/6708 1272/1272/6709
f 1453/1453/6710 1210/1210/6711 1736/1736/6712
f 1459/1459/6713 1020/1020/6714 1453/1453/6715
f 707/707/6716 1020/1020/6717 1459/1459/6718
f 1189/1189/6719 1001/1001/6720 1453/1453/6721
f 1453/1453/6722 1001/1001/6723 1459/1459/6724
f 1189/1189/6725 1744/1744/6726 1001/1001/6727
f 1001/1001/6728 1214/1214/6729 1459/1459/6730
f 776/776/6731 1459/1459/6732 1214/1214/6733
f 1464/1464/6734 776/776/6735 1214/1214/6736
f 1214/1214/6737 1468/1468/6738 1024/1024/6739
f 1029/1029/6740 1468/1468/6741 1214/1214/6742
f 1229/1229/6743 1473/1473/6744 1029/1029/6745
f 1029/1029/6746 1214/1214/6747 1472/1472/6748
f 1472/1472/6749 1214/1214/6750 1001/1001/6751
f 1229/1229/6752 1029/1029/6753 1472/1472/6754
f 1229/1229/6755 1495/1495/6756 1479/1479/6757
f 1229/1229/6758 1479/1479/6759 1473/1473/6760
f 1229/1229/6761 1237/1237/6762 1495/1495/6763
f 1495/1495/6764 1237/1237/6765 1051/1051/6766
f 1495/1495/6767 1051/1051/6768 1501/1501/6769
f 1495/1495/6770 1501/1501/6771 839/839/6772
f 563/563/6773 1051/1051/6774 1237/1237/6775
f 1501/1501/6776 1051/1051/6777 438/438/6778
f 1239/1239/6779 450/450/6780 1229/1229/6781
f 1237/1237/6782 1502/1502/6783 112/112/6784
f 450/450/6785 1502/1502/6786 1229/1229/6787
f 1502/1502/6788 1237/1237/6789 1229/1229/6790
f 1052/1052/6791 1502/1502/6792 450/450/6793
f 1496/1496/6794 2000/2000/6795 1239/1239/6796
f 450/450/6797 1239/1239/6798 2000/2000/6799
f 1472/1472/6800 1239/1239/6801 1229/1229/6802
f 417/417/6803 1239/1239/6804 2001/2001/6805
f 127/127/6806 2001/2001/6807 1045/1045/6808
f 1045/1045/6809 2001/2001/6810 1239/1239/6811
f 1239/1239/6812 1472/1472/6813 1045/1045/6814
f 1248/1248/6815 1045/1045/6816 1472/1472/6817
f 159/159/6818 839/839/6819 1501/1501/6820
f 180/180/6821 159/159/6822 1501/1501/6823
f 133/133/6824 1056/1056/6825 771/771/6826
f 1522/1522/6827 1259/1259/6828 133/133/6829
f 180/180/6830 1501/1501/6831 438/438/6832
f 133/133/6833 324/324/6834 1522/1522/6835
f 1251/1251/6836 1522/1522/6837 324/324/6838
f 1522/1522/6839 1251/1251/6840 1259/1259/6841
f 1529/1529/6842 1251/1251/6843 532/532/6844
f 532/532/6845 1251/1251/6846 324/324/6847
f 563/563/6848 438/438/6849 1051/1051/6850
f 21/21/6851 1503/1503/6852 1509/1509/6853
f 1509/1509/6854 1998/1998/6855 21/21/6856
f 1999/1999/6857 1503/1503/6858 1052/1052/6859
f 1052/1052/6860 1503/1503/6861 1502/1502/6862
f 1503/1503/6863 1999/1999/6864 1998/1998/6865
f 1999/1999/6866 1052/1052/6867 450/450/6868
f 1998/1998/6869 1999/1999/6870 623/623/6871
f 1998/1998/6872 1509/1509/6873 1503/1503/6874
f 112/112/6875 1502/1502/6876 1503/1503/6877
f 1251/1251/6878 1529/1529/6879 1534/1534/6880
f 1534/1534/6881 1259/1259/6882 1251/1251/6883
f 1534/1534/6884 1529/1529/6885 532/532/6886
f 716/716/6887 1534/1534/6888 532/532/6889
f 1272/1272/6890 1534/1534/6891 1535/1535/6892
f 1534/1534/6893 1997/1997/6894 1535/1535/6895
f 1272/1272/6896 1535/1535/6897 1066/1066/6898
f 1535/1535/6899 239/239/6900 1066/1066/6901
f 239/239/6902 1535/1535/6903 1997/1997/6904
f 239/239/6905 1996/1996/6906 1066/1066/6907
f 1996/1996/6908 1536/1536/6909 1066/1066/6910
f 495/495/6911 1536/1536/6912 1996/1996/6913
f 1536/1536/6914 495/495/6915 1995/1995/6916
f 1266/1266/6917 1536/1536/6918 1995/1995/6919
f 1066/1066/6920 1536/1536/6921 1266/1266/6922
f 1554/1554/6923 1066/1066/6924 1266/1266/6925
f 716/716/6926 1997/1997/6927 1534/1534/6928
f 417/417/6929 1053/1053/6930 1239/1239/6931
f 1053/1053/6932 1496/1496/6933 1239/1239/6934
f 1063/1063/6935 64/64/6936 363/363/6937
f 363/363/6938 378/378/6939 1063/1063/6940
f 1063/1063/6941 378/378/6942 1537/1537/6943
f 630/630/6944 1537/1537/6945 378/378/6946
f 1063/1063/6947 1537/1537/6948 893/893/6949
f 1537/1537/6950 630/630/6951 1994/1994/6952
f 64/64/6953 1063/1063/6954 893/893/6955
f 128/128/6956 1247/1247/6957 2002/2002/6958
f 2002/2002/6959 1247/1247/6960 758/758/6961
f 128/128/6962 127/127/6963 1045/1045/6964
f 1045/1045/6965 1247/1247/6966 128/128/6967
f 1247/1247/6968 1045/1045/6969 1248/1248/6970
f 1247/1247/6971 908/908/6972 758/758/6973
f 2003/2003/6974 908/908/6975 1247/1247/6976
f 1485/1485/6977 1248/1248/6978 1472/1472/6979
f 1485/1485/6980 1249/1249/6981 1248/1248/6982
f 1248/1248/6983 2003/2003/6984 1247/1247/6985
f 100/100/6986 580/580/6987 1538/1538/6988
f 580/580/6989 1253/1253/6990 1538/1538/6991
f 1252/1252/6992 1249/1249/6993 1530/1530/6994
f 1249/1249/6995 1485/1485/6996 1530/1530/6997
f 1249/1249/6998 1253/1253/6999 580/580/7000
f 1253/1253/7001 1249/1249/7002 1252/1252/7003
f 1530/1530/7004 1254/1254/7005 1252/1252/7006
f 1252/1252/7007 1254/1254/7008 1253/1253/7009
f 1994/1994/7010 902/902/7011 1537/1537/7012
f 1548/1548/7013 1266/1266/7014 1995/1995/7015
f 64/64/7016 1548/1548/7017 1995/1995/7018
f 1266/1266/7019 1548/1548/7020 167/167/7021
f 1985/1985/7022 167/167/7023 1548/1548/7024
f 1266/1266/7025 167/167/7026 874/874/7027
f 893/893/7028 1547/1547/7029 64/64/7030
f 1547/1547/7031 1548/1548/7032 64/64/7033
f 1548/1548/7034 1547/1547/7035 1985/1985/7036
f 874/874/7037 727/727/7038 1266/1266/7039
f 100/100/7040 1537/1537/7041 902/902/7042
f 1537/1537/7043 100/100/7044 893/893/7045
f 1538/1538/7046 1549/1549/7047 100/100/7048
f 893/893/7049 100/100/7050 1549/1549/7051
f 1538/1538/7052 1254/1254/7053 1549/1549/7054
f 1254/1254/7055 1538/1538/7056 1253/1253/7057
f 1254/1254/7058 803/803/7059 1986/1986/7060
f 1549/1549/7061 1254/1254/7062 1986/1986/7063
f 1254/1254/7064 1987/1987/7065 803/803/7066
f 1987/1987/7067 1254/1254/7068 1260/1260/7069
f 1554/1554/7070 1266/1266/7071 727/727/7072
f 1582/1582/7073 1102/1102/7074 1546/1546/7075
f 1546/1546/7076 1275/1275/7077 1575/1575/7078
f 1272/1272/7079 1275/1275/7080 1546/1546/7081
f 1272/1272/7082 1277/1277/7083 1275/1275/7084
f 850/850/7085 1275/1275/7086 1277/1277/7087
f 74/74/7088 1575/1575/7089 1568/1568/7090
f 816/816/7091 1275/1275/7092 850/850/7093
f 1275/1275/7094 816/816/7095 1568/1568/7096
f 1275/1275/7097 1568/1568/7098 1575/1575/7099
f 1575/1575/7100 1569/1569/7101 1582/1582/7102
f 1582/1582/7103 1546/1546/7104 1575/1575/7105
f 1096/1096/7106 1102/1102/7107 1582/1582/7108
f 1575/1575/7109 74/74/7110 1569/1569/7111
f 1569/1569/7112 1282/1282/7113 1582/1582/7114
f 1096/1096/7115 1296/1296/7116 1102/1102/7117
f 248/248/7118 1277/1277/7119 1272/1272/7120
f 1066/1066/7121 1562/1562/7122 1272/1272/7123
f 1066/1066/7124 1554/1554/7125 1562/1562/7126
f 1562/1562/7127 1554/1554/7128 1558/1558/7129
f 1272/1272/7130 1562/1562/7131 451/451/7132
f 248/248/7133 1272/1272/7134 451/451/7135
f 1277/1277/7136 134/134/7137 850/850/7138
f 816/816/7139 74/74/7140 1568/1568/7141
f 134/134/7142 1277/1277/7143 141/141/7144
f 141/141/7145 1277/1277/7146 248/248/7147
f 1569/1569/7148 74/74/7149 1282/1282/7150
f 1558/1558/7151 1554/1554/7152 649/649/7153
f 1558/1558/7154 650/650/7155 1562/1562/7156
f 659/659/7157 1558/1558/7158 649/649/7159
f 1558/1558/7160 659/659/7161 650/650/7162
f 451/451/7163 1562/1562/7164 497/497/7165
f 497/497/7166 1562/1562/7167 650/650/7168
f 1282/1282/7169 318/318/7170 420/420/7171
f 1282/1282/7172 74/74/7173 318/318/7174
f 1282/1282/7175 420/420/7176 426/426/7177
f 1082/1082/7178 1282/1282/7179 426/426/7180
f 1082/1082/7181 426/426/7182 1984/1984/7183
f 1082/1082/7184 1984/1984/7185 427/427/7186
f 1576/1576/7187 1282/1282/7188 1082/1082/7189
f 427/427/7190 1576/1576/7191 1082/1082/7192
f 428/428/7193 1576/1576/7194 427/427/7195
f 1582/1582/7196 1282/1282/7197 1576/1576/7198
f 1090/1090/7199 1096/1096/7200 1582/1582/7201
f 1586/1586/7202 1090/1090/7203 1582/1582/7204
f 1090/1090/7205 1587/1587/7206 1096/1096/7207
f 1283/1283/7208 1582/1582/7209 1084/1084/7210
f 1582/1582/7211 1087/1087/7212 1586/1586/7213
f 453/453/7214 1283/1283/7215 1084/1084/7216
f 1283/1283/7217 1087/1087/7218 1582/1582/7219
f 1586/1586/7220 1087/1087/7221 454/454/7222
f 1582/1582/7223 1576/1576/7224 1084/1084/7225
f 1586/1586/7226 489/489/7227 1090/1090/7228
f 1096/1096/7229 1587/1587/7230 1094/1094/7231
f 1576/1576/7232 428/428/7233 1084/1084/7234
f 428/428/7235 453/453/7236 1084/1084/7237
f 1283/1283/7238 454/454/7239 1087/1087/7240
f 1586/1586/7241 454/454/7242 489/489/7243
f 1090/1090/7244 489/489/7245 697/697/7246
f 1982/1982/7247 1090/1090/7248 697/697/7249
f 1587/1587/7250 1090/1090/7251 1982/1982/7252
f 1983/1983/7253 1587/1587/7254 1982/1982/7255
f 1981/1981/7256 1587/1587/7257 1983/1983/7258
f 1590/1590/7259 1094/1094/7260 1587/1587/7261
f 1981/1981/7262 130/130/7263 1587/1587/7264
f 1287/1287/7265 130/130/7266 307/307/7267
f 1287/1287/7268 307/307/7269 1979/1979/7270
f 1587/1587/7271 130/130/7272 1287/1287/7273
f 1590/1590/7274 1587/1587/7275 1287/1287/7276
f 1979/1979/7277 1590/1590/7278 1287/1287/7279
f 1590/1590/7280 1979/1979/7281 1980/1980/7282
f 1980/1980/7283 524/524/7284 1590/1590/7285
f 1094/1094/7286 1590/1590/7287 538/538/7288
f 1978/1978/7289 1590/1590/7290 524/524/7291
f 538/538/7292 1590/1590/7293 1978/1978/7294
f 538/538/7295 1977/1977/7296 1094/1094/7297
f 539/539/7298 1094/1094/7299 1977/1977/7300
f 1096/1096/7301 1094/1094/7302 1292/1292/7303
f 1101/1101/7304 1096/1096/7305 1292/1292/7306
f 1096/1096/7307 1101/1101/7308 1599/1599/7309
f 539/539/7310 533/533/7311 1094/1094/7312
f 1094/1094/7313 533/533/7314 554/554/7315
f 554/554/7316 626/626/7317 1094/1094/7318
f 1094/1094/7319 626/626/7320 1292/1292/7321
f 653/653/7322 1101/1101/7323 1292/1292/7324
f 1096/1096/7325 1599/1599/7326 603/603/7327
f 1297/1297/7328 1296/1296/7329 1096/1096/7330
f 1298/1298/7331 1297/1297/7332 1096/1096/7333
f 1297/1297/7334 1298/1298/7335 1976/1976/7336
f 729/729/7337 1296/1296/7338 1297/1297/7339
f 626/626/7340 636/636/7341 1292/1292/7342
f 655/655/7343 1599/1599/7344 1101/1101/7345
f 1298/1298/7346 1096/1096/7347 603/603/7348
f 1599/1599/7349 655/655/7350 603/603/7351
f 1102/1102/7352 1296/1296/7353 1103/1103/7354
f 1114/1114/7355 1102/1102/7356 1108/1108/7357
f 1605/1605/7358 1102/1102/7359 1103/1103/7360
f 1605/1605/7361 1108/1108/7362 1102/1102/7363
f 653/653/7364 1292/1292/7365 636/636/7366
f 654/654/7367 1101/1101/7368 653/653/7369
f 655/655/7370 1101/1101/7371 654/654/7372
f 1297/1297/7373 1976/1976/7374 729/729/7375
f 1299/1299/7376 1296/1296/7377 729/729/7378
f 918/918/7379 729/729/7380 890/890/7381
f 1299/1299/7382 918/918/7383 885/885/7384
f 1299/1299/7385 885/885/7386 1103/1103/7387
f 918/918/7388 1299/1299/7389 729/729/7390
f 1299/1299/7391 1103/1103/7392 1296/1296/7393
f 885/885/7394 190/190/7395 1103/1103/7396
f 190/190/7397 191/191/7398 1103/1103/7399
f 1103/1103/7400 191/191/7401 1605/1605/7402
f 191/191/7403 661/661/7404 1605/1605/7405
f 1106/1106/7406 661/661/7407 860/860/7408
f 1605/1605/7409 661/661/7410 1106/1106/7411
f 1106/1106/7412 860/860/7413 1608/1608/7414
f 1608/1608/7415 1605/1605/7416 1106/1106/7417
f 1608/1608/7418 1108/1108/7419 1605/1605/7420
f 1309/2004/7421 1338/2005/7422 2004/2006/7423 2005/2007/7424
f 1338/2008/7425 1346/2009/7426 2006/2010/7427 2004/2011/7428
f 1348/2012/7429 954/2013/7430 2007/2014/7431 2008/2015/7432
f 1346/2016/7433 1348/2017/7434 2008/2018/7435 2006/2019/7436
f 954/2020/7437 963/2021/7438 2009/2022/7439 2007/2023/7440
f 76/2024/7441 228/2025/7442 2011/2026/7443 2010/2027/7444
f 469/2028/7445 957/2029/7446 2013/2030/7447 2012/2031/7448
f 228/2032/7449 469/2033/7450 2012/2034/7451 2011/2035/7452
f 798/2036/7453 823/2037/7454 2014/2038/7455 2015/2039/7456
f 865/2040/7457 76/2041/7458 2010/2042/7459 2016/2043/7460
f 823/2044/7461 865/2045/7462 2016/2046/7463 2014/2047/7464
f 9/2048/7465 798/2049/7466 2015/2050/7467 2017/2051/7468
f 1355/2052/7469 9/2053/7470 2017/2054/7471 2018/2055/7472
f 268/2056/7473 1355/2057/7474 2018/2058/7475 2019/2059/7476
f 386/2060/7477 268/2061/7478 2019/2062/7479 2020/2063/7480
f 1660/2064/7481 386/2065/7482 2020/2066/7483 2021/2067/7484
f 808/2068/7485 1660/2069/7486 2021/2070/7487 2022/2071/7488
f 627/2072/7489 781/2073/7490 2023/2074/7491 2024/2075/7492
f 1141/2076/7493 627/2077/7494 2024/2078/7495 2025/2079/7496
f 1663/2080/7497 1141/2081/7498 2025/2082/7499 2026/2083/7500
f 880/2084/7501 135/2085/7502 2027/2086/7503 2028/2087/7504
f 517/2088/7505 1663/2089/7506 2026/2090/7507 2029/2091/7508
f 193/2092/7509 254/2093/7510 2030/2094/7511 2031/2095/7512
f 1347/2096/7513 193/2097/7514 2031/2098/7515 2032/2099/7516
f 254/2100/7517 413/2101/7518 2033/2102/7519 2030/2103/7520
f 781/2104/7521 75/2105/7522 2034/2106/7523 2023/2107/7524
f 75/2108/7525 1347/2109/7526 2032/2110/7527 2034/2111/7528
f 45/2112/7529 880/2113/7530 2028/2114/7531 2035/2115/7532
f 172/2116/7533 517/2117/7534 2029/2118/7535 2036/2119/7536
f 135/2120/7537 172/2121/7538 2036/2122/7539 2027/2123/7540
f 957/2124/7541 1661/2125/7542 2037/2126/7543 2013/2127/7544
f 313/2128/7545 45/2129/7546 2035/2130/7547 2038/2131/7548
f 1661/2132/7549 959/2133/7550 2039/2134/7551 2037/2135/7552
f 959/2136/7553 1662/2137/7554 2040/2138/7555 2039/2139/7556
f 439/2140/7557 313/2141/7558 2038/2142/7559 2041/2143/7560
f 1662/2144/7561 439/2145/7562 2041/2146/7563 2040/2147/7564
f 748/2148/7565 18/2149/7566 2043/2150/7567 2042/2151/7568
f 18/2152/7569 33/2153/7570 2044/2154/7571 2043/2155/7572
f 33/2156/7573 1664/2157/7574 2045/2158/7575 2044/2159/7576
f 1664/2160/7577 1665/2161/7578 2046/2162/7579 2045/2163/7580
f 274/2164/7581 1666/2165/7582 2047/2166/7583 2048/2167/7584
f 1665/2168/7585 274/2169/7586 2048/2170/7587 2046/2171/7588
f 1666/2172/7589 1667/2173/7590 2049/2174/7591 2047/2175/7592
f 540/2176/7593 710/2177/7594 2050/2178/7595 2051/2179/7596
f 710/2180/7597 748/2181/7598 2042/2182/7599 2050/2183/7600
f 413/2184/7601 540/2185/7602 2051/2186/7603 2033/2187/7604
f 1343/2188/7605 211/2189/7606 2052/2190/7607 2053/2191/7608
f 211/2192/7609 1668/2193/7610 2054/2194/7611 2052/2195/7612
f 1668/2196/7613 1344/2197/7614 2055/2198/7615 2054/2199/7616
f 1667/2200/7617 1343/2201/7618 2053/2202/7619 2049/2203/7620
f 1344/2204/7621 70/2205/7622 2056/2206/7623 2055/2207/7624
f 70/2208/7625 267/2209/7626 2057/2210/7627 2056/2211/7628
f 267/2212/7629 529/2213/7630 2058/2214/7631 2057/2215/7632
f 161/2216/7633 408/2217/7634 2059/2218/7635 2060/2219/7636
f 529/2220/7637 161/2221/7638 2060/2222/7639 2058/2223/7640
f 963/2224/7641 1366/2225/7642 2061/2226/7643 2009/2227/7644
f 1366/2228/7645 1652/2229/7646 2062/2230/7647 2061/2231/7648
f 46/2232/7649 808/2233/7650 2022/2234/7651 2063/2235/7652
f 628/2236/7653 681/2237/7654 2064/2238/7655 2065/2239/7656
f 613/2240/7657 628/2241/7658 2065/2242/7659 2066/2243/7660
f 681/2244/7661 1659/2245/7662 2067/2246/7663 2064/2247/7664
f 1659/2248/7665 24/2249/7666 2068/2250/7667 2067/2251/7668
f 643/2252/7669 613/2253/7670 2066/2254/7671 2069/2255/7672
f 1658/2256/7673 643/2257/7674 2069/2258/7675 2070/2259/7676
f 1156/2260/7677 1375/2261/7678 2072/2262/7679 2071/2263/7680
f 78/2264/7681 1658/2265/7682 2070/2266/7683 2073/2267/7684
f 194/2268/7685 46/2269/7686 2063/2270/7687 2074/2271/7688
f 229/2272/7689 194/2273/7690 2074/2274/7691 2075/2275/7692
f 321/2276/7693 229/2277/7694 2075/2278/7695 2076/2279/7696
f 350/2280/7697 321/2281/7698 2076/2282/7699 2077/2283/7700
f 395/2284/7701 350/2285/7702 2077/2286/7703 2078/2287/7704
f 456/2288/7705 395/2289/7706 2078/2290/7707 2079/2291/7708
f 440/2292/7709 461/2293/7710 2080/2294/7711 2081/2295/7712
f 461/2296/7713 470/2297/7714 2082/2298/7715 2080/2299/7716
f 530/2300/7717 456/2301/7718 2079/2302/7719 2083/2303/7720
f 470/2304/7721 530/2305/7722 2083/2306/7723 2082/2307/7724
f 441/2308/7725 440/2309/7726 2081/2310/7727 2084/2311/7728
f 24/2312/7729 296/2313/7730 2085/2314/7731 2068/2315/7732
f 1375/2316/7733 78/2317/7734 2073/2318/7735 2072/2319/7736
f 197/2320/7737 1156/2321/7738 2071/2322/7739 2086/2323/7740
f 296/2324/7741 441/2325/7742 2084/2326/7743 2085/2327/7744
f 314/2328/7745 608/2329/7746 2087/2330/7747 2088/2331/7748
f 1652/2332/7749 301/2333/7750 2089/2334/7751 2062/2335/7752
f 301/2336/7753 314/2337/7754 2088/2338/7755 2089/2339/7756
f 830/2340/7757 1653/2341/7758 2090/2342/7759 2091/2343/7760
f 1653/2344/7761 1165/2345/7762 2092/2346/7763 2090/2347/7764
f 118/2348/7765 109/2349/7766 2094/2350/7767 2093/2351/7768
f 1165/2352/7769 118/2353/7770 2093/2354/7771 2092/2355/7772
f 608/2356/7773 830/2357/7774 2091/2358/7775 2087/2359/7776
f 1655/2360/7777 405/2361/7778 2095/2362/7779 2096/2363/7780
f 243/2364/7781 1655/2365/7782 2096/2366/7783 2097/2367/7784
f 150/2368/7785 243/2369/7786 2097/2370/7787 2098/2371/7788
f 405/2372/7789 569/2373/7790 2099/2374/7791 2095/2375/7792
f 569/2376/7793 1656/2377/7794 2100/2378/7795 2099/2379/7796
f 1654/2380/7797 106/2381/7798 2101/2382/7799 2102/2383/7800
f 106/2384/7801 138/2385/7802 2103/2386/7803 2101/2387/7804
f 108/2388/7805 96/2389/7806 2104/2390/7807 2105/2391/7808
f 96/2392/7809 1654/2393/7810 2102/2394/7811 2104/2395/7812
f 109/2396/7813 108/2397/7814 2105/2398/7815 2094/2399/7816
f 138/2400/7817 150/2401/7818 2098/2402/7819 2103/2403/7820
f 198/2404/7821 197/2405/7822 2086/2406/7823 2106/2407/7824
f 1656/2408/7825 761/2409/7826 2107/2410/7827 2100/2411/7828
f 761/2412/7829 1657/2413/7830 2108/2414/7831 2107/2415/7832
f 361/2416/7833 198/2417/7834 2106/2418/7835 2109/2419/7836
f 381/2420/7837 361/2421/7838 2109/2422/7839 2110/2423/7840
f 404/2424/7841 381/2425/7842 2110/2426/7843 2111/2427/7844
f 493/2428/7845 404/2429/7846 2111/2430/7847 2112/2431/7848
f 1657/2432/7849 95/2433/7850 2113/2434/7851 2108/2435/7852
f 95/2436/7853 982/2437/7854 2114/2438/7855 2113/2439/7856
f 982/2440/7857 328/2441/7858 2115/2442/7859 2114/2443/7860
f 1167/2444/7861 570/2445/7862 2116/2446/7863 2117/2447/7864
f 328/2448/7865 1167/2449/7866 2117/2450/7867 2115/2451/7868
f 550/2452/7869 493/2453/7870 2112/2454/7871 2118/2455/7872
f 570/2456/7873 550/2457/7874 2118/2458/7875 2116/2459/7876
f 586/2460/7877 587/2461/7878 2120/2462/7879 2119/2463/7880
f 587/2464/7881 583/2465/7882 2121/2466/7883 2120/2467/7884
f 583/2468/7885 595/2469/7886 2122/2470/7887 2121/2471/7888
f 1797/2472/7889 586/2473/7890 2119/2474/7891 2123/2475/7892
f 595/2476/7893 668/2477/7894 2124/2478/7895 2122/2479/7896
f 1799/2480/7897 1800/2481/7898 2126/2482/7899 2125/2483/7900
f 1800/2484/7901 1798/2485/7902 2127/2486/7903 2126/2487/7904
f 1177/2488/7905 732/2489/7906 2129/2490/7907 2128/2491/7908
f 732/2492/7909 1797/2493/7910 2123/2494/7911 2129/2495/7912
f 1798/2496/7913 1177/2497/7914 2128/2498/7915 2127/2499/7916
f 668/2500/7917 905/2501/7918 2130/2502/7919 2124/2503/7920
f 269/2504/7921 505/2505/7922 2132/2506/7923 2131/2507/7924
f 905/2508/7925 269/2509/7926 2131/2510/7927 2130/2511/7928
f 913/2512/7929 1801/2513/7930 2134/2514/7931 2133/2515/7932
f 215/2516/7933 1802/2517/7934 2136/2518/7935 2135/2519/7936
f 463/2520/7937 1803/2521/7938 2138/2522/7939 2137/2523/7940
f 1803/2524/7941 215/2525/7942 2135/2526/7943 2138/2527/7944
f 1802/2528/7945 913/2529/7946 2133/2530/7947 2136/2531/7948
f 1801/2532/7949 1799/2533/7950 2125/2534/7951 2134/2535/7952
f 4/2536/7953 1804/2537/7954 2140/2538/7955 2139/2539/7956
f 1804/2540/7957 463/2541/7958 2137/2542/7959 2140/2543/7960
f 1410/2544/7961 4/2545/7962 2139/2546/7963 2141/2547/7964
f 671/2548/7965 1410/2549/7966 2141/2550/7967 2142/2551/7968
f 1414/2552/7969 1178/2553/7970 2143/2554/7971 2144/2555/7972
f 505/2556/7973 536/2557/7974 2145/2558/7975 2132/2559/7976
f 1796/2560/7977 1414/2561/7978 2144/2562/7979 2146/2563/7980
f 536/2564/7981 1437/2565/7982 2147/2566/7983 2145/2567/7984
f 1180/2568/7985 1796/2569/7986 2146/2570/7987 2148/2571/7988
f 1437/2572/7989 1180/2573/7990 2148/2574/7991 2147/2575/7992
f 1178/2576/7993 1795/2577/7994 2149/2578/7995 2143/2579/7996
f 1795/2580/7997 1794/2581/7998 2150/2582/7999 2149/2583/8000
f 1794/2584/8001 521/2585/8002 2151/2586/8003 2150/2587/8004
f 923/2588/8005 1309/2589/8006 2005/2590/8007 2152/2591/8008
f 516/2592/8009 1625/2593/8010 2153/2594/8011 2154/2595/8012
f 1625/2596/8013 640/2597/8014 2155/2598/8015 2153/2599/8016
f 640/2600/8017 940/2601/8018 2156/2602/8019 2155/2603/8020
f 755/2604/8021 8/2605/8022 2157/2606/8023 2158/2607/8024
f 940/2608/8025 755/2609/8026 2158/2610/8027 2156/2611/8028
f 336/2612/8029 380/2613/8030 2159/2614/8031 2160/2615/8032
f 949/2616/8033 339/2617/8034 2161/2618/8035 2162/2619/8036
f 339/2620/8037 336/2621/8038 2160/2622/8039 2161/2623/8040
f 380/2624/8041 516/2625/8042 2154/2626/8043 2159/2627/8044
f 835/2628/8045 1627/2629/8046 2163/2630/8047 2164/2631/8048
f 226/2632/8049 591/2633/8050 2165/2634/8051 2166/2635/8052
f 591/2636/8053 805/2637/8054 2167/2638/8055 2165/2639/8056
f 8/2640/8057 527/2641/8058 2168/2642/8059 2157/2643/8060
f 527/2644/8061 1626/2645/8062 2169/2646/8063 2168/2647/8064
f 1626/2648/8065 689/2649/8066 2170/2650/8067 2169/2651/8068
f 689/2652/8069 835/2653/8070 2164/2654/8071 2170/2655/8072
f 1627/2656/8073 226/2657/8074 2166/2658/8075 2163/2659/8076
f 1670/2660/8077 948/2661/8078 2172/2662/8079 2171/2663/8080
f 227/2664/8081 1670/2665/8082 2171/2666/8083 2173/2667/8084
f 408/2668/8085 822/2669/8086 2174/2670/8087 2059/2671/8088
f 822/2672/8089 1669/2673/8090 2175/2674/8091 2174/2675/8092
f 1669/2676/8093 227/2677/8094 2173/2678/8095 2175/2679/8096
f 948/2680/8097 90/2681/8098 2176/2682/8099 2172/2683/8100
f 90/2684/8101 1339/2685/8102 2177/2686/8103 2176/2687/8104
f 390/2688/8105 949/2689/8106 2162/2690/8107 2178/2691/8108
f 273/2692/8109 390/2693/8110 2178/2694/8111 2179/2695/8112
f 1339/2696/8113 273/2697/8114 2179/2698/8115 2177/2699/8116
f 789/2700/8117 17/2701/8118 2181/2702/8119 2180/2703/8120
f 335/2704/8121 394/2705/8122 2182/2706/8123 2183/2707/8124
f 394/2708/8125 556/2709/8126 2184/2710/8127 2182/2711/8128
f 36/2712/8129 335/2713/8130 2183/2714/8131 2185/2715/8132
f 556/2716/8133 789/2717/8134 2180/2718/8135 2184/2719/8136
f 1628/2720/8137 210/2721/8138 2187/2722/8139 2186/2723/8140
f 210/2724/8141 358/2725/8142 2188/2726/8143 2187/2727/8144
f 864/2728/8145 1628/2729/8146 2186/2730/8147 2189/2731/8148
f 358/2732/8149 702/2733/8150 2190/2734/8151 2188/2735/8152
f 805/2736/8153 864/2737/8154 2189/2738/8155 2167/2739/8156
f 702/2740/8157 36/2741/8158 2185/2742/8159 2190/2743/8160
f 1629/2744/8161 491/2745/8162 2191/2746/8163 2192/2747/8164
f 17/2748/8165 153/2749/8166 2193/2750/8167 2181/2751/8168
f 153/2752/8169 1629/2753/8170 2192/2754/8171 2193/2755/8172
f 924/2756/8173 923/2757/8174 2152/2758/8175 2194/2759/8176
f 1631/2760/8177 334/2761/8178 2195/2762/8179 2196/2763/8180
f 1630/2764/8181 1631/2765/8182 2196/2766/8183 2197/2767/8184
f 23/2768/8185 1630/2769/8186 2197/2770/8187 2198/2771/8188
f 688/2772/8189 23/2773/8190 2198/2774/8191 2199/2775/8192
f 334/2776/8193 1632/2777/8194 2200/2778/8195 2195/2779/8196
f 925/2780/8197 924/2781/8198 2194/2782/8199 2201/2783/8200
f 1632/2784/8201 656/2785/8202 2202/2786/8203 2200/2787/8204
f 656/2788/8205 1311/2789/8206 2203/2790/8207 2202/2791/8208
f 1311/2792/8209 862/2793/8210 2204/2794/8211 2203/2795/8212
f 491/2796/8213 688/2797/8214 2199/2798/8215 2191/2799/8216
f 862/2800/8217 169/2801/8218 2205/2802/8219 2204/2803/8220
f 1806/2804/8221 1805/2805/8222 2207/2806/8223 2206/2807/8224
f 446/2808/8225 1806/2809/8226 2206/2810/8227 2208/2811/8228
f 1807/2812/8229 446/2813/8230 2208/2814/8231 2209/2815/8232
f 1805/2816/8233 723/2817/8234 2210/2818/8235 2207/2819/8236
f 723/2820/8237 671/2821/8238 2142/2822/8239 2210/2823/8240
f 1808/2824/8241 1807/2825/8242 2209/2826/8243 2211/2827/8244
f 911/2828/8245 1808/2829/8246 2211/2830/8247 2212/2831/8248
f 155/2832/8249 911/2833/8250 2212/2834/8251 2213/2835/8252
f 912/2836/8253 1400/2837/8254 2214/2838/8255 2215/2839/8256
f 235/2840/8257 155/2841/8258 2213/2842/8259 2216/2843/8260
f 1400/2844/8261 235/2845/8262 2216/2846/8263 2214/2847/8264
f 1809/2848/8265 912/2849/8266 2215/2850/8267 2217/2851/8268
f 1810/2852/8269 1809/2853/8270 2217/2854/8271 2218/2855/8272
f 521/2856/8273 1793/2857/8274 2219/2858/8275 2151/2859/8276
f 1793/2860/8277 1184/2861/8278 2220/2862/8279 2219/2863/8280
f 164/2864/8281 1791/2865/8282 2221/2866/8283 2222/2867/8284
f 1184/2868/8285 164/2869/8286 2222/2870/8287 2220/2871/8288
f 1791/2872/8289 1792/2873/8290 2223/2874/8291 2221/2875/8292
f 1792/2876/8293 392/2877/8294 2224/2878/8295 2223/2879/8296
f 392/2880/8297 1790/2881/8298 2225/2882/8299 2224/2883/8300
f 143/2884/8301 1810/2885/8302 2218/2886/8303 2226/2887/8304
f 1790/2888/8305 1190/2889/8306 2227/2890/8307 2225/2891/8308
f 1190/2892/8309 1185/2893/8310 2228/2894/8311 2227/2895/8312
f 302/2896/8313 143/2897/8314 2226/2898/8315 2229/2899/8316
f 1811/2900/8317 302/2901/8318 2229/2902/8319 2230/2903/8320
f 424/2904/8321 1811/2905/8322 2230/2906/8323 2231/2907/8324
f 577/2908/8325 424/2909/8326 2231/2910/8327 2232/2911/8328
f 1185/2912/8329 1003/2913/8330 2233/2914/8331 2228/2915/8332
f 1003/2916/8333 288/2917/8334 2234/2918/8335 2233/2919/8336
f 288/2920/8337 1789/2921/8338 2235/2922/8339 2234/2923/8340
f 998/2924/8341 1812/2925/8342 2237/2926/8343 2236/2927/8344
f 236/2928/8345 827/2929/8346 2239/2930/8347 2238/2931/8348
f 827/2932/8349 998/2933/8350 2236/2934/8351 2239/2935/8352
f 999/2936/8353 236/2937/8354 2238/2938/8355 2240/2939/8356
f 1002/2940/8357 999/2941/8358 2240/2942/8359 2241/2943/8360
f 1439/2944/8361 577/2945/8362 2232/2946/8363 2242/2947/8364
f 1812/2948/8365 696/2949/8366 2243/2950/8367 2237/2951/8368
f 696/2952/8369 1439/2953/8370 2242/2954/8371 2243/2955/8372
f 750/2956/8373 1440/2957/8374 2244/2958/8375 2245/2959/8376
f 1789/2960/8377 750/2961/8378 2245/2962/8379 2235/2963/8380
f 1440/2964/8381 38/2965/8382 2246/2966/8383 2244/2967/8384
f 61/2968/8385 1788/2969/8386 2247/2970/8387 2248/2971/8388
f 38/2972/8389 61/2973/8390 2248/2974/8391 2246/2975/8392
f 1788/2976/8393 79/2977/8394 2249/2978/8395 2247/2979/8396
f 79/2980/8397 84/2981/8398 2250/2982/8399 2249/2983/8400
f 132/2984/8401 1787/2985/8402 2252/2986/8403 2251/2987/8404
f 84/2988/8405 99/2989/8406 2253/2990/8407 2250/2991/8408
f 99/2992/8409 121/2993/8410 2254/2994/8411 2253/2995/8412
f 121/2996/8413 132/2997/8414 2251/2998/8415 2254/2999/8416
f 1787/3000/8417 13/3001/8418 2255/3002/8419 2252/3003/8420
f 13/3004/8421 1786/3005/8422 2256/3006/8423 2255/3007/8424
f 1813/3008/8425 1002/3009/8426 2241/3010/8427 2257/3011/8428
f 1814/3012/8429 1813/3013/8430 2257/3014/8431 2258/3015/8432
f 1815/3016/8433 1814/3017/8434 2258/3018/8435 2259/3019/8436
f 1195/3020/8437 1815/3021/8438 2259/3022/8439 2260/3023/8440
f 1816/3024/8441 1195/3025/8442 2260/3026/8443 2261/3027/8444
f 1817/3028/8445 1816/3029/8446 2261/3030/8447 2262/3031/8448
f 1818/3032/8449 921/3033/8450 2264/3034/8451 2263/3035/8452
f 921/3036/8453 1817/3037/8454 2262/3038/8455 2264/3039/8456
f 1819/3040/8457 1818/3041/8458 2263/3042/8459 2265/3043/8460
f 221/3044/8461 1819/3045/8462 2265/3046/8463 2266/3047/8464
f 1786/3048/8465 1785/3049/8466 2267/3050/8467 2256/3051/8468
f 1820/3052/8469 221/3053/8470 2266/3054/8471 2268/3055/8472
f 1202/3056/8473 303/3057/8474 2269/3058/8475 2270/3059/8476
f 303/3060/8477 1820/3061/8478 2268/3062/8479 2269/3063/8480
f 1821/3064/8481 1202/3065/8482 2270/3066/8483 2271/3067/8484
f 30/3068/8485 792/3069/8486 2272/3070/8487 2273/3071/8488
f 188/3072/8489 30/3073/8490 2273/3074/8491 2274/3075/8492
f 421/3076/8493 1278/3077/8494 2276/3078/8495 2275/3079/8496
f 1278/3080/8497 188/3081/8498 2274/3082/8499 2276/3083/8500
f 249/3084/8501 5/3085/8502 2277/3086/8503 2278/3087/8504
f 5/3088/8505 841/3089/8506 2279/3090/8507 2277/3091/8508
f 1769/3092/8509 496/3093/8510 2281/3094/8511 2280/3095/8512
f 1768/3096/8513 1769/3097/8514 2280/3098/8515 2282/3099/8516
f 122/3100/8517 1768/3101/8518 2282/3102/8519 2283/3103/8520
f 552/3104/8521 498/3105/8522 2285/3106/8523 2284/3107/8524
f 498/3108/8525 488/3109/8526 2286/3110/8527 2285/3111/8528
f 574/3112/8529 552/3113/8530 2284/3114/8531 2287/3115/8532
f 1767/3116/8533 574/3117/8534 2287/3118/8535 2288/3119/8536
f 58/3120/8537 1767/3121/8538 2288/3122/8539 2289/3123/8540
f 488/3124/8541 445/3125/8542 2290/3126/8543 2286/3127/8544
f 445/3128/8545 249/3129/8546 2278/3130/8547 2290/3131/8548
f 496/3132/8549 364/3133/8550 2291/3134/8551 2281/3135/8552
f 364/3136/8553 233/3137/8554 2292/3138/8555 2291/3139/8556
f 233/3140/8557 58/3141/8558 2289/3142/8559 2292/3143/8560
f 63/3144/8561 1774/3145/8562 2294/3146/8563 2293/3147/8564
f 73/3148/8565 63/3149/8566 2293/3150/8567 2295/3151/8568
f 311/3152/8569 73/3153/8570 2295/3154/8571 2296/3155/8572
f 889/3156/8573 741/3157/8574 2298/3158/8575 2297/3159/8576
f 371/3160/8577 311/3161/8578 2296/3162/8579 2299/3163/8580
f 741/3164/8581 371/3165/8582 2299/3166/8583 2298/3167/8584
f 821/3168/8585 1770/3169/8586 2300/3170/8587 2301/3171/8588
f 1770/3172/8589 458/3173/8590 2302/3174/8591 2300/3175/8592
f 1773/3176/8593 820/3177/8594 2304/3178/8595 2303/3179/8596
f 820/3180/8597 513/3181/8598 2305/3182/8599 2304/3183/8600
f 1771/3184/8601 821/3185/8602 2301/3186/8603 2306/3187/8604
f 1772/3188/8605 1771/3189/8606 2306/3190/8607 2307/3191/8608
f 513/3192/8609 1772/3193/8610 2307/3194/8611 2305/3195/8612
f 259/3196/8613 122/3197/8614 2283/3198/8615 2308/3199/8616
f 458/3200/8617 259/3201/8618 2308/3202/8619 2302/3203/8620
f 487/3204/8621 202/3205/8622 2310/3206/8623 2309/3207/8624
f 202/3208/8625 1773/3209/8626 2303/3210/8627 2310/3211/8628
f 1255/3212/8629 796/3213/8630 2311/3214/8631 2312/3215/8632
f 796/3216/8633 487/3217/8634 2309/3218/8635 2311/3219/8636
f 1774/3220/8637 1255/3221/8638 2312/3222/8639 2294/3223/8640
f 146/3224/8641 277/3225/8642 2313/3226/8643 2314/3227/8644
f 277/3228/8645 651/3229/8646 2315/3230/8647 2313/3231/8648
f 651/3232/8649 859/3233/8650 2316/3234/8651 2315/3235/8652
f 792/3236/8653 875/3237/8654 2317/3238/8655 2272/3239/8656
f 875/3240/8657 292/3241/8658 2318/3242/8659 2317/3243/8660
f 292/3244/8661 356/3245/8662 2319/3246/8663 2318/3247/8664
f 410/3248/8665 421/3249/8666 2275/3250/8667 2320/3251/8668
f 356/3252/8669 410/3253/8670 2320/3254/8671 2319/3255/8672
f 452/3256/8673 1085/3257/8674 2321/3258/8675 2322/3259/8676
f 468/3260/8677 357/3261/8678 2324/3262/8679 2323/3263/8680
f 357/3264/8681 181/3265/8682 2325/3266/8683 2324/3267/8684
f 411/3268/8685 347/3269/8686 2326/3270/8687 2327/3271/8688
f 347/3272/8689 251/3273/8690 2328/3274/8691 2326/3275/8692
f 251/3276/8693 1598/3277/8694 2329/3278/8695 2328/3279/8696
f 743/3280/8697 411/3281/8698 2327/3282/8699 2330/3283/8700
f 1288/3284/8701 1766/3285/8702 2332/3286/8703 2331/3287/8704
f 181/3288/8705 152/3289/8706 2333/3290/8707 2325/3291/8708
f 152/3292/8709 1288/3293/8710 2331/3294/8711 2333/3295/8712
f 917/3296/8713 743/3297/8714 2330/3298/8715 2334/3299/8716
f 1766/3300/8717 917/3301/8718 2334/3302/8719 2332/3303/8720
f 841/3304/8721 617/3305/8722 2335/3306/8723 2279/3307/8724
f 617/3308/8725 452/3309/8726 2322/3310/8727 2335/3311/8728
f 1085/3312/8729 468/3313/8730 2323/3314/8731 2321/3315/8732
f 1598/3316/8733 1606/3317/8734 2336/3318/8735 2329/3319/8736
f 1606/3320/8737 1613/3321/8738 2337/3322/8739 2336/3323/8740
f 1613/3324/8741 1616/3325/8742 2338/3326/8743 2337/3327/8744
f 332/3328/8745 400/3329/8746 2340/3330/8747 2339/3331/8748
f 266/3332/8749 332/3333/8750 2339/3334/8751 2341/3335/8752
f 319/3336/8753 260/3337/8754 2342/3338/8755 2343/3339/8756
f 260/3340/8757 266/3341/8758 2341/3342/8759 2342/3343/8760
f 379/3344/8761 319/3345/8762 2343/3346/8763 2344/3347/8764
f 393/3348/8765 379/3349/8766 2344/3350/8767 2345/3351/8768
f 434/3352/8769 1609/3353/8770 2347/3354/8771 2346/3355/8772
f 1305/3356/8773 434/3357/8774 2346/3358/8775 2348/3359/8776
f 1616/3360/8777 1111/3361/8778 2349/3362/8779 2338/3363/8780
f 479/3364/8781 1305/3365/8782 2348/3366/8783 2350/3367/8784
f 652/3368/8785 16/3369/8786 2352/3370/8787 2351/3371/8788
f 16/3372/8789 203/3373/8790 2353/3374/8791 2352/3375/8792
f 698/3376/8793 1858/3377/8794 2355/3378/8795 2354/3379/8796
f 1858/3380/8797 217/3381/8798 2356/3382/8799 2355/3383/8800
f 602/3384/8801 632/3385/8802 2357/3386/8803 2358/3387/8804
f 514/3388/8805 602/3389/8806 2358/3390/8807 2359/3391/8808
f 400/3392/8809 515/3393/8810 2360/3394/8811 2340/3395/8812
f 515/3396/8813 514/3397/8814 2359/3398/8815 2360/3399/8816
f 632/3400/8817 698/3401/8818 2354/3402/8819 2357/3403/8820
f 217/3404/8821 432/3405/8822 2361/3406/8823 2356/3407/8824
f 432/3408/8825 652/3409/8826 2351/3410/8827 2361/3411/8828
f 759/3412/8829 833/3413/8830 2362/3414/8831 2363/3415/8832
f 618/3416/8833 1857/3417/8834 2364/3418/8835 2365/3419/8836
f 422/3420/8837 618/3421/8838 2365/3422/8839 2366/3423/8840
f 1857/3424/8841 753/3425/8842 2367/3426/8843 2364/3427/8844
f 753/3428/8845 759/3429/8846 2363/3430/8847 2367/3431/8848
f 1856/3432/8849 59/3433/8850 2368/3434/8851 2369/3435/8852
f 59/3436/8853 146/3437/8854 2314/3438/8855 2368/3439/8856
f 833/3440/8857 916/3441/8858 2370/3442/8859 2362/3443/8860
f 916/3444/8861 1856/3445/8862 2369/3446/8863 2370/3447/8864
f 203/3448/8865 422/3449/8866 2366/3450/8867 2353/3451/8868
f 585/3452/8869 393/3453/8870 2345/3454/8871 2371/3455/8872
f 694/3456/8873 585/3457/8874 2371/3458/8875 2372/3459/8876
f 662/3460/8877 694/3461/8878 2372/3462/8879 2373/3463/8880
f 1609/3464/8881 639/3465/8882 2374/3466/8883 2347/3467/8884
f 639/3468/8885 662/3469/8886 2373/3470/8887 2374/3471/8888
f 1619/3472/8889 479/3473/8890 2350/3474/8891 2375/3475/8892
f 1860/3476/8893 1859/3477/8894 2377/3478/8895 2376/3479/8896
f 1859/3480/8897 1619/3481/8898 2375/3482/8899 2377/3483/8900
f 182/3484/8901 1860/3485/8902 2376/3486/8903 2378/3487/8904
f 261/3488/8905 182/3489/8906 2378/3490/8907 2379/3491/8908
f 373/3492/8909 261/3493/8910 2379/3494/8911 2380/3495/8912
f 676/3496/8913 373/3497/8914 2380/3498/8915 2381/3499/8916
f 1620/3500/8917 676/3501/8918 2381/3502/8919 2382/3503/8920
f 1862/3504/8921 293/3505/8922 2384/3506/8923 2383/3507/8924
f 293/3508/8925 294/3509/8926 2385/3510/8927 2384/3511/8928
f 294/3512/8929 320/3513/8930 2386/3514/8931 2385/3515/8932
f 320/3516/8933 401/3517/8934 2387/3518/8935 2386/3519/8936
f 1861/3520/8937 43/3521/8938 2389/3522/8939 2388/3523/8940
f 308/3524/8941 1861/3525/8942 2388/3526/8943 2390/3527/8944
f 43/3528/8945 1620/3529/8946 2382/3530/8947 2389/3531/8948
f 1111/3532/8949 1112/3533/8950 2391/3534/8951 2349/3535/8952
f 502/3536/8953 308/3537/8954 2390/3538/8955 2392/3539/8956
f 1611/3540/8957 774/3541/8958 2393/3542/8959 2394/3543/8960
f 774/3544/8961 612/3545/8962 2395/3546/8963 2393/3547/8964
f 142/3548/8965 1611/3549/8966 2394/3550/8967 2396/3551/8968
f 385/3552/8969 142/3553/8970 2396/3554/8971 2397/3555/8972
f 611/3556/8973 637/3557/8974 2398/3558/8975 2399/3559/8976
f 817/3560/8977 611/3561/8978 2399/3562/8979 2400/3563/8980
f 842/3564/8981 817/3565/8982 2400/3566/8983 2401/3567/8984
f 1937/3568/8985 842/3569/8986 2401/3570/8987 2402/3571/8988
f 637/3572/8989 1938/3573/8990 2403/3574/8991 2398/3575/8992
f 1938/3576/8993 638/3577/8994 2404/3578/8995 2403/3579/8996
f 851/3580/8997 1937/3581/8998 2402/3582/8999 2405/3583/9000
f 779/3584/9001 853/3585/9002 2406/3586/9003 2407/3587/9004
f 638/3588/9005 779/3589/9006 2407/3590/9007 2404/3591/9008
f 853/3592/9009 877/3593/9010 2408/3594/9011 2406/3595/9012
f 406/3596/9013 1862/3597/9014 2383/3598/9015 2409/3599/9016
f 612/3600/9017 1610/3601/9018 2410/3602/9019 2395/3603/9020
f 1610/3604/9021 406/3605/9022 2409/3606/9023 2410/3607/9024
f 401/3608/9025 526/3609/9026 2411/3610/9027 2387/3611/9028
f 687/3612/9029 502/3613/9030 2392/3614/9031 2412/3615/9032
f 1112/3616/9033 1623/3617/9034 2413/3618/9035 2391/3619/9036
f 526/3620/9037 687/3621/9038 2412/3622/9039 2411/3623/9040
f 1623/3624/9041 1624/3625/9042 2414/3626/9043 2413/3627/9044
f 412/3628/9045 385/3629/9046 2397/3630/9047 2415/3631/9048
f 1863/3632/9049 412/3633/9050 2415/3634/9051 2416/3635/9052
f 1864/3636/9053 1863/3637/9054 2416/3638/9055 2417/3639/9056
f 1865/3640/9057 1864/3641/9058 2417/3642/9059 2418/3643/9060
f 854/3644/9061 1867/3645/9062 2420/3646/9063 2419/3647/9064
f 1866/3648/9065 1865/3649/9066 2418/3650/9067 2421/3651/9068
f 1306/3652/9069 1866/3653/9070 2421/3654/9071 2422/3655/9072
f 1867/3656/9073 828/3657/9074 2423/3658/9075 2420/3659/9076
f 828/3660/9077 1306/3661/9078 2422/3662/9079 2423/3663/9080
f 1781/3664/9081 1780/3665/9082 2425/3666/9083 2424/3667/9084
f 1780/3668/9085 883/3669/9086 2426/3670/9087 2425/3671/9088
f 883/3672/9089 810/3673/9090 2427/3674/9091 2426/3675/9092
f 1776/3676/9093 622/3677/9094 2429/3678/9095 2428/3679/9096
f 1777/3680/9097 1776/3681/9098 2428/3682/9099 2430/3683/9100
f 1775/3684/9101 889/3685/9102 2297/3686/9103 2431/3687/9104
f 476/3688/9105 247/3689/9106 2433/3690/9107 2432/3691/9108
f 1513/3692/9109 476/3693/9110 2432/3694/9111 2434/3695/9112
f 622/3696/9113 1513/3697/9114 2434/3698/9115 2429/3699/9116
f 1486/3700/9117 1777/3701/9118 2430/3702/9119 2435/3703/9120
f 1779/3704/9121 1778/3705/9122 2437/3706/9123 2436/3707/9124
f 1778/3708/9125 1486/3709/9126 2435/3710/9127 2437/3711/9128
f 720/3712/9129 1779/3713/9130 2436/3714/9131 2438/3715/9132
f 810/3716/9133 720/3717/9134 2438/3718/9135 2427/3719/9136
f 1784/3720/9137 416/3721/9138 2439/3722/9139 2440/3723/9140
f 1783/3724/9141 352/3725/9142 2442/3726/9143 2441/3727/9144
f 416/3728/9145 1783/3729/9146 2441/3730/9147 2439/3731/9148
f 1785/3732/9149 1460/3733/9150 2443/3734/9151 2267/3735/9152
f 1460/3736/9153 1784/3737/9154 2440/3738/9155 2443/3739/9156
f 270/3740/9157 1782/3741/9158 2445/3742/9159 2444/3743/9160
f 1782/3744/9161 145/3745/9162 2446/3746/9163 2445/3747/9164
f 352/3748/9165 270/3749/9166 2444/3750/9167 2442/3751/9168
f 145/3752/9169 1781/3753/9170 2424/3754/9171 2446/3755/9172
f 1461/3756/9173 1821/3757/9174 2271/3758/9175 2447/3759/9176
f 1458/3760/9177 1461/3761/9178 2447/3762/9179 2448/3763/9180
f 1823/3764/9181 1458/3765/9182 2448/3766/9183 2449/3767/9184
f 1465/3768/9185 1829/3769/9186 2450/3770/9187 2451/3771/9188
f 483/3772/9189 1828/3773/9190 2452/3774/9191 2453/3775/9192
f 1829/3776/9193 483/3777/9194 2453/3778/9195 2450/3779/9196
f 1828/3780/9197 1030/3781/9198 2454/3782/9199 2452/3783/9200
f 900/3784/9201 1827/3785/9202 2455/3786/9203 2456/3787/9204
f 1827/3788/9205 1826/3789/9206 2457/3790/9207 2455/3791/9208
f 1030/3792/9209 900/3793/9210 2456/3794/9211 2454/3795/9212
f 1035/3796/9213 1465/3797/9214 2451/3798/9215 2458/3799/9216
f 232/3800/9217 1035/3801/9218 2458/3802/9219 2459/3803/9220
f 1830/3804/9221 232/3805/9222 2459/3806/9223 2460/3807/9224
f 330/3808/9225 1830/3809/9226 2460/3810/9227 2461/3811/9228
f 382/3812/9229 330/3813/9230 2461/3814/9231 2462/3815/9232
f 1831/3816/9233 382/3817/9234 2462/3818/9235 2463/3819/9236
f 398/3820/9237 1831/3821/9238 2463/3822/9239 2464/3823/9240
f 572/3824/9241 398/3825/9242 2464/3826/9243 2465/3827/9244
f 1832/3828/9245 572/3829/9246 2465/3830/9247 2466/3831/9248
f 685/3832/9249 1832/3833/9250 2466/3834/9251 2467/3835/9252
f 746/3836/9253 685/3837/9254 2467/3838/9255 2468/3839/9256
f 757/3840/9257 746/3841/9258 2468/3842/9259 2469/3843/9260
f 784/3844/9261 757/3845/9262 2469/3846/9263 2470/3847/9264
f 794/3848/9265 784/3849/9266 2470/3850/9267 2471/3851/9268
f 814/3852/9269 794/3853/9270 2471/3854/9271 2472/3855/9272
f 832/3856/9273 814/3857/9274 2472/3858/9275 2473/3859/9276
f 1833/3860/9277 832/3861/9278 2473/3862/9279 2474/3863/9280
f 247/3864/9281 1775/3865/9282 2431/3866/9283 2433/3867/9284
f 81/3868/9285 1854/3869/9286 2475/3870/9287 2476/3871/9288
f 1854/3872/9289 1853/3873/9290 2477/3874/9291 2475/3875/9292
f 1853/3876/9293 546/3877/9294 2478/3878/9295 2477/3879/9296
f 546/3880/9297 1852/3881/9298 2479/3882/9299 2478/3883/9300
f 1852/3884/9301 752/3885/9302 2480/3886/9303 2479/3887/9304
f 922/3888/9305 35/3889/9306 2481/3890/9307 2482/3891/9308
f 1855/3892/9309 922/3893/9310 2482/3894/9311 2483/3895/9312
f 35/3896/9313 42/3897/9314 2484/3898/9315 2481/3899/9316
f 42/3900/9317 57/3901/9318 2485/3902/9319 2484/3903/9320
f 894/3904/9321 1855/3905/9322 2483/3906/9323 2486/3907/9324
f 884/3908/9325 894/3909/9326 2486/3910/9327 2487/3911/9328
f 859/3912/9329 884/3913/9330 2487/3914/9331 2316/3915/9332
f 57/3916/9333 81/3917/9334 2476/3918/9335 2485/3919/9336
f 56/3920/9337 1552/3921/9338 2488/3922/9339 2489/3923/9340
f 752/3924/9341 1851/3925/9342 2490/3926/9343 2480/3927/9344
f 1851/3928/9345 56/3929/9346 2489/3930/9347 2490/3931/9348
f 383/3932/9349 1850/3933/9350 2491/3934/9351 2492/3935/9352
f 1552/3936/9353 383/3937/9354 2492/3938/9355 2488/3939/9356
f 1850/3940/9357 747/3941/9358 2493/3942/9359 2491/3943/9360
f 747/3944/9361 1848/3945/9362 2494/3946/9363 2493/3947/9364
f 1550/3948/9365 1256/3949/9366 2496/3950/9367 2495/3951/9368
f 317/3952/9369 1550/3953/9370 2495/3954/9371 2497/3955/9372
f 1846/3956/9373 317/3957/9374 2497/3958/9375 2498/3959/9376
f 1845/3960/9377 1844/3961/9378 2499/3962/9379 2500/3963/9380
f 1256/3964/9381 1845/3965/9382 2500/3966/9383 2496/3967/9384
f 1844/3968/9385 1541/3969/9386 2501/3970/9387 2499/3971/9388
f 1062/3972/9389 1840/3973/9390 2502/3974/9391 2503/3975/9392
f 1841/3976/9393 1062/3977/9394 2503/3978/9395 2504/3979/9396
f 1541/3980/9397 41/3981/9398 2505/3982/9399 2501/3983/9400
f 276/3984/9401 1843/3985/9402 2506/3986/9403 2507/3987/9404
f 1843/3988/9405 1842/3989/9406 2508/3990/9407 2506/3991/9408
f 41/3992/9409 276/3993/9410 2507/3994/9411 2505/3995/9412
f 1842/3996/9413 1841/3997/9414 2504/3998/9415 2508/3999/9416
f 1556/4000/9417 1846/4001/9418 2498/4002/9419 2509/4003/9420
f 573/4004/9421 1556/4005/9422 2509/4006/9423 2510/4007/9424
f 1848/4008/9425 1849/4009/9426 2511/4010/9427 2494/4011/9428
f 1849/4012/9429 113/4013/9430 2512/4014/9431 2511/4015/9432
f 113/4016/9433 129/4017/9434 2513/4018/9435 2512/4019/9436
f 129/4020/9437 459/4021/9438 2514/4022/9439 2513/4023/9440
f 459/4024/9441 599/4025/9442 2515/4026/9443 2514/4027/9444
f 1847/4028/9445 573/4029/9446 2510/4030/9447 2516/4031/9448
f 599/4032/9449 1847/4033/9450 2516/4034/9451 2515/4035/9452
f 1822/4036/9453 1823/4037/9454 2449/4038/9455 2517/4039/9456
f 1825/4040/9457 1824/4041/9458 2518/4042/9459 2519/4043/9460
f 1824/4044/9461 1822/4045/9462 2517/4046/9463 2518/4047/9464
f 1826/4048/9465 1825/4049/9466 2519/4050/9467 2457/4051/9468
f 621/4052/9469 1834/4053/9470 2520/4054/9471 2521/4055/9472
f 871/4056/9473 621/4057/9474 2521/4058/9475 2522/4059/9476
f 872/4060/9477 598/4061/9478 2524/4062/9479 2523/4063/9480
f 1241/4064/9481 872/4065/9482 2523/4066/9483 2525/4067/9484
f 353/4068/9485 1833/4069/9486 2474/4070/9487 2526/4071/9488
f 598/4072/9489 353/4073/9490 2526/4074/9491 2524/4075/9492
f 444/4076/9493 331/4077/9494 2528/4078/9495 2527/4079/9496
f 331/4080/9497 1241/4081/9498 2525/4082/9499 2528/4083/9500
f 1834/4084/9501 444/4085/9502 2527/4086/9503 2520/4087/9504
f 1504/4088/9505 1837/4089/9506 2529/4090/9507 2530/4091/9508
f 740/4092/9509 1048/4093/9510 2531/4094/9511 2532/4095/9512
f 1837/4096/9513 740/4097/9514 2532/4098/9515 2529/4099/9516
f 158/4100/9517 887/4101/9518 2534/4102/9519 2533/4103/9520
f 887/4104/9521 871/4105/9522 2522/4106/9523 2534/4107/9524
f 1835/4108/9525 158/4109/9526 2533/4110/9527 2535/4111/9528
f 315/4112/9529 1835/4113/9530 2535/4114/9531 2536/4115/9532
f 305/4116/9533 315/4117/9534 2536/4118/9535 2537/4119/9536
f 1836/4120/9537 305/4121/9538 2537/4122/9539 2538/4123/9540
f 1048/4124/9541 1836/4125/9542 2538/4126/9543 2531/4127/9544
f 1880/4128/9545 680/4129/9546 2540/4130/9547 2539/4131/9548
f 1881/4132/9549 1880/4133/9550 2539/4134/9551 2541/4135/9552
f 680/4136/9553 1879/4137/9554 2542/4138/9555 2540/4139/9556
f 1878/4140/9557 1516/4141/9558 2543/4142/9559 2544/4143/9560
f 1879/4144/9561 733/4145/9562 2545/4146/9563 2542/4147/9564
f 733/4148/9565 791/4149/9566 2546/4150/9567 2545/4151/9568
f 791/4152/9569 1878/4153/9570 2544/4154/9571 2546/4155/9572
f 1839/4156/9573 1838/4157/9574 2548/4158/9575 2547/4159/9576
f 166/4160/9577 1839/4161/9578 2547/4162/9579 2549/4163/9580
f 1542/4164/9581 166/4165/9582 2549/4166/9583 2550/4167/9584
f 1840/4168/9585 1542/4169/9586 2550/4170/9587 2502/4171/9588
f 1838/4172/9589 50/4173/9590 2551/4174/9591 2548/4175/9592
f 50/4176/9593 1504/4177/9594 2530/4178/9595 2551/4179/9596
f 88/4180/9597 840/4181/9598 2552/4182/9599 2553/4183/9600
f 1516/4184/9601 1526/4185/9602 2554/4186/9603 2543/4187/9604
f 1533/4188/9605 721/4189/9606 2556/4190/9607 2555/4191/9608
f 1526/4192/9609 1533/4193/9610 2555/4194/9611 2554/4195/9612
f 802/4196/9613 1545/4197/9614 2558/4198/9615 2557/4199/9616
f 721/4200/9617 802/4201/9618 2557/4202/9619 2556/4203/9620
f 1545/4204/9621 1877/4205/9622 2559/4206/9623 2558/4207/9624
f 1877/4208/9625 1551/4209/9626 2560/4210/9627 2559/4211/9628
f 1551/4212/9629 1071/4213/9630 2561/4214/9631 2560/4215/9632
f 1071/4216/9633 786/4217/9634 2562/4218/9635 2561/4219/9636
f 786/4220/9637 787/4221/9638 2563/4222/9639 2562/4223/9640
f 787/4224/9641 1876/4225/9642 2564/4226/9643 2563/4227/9644
f 1876/4228/9645 915/4229/9646 2565/4230/9647 2564/4231/9648
f 1875/4232/9649 467/4233/9650 2567/4234/9651 2566/4235/9652
f 815/4236/9653 1875/4237/9654 2566/4238/9655 2568/4239/9656
f 65/4240/9657 815/4241/9658 2568/4242/9659 2569/4243/9660
f 306/4244/9661 88/4245/9662 2553/4246/9663 2570/4247/9664
f 467/4248/9665 306/4249/9666 2570/4250/9667 2567/4251/9668
f 355/4252/9669 240/4253/9670 2572/4254/9671 2571/4255/9672
f 545/4256/9673 355/4257/9674 2571/4258/9675 2573/4259/9676
f 240/4260/9677 241/4261/9678 2574/4262/9679 2572/4263/9680
f 788/4264/9681 545/4265/9682 2573/4266/9683 2575/4267/9684
f 915/4268/9685 788/4269/9686 2575/4270/9687 2565/4271/9688
f 241/4272/9689 65/4273/9690 2569/4274/9691 2574/4275/9692
f 102/4276/9693 52/4277/9694 2577/4278/9695 2576/4279/9696
f 384/4280/9697 102/4281/9698 2576/4282/9699 2578/4283/9700
f 876/4284/9701 773/4285/9702 2580/4286/9703 2579/4287/9704
f 773/4288/9705 660/4289/9706 2581/4290/9707 2580/4291/9708
f 1593/4292/9709 876/4293/9710 2579/4294/9711 2582/4295/9712
f 660/4296/9713 384/4297/9714 2578/4298/9715 2581/4299/9716
f 312/4300/9717 372/4301/9718 2584/4302/9719 2583/4303/9720
f 499/4304/9721 312/4305/9722 2583/4306/9723 2585/4307/9724
f 1912/4308/9725 897/4309/9726 2587/4310/9727 2586/4311/9728
f 1911/4312/9729 1912/4313/9730 2586/4314/9731 2588/4315/9732
f 250/4316/9733 431/4317/9734 2589/4318/9735 2590/4319/9736
f 372/4320/9737 1573/4321/9738 2591/4322/9739 2584/4323/9740
f 430/4324/9741 1911/4325/9742 2588/4326/9743 2592/4327/9744
f 553/4328/9745 430/4329/9746 2592/4330/9747 2593/4331/9748
f 431/4332/9749 717/4333/9750 2594/4334/9751 2589/4335/9752
f 1573/4336/9753 1083/4337/9754 2595/4338/9755 2591/4339/9756
f 525/4340/9757 1593/4341/9758 2582/4342/9759 2596/4343/9760
f 635/4344/9761 525/4345/9762 2596/4346/9763 2597/4347/9764
f 22/4348/9765 635/4349/9766 2597/4350/9767 2598/4351/9768
f 168/4352/9769 22/4353/9770 2598/4354/9771 2599/4355/9772
f 897/4356/9773 250/4357/9774 2590/4358/9775 2587/4359/9776
f 728/4360/9777 478/4361/9778 2601/4362/9779 2600/4363/9780
f 478/4364/9781 168/4365/9782 2599/4366/9783 2601/4367/9784
f 500/4368/9785 348/4369/9786 2603/4370/9787 2602/4371/9788
f 348/4372/9789 333/4373/9790 2604/4374/9791 2603/4375/9792
f 333/4376/9793 565/4377/9794 2605/4378/9795 2604/4379/9796
f 433/4380/9797 252/4381/9798 2607/4382/9799 2606/4383/9800
f 1869/4384/9801 1603/4385/9802 2608/4386/9803 2609/4387/9804
f 252/4388/9805 1869/4389/9806 2609/4390/9807 2607/4391/9808
f 834/4392/9809 778/4393/9810 2610/4394/9811 2611/4395/9812
f 52/4396/9813 834/4397/9814 2611/4398/9815 2577/4399/9816
f 604/4400/9817 500/4401/9818 2602/4402/9819 2612/4403/9820
f 565/4404/9821 433/4405/9822 2606/4406/9823 2605/4407/9824
f 778/4408/9825 604/4409/9826 2612/4410/9827 2610/4411/9828
f 852/4412/9829 851/4413/9830 2405/4414/9831 2613/4415/9832
f 877/4416/9833 852/4417/9834 2613/4418/9835 2408/4419/9836
f 31/4420/9837 903/4421/9838 2615/4422/9839 2614/4423/9840
f 1868/4424/9841 31/4425/9842 2614/4426/9843 2616/4427/9844
f 903/4428/9845 861/4429/9846 2617/4430/9847 2615/4431/9848
f 861/4432/9849 854/4433/9850 2419/4434/9851 2617/4435/9852
f 501/4436/9853 490/4437/9854 2619/4438/9855 2618/4439/9856
f 1603/4440/9857 501/4441/9858 2618/4442/9859 2608/4443/9860
f 490/4444/9861 1868/4445/9862 2616/4446/9863 2619/4447/9864
f 1624/4448/9865 1113/4449/9866 2620/4450/9867 2414/4451/9868
f 772/4452/9869 499/4453/9870 2585/4454/9871 2621/4455/9872
f 1967/4456/9873 772/4457/9874 2621/4458/9875 2622/4459/9876
f 51/4460/9877 1967/4461/9878 2622/4462/9879 2623/4463/9880
f 160/4464/9881 147/4465/9882 2624/4466/9883 2625/4467/9884
f 147/4468/9885 51/4469/9886 2623/4470/9887 2624/4471/9888
f 148/4472/9889 160/4473/9890 2625/4474/9891 2626/4475/9892
f 1083/4476/9893 101/4477/9894 2627/4478/9895 2595/4479/9896
f 115/4480/9897 148/4481/9898 2626/4482/9899 2628/4483/9900
f 224/4484/9901 189/4485/9902 2630/4486/9903 2629/4487/9904
f 101/4488/9905 115/4489/9906 2628/4490/9907 2627/4491/9908
f 189/4492/9909 547/4493/9910 2631/4494/9911 2630/4495/9912
f 547/4496/9913 564/4497/9914 2632/4498/9915 2631/4499/9916
f 338/4500/9917 224/4501/9918 2629/4502/9919 2633/4503/9920
f 624/4504/9921 477/4505/9922 2634/4506/9923 2635/4507/9924
f 477/4508/9925 742/4509/9926 2636/4510/9927 2634/4511/9928
f 44/4512/9929 624/4513/9930 2635/4514/9931 2637/4515/9932
f 742/4516/9933 1871/4517/9934 2638/4518/9935 2636/4519/9936
f 1872/4520/9937 631/4521/9938 2640/4522/9939 2639/4523/9940
f 1871/4524/9941 1872/4525/9942 2639/4526/9943 2638/4527/9944
f 1870/4528/9945 429/4529/9946 2642/4530/9947 2641/4531/9948
f 631/4532/9949 338/4533/9950 2633/4534/9951 2640/4535/9952
f 564/4536/9953 625/4537/9954 2643/4538/9955 2632/4539/9956
f 625/4540/9957 1870/4541/9958 2641/4542/9959 2643/4543/9960
f 6/4544/9961 553/4545/9962 2593/4546/9963 2644/4547/9964
f 797/4548/9965 909/4549/9966 2645/4550/9967 2646/4551/9968
f 89/4552/9969 6/4553/9970 2644/4554/9971 2647/4555/9972
f 67/4556/9973 728/4557/9974 2600/4558/9975 2648/4559/9976
f 909/4560/9977 66/4561/9978 2649/4562/9979 2645/4563/9980
f 717/4564/9981 797/4565/9982 2646/4566/9983 2594/4567/9984
f 66/4568/9985 89/4569/9986 2647/4570/9987 2649/4571/9988
f 429/4572/9989 67/4573/9990 2648/4574/9991 2642/4575/9992
f 840/4576/9993 399/4577/9994 2650/4578/9995 2552/4579/9996
f 1873/4580/9997 114/4581/9998 2652/4582/9999 2651/4583/10000
f 114/4584/10001 44/4585/10002 2637/4586/10003 2652/4587/10004
f 1874/4588/10005 1873/4589/10006 2651/4590/10007 2653/4591/10008
f 399/4592/10009 1874/4593/10010 2653/4594/10011 2650/4595/10012
f 1113/4596/10013 1114/4597/10014 2654/4598/10015 2620/4599/10016
f 169/4600/10017 281/4601/10018 2655/4602/10019 2205/4603/10020
f 281/4604/10021 555/4605/10022 2656/4606/10023 2655/4607/10024
f 555/4608/10025 700/4609/10026 2657/4610/10027 2656/4611/10028
f 700/4612/10029 804/4613/10030 2658/4614/10031 2657/4615/10032
f 878/4616/10033 793/4617/10034 2660/4618/10035 2659/4619/10036
f 804/4620/10037 878/4621/10038 2659/4622/10039 2658/4623/10040
f 1634/4624/10041 1635/4625/10042 2662/4626/10043 2661/4627/10044
f 1633/4628/10045 1634/4629/10046 2661/4630/10047 2663/4631/10048
f 793/4632/10049 1633/4633/10050 2663/4634/10051 2660/4635/10052
f 1636/4636/10053 548/4637/10054 2665/4638/10055 2664/4639/10056
f 548/4640/10057 670/4641/10058 2666/4642/10059 2665/4643/10060
f 1635/4644/10061 566/4645/10062 2667/4646/10063 2662/4647/10064
f 566/4648/10065 1636/4649/10066 2664/4650/10067 2667/4651/10068
f 670/4652/10069 807/4653/10070 2668/4654/10071 2666/4655/10072
f 807/4656/10073 218/4657/10074 2669/4658/10075 2668/4659/10076
f 218/4660/10077 528/4661/10078 2670/4662/10079 2669/4663/10080
f 528/4664/10081 32/4665/10082 2671/4666/10083 2670/4667/10084
f 32/4668/10085 170/4669/10086 2672/4670/10087 2671/4671/10088
f 295/4672/10089 898/4673/10090 2673/4674/10091 2674/4675/10092
f 170/4676/10093 295/4677/10094 2674/4678/10095 2672/4679/10096
f 898/4680/10097 69/4681/10098 2675/4682/10099 2673/4683/10100
f 69/4684/10101 951/4685/10102 2676/4686/10103 2675/4687/10104
f 455/4688/10105 171/4689/10106 2677/4690/10107 2678/4691/10108
f 951/4692/10109 455/4693/10110 2678/4694/10111 2676/4695/10112
f 811/4696/10113 103/4697/10114 2680/4698/10115 2679/4699/10116
f 103/4700/10117 605/4701/10118 2681/4702/10119 2680/4703/10120
f 605/4704/10121 763/4705/10122 2682/4706/10123 2681/4707/10124
f 192/4708/10125 947/4709/10126 2683/4710/10127 2684/4711/10128
f 763/4712/10129 192/4713/10130 2684/4714/10131 2682/4715/10132
f 947/4716/10133 1641/4717/10134 2685/4718/10135 2683/4719/10136
f 1641/4720/10137 204/4721/10138 2686/4722/10139 2685/4723/10140
f 204/4724/10141 1642/4725/10142 2687/4726/10143 2686/4727/10144
f 1638/4728/10145 82/4729/10146 2688/4730/10147 2689/4731/10148
f 171/4732/10149 212/4733/10150 2690/4734/10151 2677/4735/10152
f 1637/4736/10153 1638/4737/10154 2689/4738/10155 2691/4739/10156
f 212/4740/10157 1637/4741/10158 2691/4742/10159 2690/4743/10160
f 1139/4744/10161 1640/4745/10162 2692/4746/10163 2693/4747/10164
f 1639/4748/10165 699/4749/10166 2695/4750/10167 2694/4751/10168
f 699/4752/10169 1139/4753/10170 2693/4754/10171 2695/4755/10172
f 1640/4756/10173 811/4757/10174 2679/4758/10175 2692/4759/10176
f 82/4760/10177 1639/4761/10178 2694/4762/10179 2688/4763/10180
f 1005/4764/10181 1935/4765/10182 2697/4766/10183 2696/4767/10184
f 1942/4768/10185 846/4769/10186 2699/4770/10187 2698/4771/10188
f 846/4772/10189 1941/4773/10190 2700/4774/10191 2699/4775/10192
f 1941/4776/10193 1940/4777/10194 2701/4778/10195 2700/4779/10196
f 1940/4780/10197 1939/4781/10198 2702/4782/10199 2701/4783/10200
f 1943/4784/10201 1942/4785/10202 2698/4786/10203 2703/4787/10204
f 342/4788/10205 1943/4789/10206 2703/4790/10207 2704/4791/10208
f 206/4792/10209 342/4793/10210 2704/4794/10211 2705/4795/10212
f 1939/4796/10213 1945/4797/10214 2706/4798/10215 2702/4799/10216
f 1944/4800/10217 206/4801/10218 2705/4802/10219 2707/4803/10220
f 1945/4804/10221 1944/4805/10222 2707/4806/10223 2706/4807/10224
f 12/4808/10225 684/4809/10226 2708/4810/10227 2709/4811/10228
f 684/4812/10229 1932/4813/10230 2710/4814/10231 2708/4815/10232
f 1932/4816/10233 409/4817/10234 2711/4818/10235 2710/4819/10236
f 409/4820/10237 1005/4821/10238 2696/4822/10239 2711/4823/10240
f 1933/4824/10241 12/4825/10242 2709/4826/10243 2712/4827/10244
f 847/4828/10245 1933/4829/10246 2712/4830/10247 2713/4831/10248
f 1934/4832/10249 847/4833/10250 2713/4834/10251 2714/4835/10252
f 1901/4836/10253 1900/4837/10254 2716/4838/10255 2715/4839/10256
f 620/4840/10257 1901/4841/10258 2715/4842/10259 2717/4843/10260
f 1900/4844/10261 1899/4845/10262 2718/4846/10263 2716/4847/10264
f 1899/4848/10265 1898/4849/10266 2719/4850/10267 2718/4851/10268
f 1898/4852/10269 1405/4853/10270 2720/4854/10271 2719/4855/10272
f 790/4856/10273 620/4857/10274 2717/4858/10275 2721/4859/10276
f 825/4860/10277 790/4861/10278 2721/4862/10279 2722/4863/10280
f 826/4864/10281 825/4865/10282 2722/4866/10283 2723/4867/10284
f 989/4868/10285 826/4869/10286 2723/4870/10287 2724/4871/10288
f 1163/4872/10289 19/4873/10290 2726/4874/10291 2725/4875/10292
f 327/4876/10293 1163/4877/10294 2725/4878/10295 2727/4879/10296
f 19/4880/10297 989/4881/10298 2724/4882/10299 2726/4883/10300
f 1405/4884/10301 1897/4885/10302 2728/4886/10303 2720/4887/10304
f 1896/4888/10305 1895/4889/10306 2730/4890/10307 2729/4891/10308
f 1895/4892/10309 1182/4893/10310 2731/4894/10311 2730/4895/10312
f 1897/4896/10313 992/4897/10314 2732/4898/10315 2728/4899/10316
f 992/4900/10317 1896/4901/10318 2729/4902/10319 2732/4903/10320
f 507/4904/10321 1891/4905/10322 2734/4906/10323 2733/4907/10324
f 1891/4908/10325 415/4909/10326 2735/4910/10327 2734/4911/10328
f 1447/4912/10329 507/4913/10330 2733/4914/10331 2736/4915/10332
f 1892/4916/10333 1447/4917/10334 2736/4918/10335 2737/4919/10336
f 1182/4920/10337 1894/4921/10338 2738/4922/10339 2731/4923/10340
f 1894/4924/10341 1893/4925/10342 2739/4926/10343 2738/4927/10344
f 475/4928/10345 178/4929/10346 2741/4930/10347 2740/4931/10348
f 178/4932/10349 891/4933/10350 2742/4934/10351 2741/4935/10352
f 1893/4936/10353 1431/4937/10354 2743/4938/10355 2739/4939/10356
f 1431/4940/10357 1442/4941/10358 2744/4942/10359 2743/4943/10360
f 899/4944/10361 1991/4945/10362 2745/4946/10363 2746/4947/10364
f 1916/4948/10365 366/4949/10366 2748/4950/10367 2747/4951/10368
f 1915/4952/10369 1914/4953/10370 2749/4954/10371 2750/4955/10372
f 366/4956/10373 1915/4957/10374 2750/4958/10375 2748/4959/10376
f 1914/4960/10377 255/4961/10378 2751/4962/10379 2749/4963/10380
f 255/4964/10381 387/4965/10382 2752/4966/10383 2751/4967/10384
f 606/4968/10385 1916/4969/10386 2747/4970/10387 2753/4971/10388
f 644/4972/10389 1903/4973/10390 2755/4974/10391 2754/4975/10392
f 730/4976/10393 644/4977/10394 2754/4978/10395 2756/4979/10396
f 1930/4980/10397 1929/4981/10398 2757/4982/10399 2758/4983/10400
f 1372/4984/10401 1930/4985/10402 2758/4986/10403 2759/4987/10404
f 1929/4988/10405 1928/4989/10406 2760/4990/10407 2757/4991/10408
f 1931/4992/10409 1372/4993/10410 2759/4994/10411 2761/4995/10412
f 1928/4996/10413 541/4997/10414 2762/4998/10415 2760/4999/10416
f 541/5000/10417 1931/5001/10418 2761/5002/10419 2762/5003/10420
f 567/5004/10421 559/5005/10422 2764/5006/10423 2763/5007/10424
f 1671/5008/10425 567/5009/10426 2763/5010/10427 2765/5011/10428
f 824/5012/10429 1672/5013/10430 2767/5014/10431 2766/5015/10432
f 812/5016/10433 824/5017/10434 2766/5018/10435 2768/5019/10436
f 1672/5020/10437 1671/5021/10438 2765/5022/10439 2767/5023/10440
f 735/5024/10441 619/5025/10442 2770/5026/10443 2769/5027/10444
f 619/5028/10445 606/5029/10446 2753/5030/10447 2770/5031/10448
f 910/5032/10449 895/5033/10450 2772/5034/10451 2771/5035/10452
f 1917/5036/10453 910/5037/10454 2771/5038/10455 2773/5039/10456
f 895/5040/10457 735/5041/10458 2769/5042/10459 2772/5043/10460
f 1919/5044/10461 1918/5045/10462 2775/5046/10463 2774/5047/10464
f 325/5048/10465 1917/5049/10466 2773/5050/10467 2776/5051/10468
f 1918/5052/10469 325/5053/10470 2776/5054/10471 2775/5055/10472
f 919/5056/10473 1919/5057/10474 2774/5058/10475 2777/5059/10476
f 213/5060/10477 919/5061/10478 2777/5062/10479 2778/5063/10480
f 387/5064/10481 1149/5065/10482 2779/5066/10483 2752/5067/10484
f 1149/5068/10485 535/5069/10486 2780/5070/10487 2779/5071/10488
f 535/5072/10489 1913/5073/10490 2781/5074/10491 2780/5075/10492
f 1913/5076/10493 756/5077/10494 2782/5078/10495 2781/5079/10496
f 756/5080/10497 47/5081/10498 2783/5082/10499 2782/5083/10500
f 47/5084/10501 367/5085/10502 2784/5086/10503 2783/5087/10504
f 367/5088/10505 1927/5089/10506 2785/5090/10507 2784/5091/10508
f 1927/5092/10509 971/5093/10510 2786/5094/10511 2785/5095/10512
f 971/5096/10513 972/5097/10514 2787/5098/10515 2786/5099/10516
f 1903/5100/10517 1902/5101/10518 2788/5102/10519 2755/5103/10520
f 731/5104/10521 730/5105/10522 2756/5106/10523 2789/5107/10524
f 1902/5108/10525 327/5109/10526 2727/5110/10527 2788/5111/10528
f 1904/5112/10529 731/5113/10530 2789/5114/10531 2790/5115/10532
f 801/5116/10533 1904/5117/10534 2790/5118/10535 2791/5119/10536
f 351/5120/10537 174/5121/10538 2793/5122/10539 2792/5123/10540
f 174/5124/10541 3/5125/10542 2794/5126/10543 2793/5127/10544
f 3/5128/10545 801/5129/10546 2791/5130/10547 2794/5131/10548
f 163/5132/10549 1677/5133/10550 2795/5134/10551 2796/5135/10552
f 559/5136/10553 351/5137/10554 2792/5138/10555 2764/5139/10556
f 1675/5140/10557 667/5141/10558 2797/5142/10559 2798/5143/10560
f 666/5144/10561 1673/5145/10562 2799/5146/10563 2800/5147/10564
f 1674/5148/10565 666/5149/10566 2800/5150/10567 2801/5151/10568
f 1673/5152/10569 783/5153/10570 2802/5154/10571 2799/5155/10572
f 783/5156/10573 812/5157/10574 2768/5158/10575 2802/5159/10576
f 667/5160/10577 1674/5161/10578 2801/5162/10579 2797/5163/10580
f 1676/5164/10581 1675/5165/10582 2798/5166/10583 2803/5167/10584
f 1677/5168/10585 391/5169/10586 2804/5170/10587 2795/5171/10588
f 391/5172/10589 1676/5173/10590 2803/5174/10591 2804/5175/10592
f 1406/5176/10593 614/5177/10594 2806/5178/10595 2805/5179/10596
f 614/5180/10597 1678/5181/10598 2807/5182/10599 2806/5183/10600
f 1679/5184/10601 1406/5185/10602 2805/5186/10603 2808/5187/10604
f 1424/5188/10605 163/5189/10606 2796/5190/10607 2809/5191/10608
f 1992/5192/10609 220/5193/10610 2811/5194/10611 2810/5195/10612
f 1990/5196/10613 738/5197/10614 2812/5198/10615 2813/5199/10616
f 1991/5200/10617 1990/5201/10618 2813/5202/10619 2745/5203/10620
f 738/5204/10621 20/5205/10622 2814/5206/10623 2812/5207/10624
f 20/5208/10625 1992/5209/10626 2810/5210/10627 2814/5211/10628
f 177/5212/10629 1203/5213/10630 2815/5214/10631 2816/5215/10632
f 207/5216/10633 177/5217/10634 2816/5218/10635 2817/5219/10636
f 389/5220/10637 1424/5221/10638 2809/5222/10639 2818/5223/10640
f 1678/5224/10641 389/5225/10642 2818/5226/10643 2807/5227/10644
f 713/5228/10645 1683/5229/10646 2820/5230/10647 2819/5231/10648
f 1683/5232/10649 1682/5233/10650 2821/5234/10651 2820/5235/10652
f 220/5236/10653 323/5237/10654 2822/5238/10655 2811/5239/10656
f 323/5240/10657 1187/5241/10658 2823/5242/10659 2822/5243/10660
f 1188/5244/10661 345/5245/10662 2824/5246/10663 2825/5247/10664
f 345/5248/10665 1993/5249/10666 2826/5250/10667 2824/5251/10668
f 1993/5252/10669 207/5253/10670 2817/5254/10671 2826/5255/10672
f 1187/5256/10673 584/5257/10674 2827/5258/10675 2823/5259/10676
f 768/5260/10677 713/5261/10678 2819/5262/10679 2828/5263/10680
f 584/5264/10681 1188/5265/10682 2825/5266/10683 2827/5267/10684
f 1681/5268/10685 200/5269/10686 2829/5270/10687 2830/5271/10688
f 200/5272/10689 1680/5273/10690 2831/5274/10691 2829/5275/10692
f 1682/5276/10693 1681/5277/10694 2830/5278/10695 2821/5279/10696
f 449/5280/10697 1679/5281/10698 2808/5282/10699 2832/5283/10700
f 1680/5284/10701 449/5285/10702 2832/5286/10703 2831/5287/10704
f 1685/5288/10705 868/5289/10706 2834/5290/10707 2833/5291/10708
f 1686/5292/10709 97/5293/10710 2836/5294/10711 2835/5295/10712
f 97/5296/10713 1685/5297/10714 2833/5298/10715 2836/5299/10716
f 263/5300/10717 1686/5301/10718 2835/5302/10719 2837/5303/10720
f 712/5304/10721 1425/5305/10722 2838/5306/10723 2839/5307/10724
f 1425/5308/10725 1684/5309/10726 2840/5310/10727 2838/5311/10728
f 868/5312/10729 712/5313/10730 2839/5314/10731 2834/5315/10732
f 98/5316/10733 768/5317/10734 2828/5318/10735 2841/5319/10736
f 343/5320/10737 98/5321/10738 2841/5322/10739 2842/5323/10740
f 1684/5324/10741 343/5325/10742 2842/5326/10743 2840/5327/10744
f 256/5328/10745 263/5329/10746 2837/5330/10747 2843/5331/10748
f 414/5332/10749 256/5333/10750 2843/5334/10751 2844/5335/10752
f 657/5336/10753 414/5337/10754 2844/5338/10755 2845/5339/10756
f 11/5340/10757 896/5341/10758 2847/5342/10759 2846/5343/10760
f 673/5344/10761 657/5345/10762 2845/5346/10763 2848/5347/10764
f 896/5348/10765 673/5349/10766 2848/5350/10767 2847/5351/10768
f 646/5352/10769 1687/5353/10770 2849/5354/10771 2850/5355/10772
f 543/5356/10773 646/5357/10774 2850/5358/10775 2851/5359/10776
f 60/5360/10777 11/5361/10778 2846/5362/10779 2852/5363/10780
f 120/5364/10781 60/5365/10782 2852/5366/10783 2853/5367/10784
f 882/5368/10785 120/5369/10786 2853/5370/10787 2854/5371/10788
f 1687/5372/10789 882/5373/10790 2854/5374/10791 2849/5375/10792
f 1312/5376/10793 925/5377/10794 2201/5378/10795 2855/5379/10796
f 1643/5380/10797 1644/5381/10798 2857/5382/10799 2856/5383/10800
f 1642/5384/10801 641/5385/10802 2858/5386/10803 2687/5387/10804
f 641/5388/10805 780/5389/10806 2859/5390/10807 2858/5391/10808
f 780/5392/10809 1643/5393/10810 2856/5394/10811 2859/5395/10812
f 1644/5396/10813 1645/5397/10814 2860/5398/10815 2857/5399/10816
f 1645/5400/10817 1646/5401/10818 2861/5402/10819 2860/5403/10820
f 1646/5404/10821 1647/5405/10822 2862/5406/10823 2861/5407/10824
f 272/5408/10825 365/5409/10826 2863/5410/10827 2864/5411/10828
f 1647/5412/10829 272/5413/10830 2864/5414/10831 2862/5415/10832
f 926/5416/10833 1312/5417/10834 2855/5418/10835 2865/5419/10836
f 844/5420/10837 1325/5421/10838 2866/5422/10839 2867/5423/10840
f 806/5424/10841 844/5425/10842 2867/5426/10843 2868/5427/10844
f 1333/5428/10845 806/5429/10846 2868/5430/10847 2869/5431/10848
f 1325/5432/10849 253/5433/10850 2870/5434/10851 2866/5435/10852
f 253/5436/10853 407/5437/10854 2871/5438/10855 2870/5439/10856
f 365/5440/10857 1333/5441/10858 2869/5442/10859 2863/5443/10860
f 734/5444/10861 818/5445/10862 2872/5446/10863 2873/5447/10864
f 407/5448/10865 734/5449/10866 2873/5450/10867 2871/5451/10868
f 818/5452/10869 131/5453/10870 2874/5454/10871 2872/5455/10872
f 225/5456/10873 374/5457/10874 2876/5458/10875 2875/5459/10876
f 374/5460/10877 575/5461/10878 2877/5462/10879 2876/5463/10880
f 575/5464/10881 843/5465/10882 2878/5466/10883 2877/5467/10884
f 843/5468/10885 863/5469/10886 2879/5470/10887 2878/5471/10888
f 863/5472/10889 1650/5473/10890 2880/5474/10891 2879/5475/10892
f 460/5476/10893 1648/5477/10894 2882/5478/10895 2881/5479/10896
f 131/5480/10897 460/5481/10898 2881/5482/10899 2874/5483/10900
f 1648/5484/10901 674/5485/10902 2883/5486/10903 2882/5487/10904
f 674/5488/10905 879/5489/10906 2884/5490/10907 2883/5491/10908
f 879/5492/10909 7/5493/10910 2885/5494/10911 2884/5495/10912
f 1649/5496/10913 225/5497/10914 2875/5498/10915 2886/5499/10916
f 7/5500/10917 1649/5501/10918 2886/5502/10919 2885/5503/10920
f 557/5504/10921 754/5505/10922 2887/5506/10923 2888/5507/10924
f 754/5508/10925 68/5509/10926 2889/5510/10927 2887/5511/10928
f 927/5512/10929 926/5513/10930 2865/5514/10931 2890/5515/10932
f 934/5516/10933 927/5517/10934 2890/5518/10935 2891/5519/10936
f 349/5520/10937 492/5521/10938 2892/5522/10939 2893/5523/10940
f 68/5524/10941 349/5525/10942 2893/5526/10943 2889/5527/10944
f 492/5528/10945 701/5529/10946 2894/5530/10947 2892/5531/10948
f 701/5532/10949 1124/5533/10950 2895/5534/10951 2894/5535/10952
f 1/5536/10953 934/5537/10954 2891/5538/10955 2896/5539/10956
f 1124/5540/10957 1/5541/10958 2896/5542/10959 2895/5543/10960
f 1650/5544/10961 1651/5545/10962 2897/5546/10963 2880/5547/10964
f 1651/5548/10965 557/5549/10966 2888/5550/10967 2897/5551/10968
f 282/5552/10969 213/5553/10970 2778/5554/10971 2898/5555/10972
f 402/5556/10973 703/5557/10974 2900/5558/10975 2899/5559/10976
f 703/5560/10977 359/5561/10978 2901/5562/10979 2900/5563/10980
f 359/5564/10981 282/5565/10982 2898/5566/10983 2901/5567/10984
f 972/5568/10985 375/5569/10986 2902/5570/10987 2787/5571/10988
f 375/5572/10989 1926/5573/10990 2903/5574/10991 2902/5575/10992
f 1926/5576/10993 1925/5577/10994 2904/5578/10995 2903/5579/10996
f 1925/5580/10997 1148/5581/10998 2905/5582/10999 2904/5583/11000
f 764/5584/11001 402/5585/11002 2899/5586/11003 2906/5587/11004
f 1920/5588/11005 764/5589/11006 2906/5590/11007 2907/5591/11008
f 855/5592/11009 866/5593/11010 2908/5594/11011 2909/5595/11012
f 1148/5596/11013 1924/5597/11014 2910/5598/11015 2905/5599/11016
f 1924/5600/11017 592/5601/11018 2911/5602/11019 2910/5603/11020
f 592/5604/11021 855/5605/11022 2909/5606/11023 2911/5607/11024
f 1955/5608/11025 856/5609/11026 2913/5610/11027 2912/5611/11028
f 856/5612/11029 857/5613/11030 2914/5614/11031 2913/5615/11032
f 195/5616/11033 1920/5617/11034 2907/5618/11035 2915/5619/11036
f 1921/5620/11037 195/5621/11038 2915/5622/11039 2916/5623/11040
f 534/5624/11041 1921/5625/11042 2916/5626/11043 2917/5627/11044
f 549/5628/11045 534/5629/11046 2917/5630/11047 2918/5631/11048
f 760/5632/11049 549/5633/11050 2918/5634/11051 2919/5635/11052
f 799/5636/11053 782/5637/11054 2921/5638/11055 2920/5639/11056
f 782/5640/11057 760/5641/11058 2919/5642/11059 2921/5643/11060
f 829/5644/11061 799/5645/11062 2920/5646/11063 2922/5647/11064
f 866/5648/11065 183/5649/11066 2923/5650/11067 2908/5651/11068
f 183/5652/11069 1923/5653/11070 2924/5654/11071 2923/5655/11072
f 1923/5656/11073 704/5657/11074 2925/5658/11075 2924/5659/11076
f 704/5660/11077 1922/5661/11078 2926/5662/11079 2925/5663/11080
f 1922/5664/11081 829/5665/11082 2922/5666/11083 2926/5667/11084
f 857/5668/11085 53/5669/11086 2927/5670/11087 2914/5671/11088
f 1972/5672/11089 711/5673/11090 2929/5674/11091 2928/5675/11092
f 711/5676/11093 737/5677/11094 2930/5678/11095 2929/5679/11096
f 737/5680/11097 767/5681/11098 2931/5682/11099 2930/5683/11100
f 767/5684/11101 809/5685/11102 2932/5686/11103 2931/5687/11104
f 175/5688/11105 1972/5689/11106 2928/5690/11107 2933/5691/11108
f 809/5692/11109 819/5693/11110 2934/5694/11111 2932/5695/11112
f 819/5696/11113 1975/5697/11114 2935/5698/11115 2934/5699/11116
f 1973/5700/11117 1974/5701/11118 2936/5702/11119 2937/5703/11120
f 1974/5704/11121 175/5705/11122 2933/5706/11123 2936/5707/11124
f 107/5708/11125 1973/5709/11126 2937/5710/11127 2938/5711/11128
f 1975/5712/11129 107/5713/11130 2938/5714/11131 2935/5715/11132
f 25/5716/11133 1952/5717/11134 2940/5718/11135 2939/5719/11136
f 110/5720/11137 25/5721/11138 2939/5722/11139 2941/5723/11140
f 369/5724/11141 310/5725/11142 2943/5726/11143 2942/5727/11144
f 607/5728/11145 368/5729/11146 2945/5730/11147 2944/5731/11148
f 368/5732/11149 369/5733/11150 2942/5734/11151 2945/5735/11152
f 1908/5736/11153 607/5737/11154 2944/5738/11155 2946/5739/11156
f 1909/5740/11157 1908/5741/11158 2946/5742/11159 2947/5743/11160
f 690/5744/11161 1909/5745/11162 2947/5746/11163 2948/5747/11164
f 310/5748/11165 1910/5749/11166 2949/5750/11167 2943/5751/11168
f 645/5752/11169 690/5753/11170 2948/5754/11171 2950/5755/11172
f 1910/5756/11173 645/5757/11174 2950/5758/11175 2949/5759/11176
f 582/5760/11177 482/5761/11178 2951/5762/11179 2952/5763/11180
f 1418/5764/11181 858/5765/11182 2953/5766/11183 2954/5767/11184
f 1952/5768/11185 582/5769/11186 2952/5770/11187 2940/5771/11188
f 672/5772/11189 1418/5773/11190 2954/5774/11191 2955/5775/11192
f 1954/5776/11193 1953/5777/11194 2956/5778/11195 2957/5779/11196
f 482/5780/11197 1954/5781/11198 2957/5782/11199 2951/5783/11200
f 1953/5784/11201 464/5785/11202 2958/5786/11203 2956/5787/11204
f 464/5788/11205 672/5789/11206 2955/5790/11207 2958/5791/11208
f 858/5792/11209 110/5793/11210 2941/5794/11211 2953/5795/11212
f 53/5796/11213 341/5797/11214 2959/5798/11215 2927/5799/11216
f 341/5800/11217 462/5801/11218 2960/5802/11219 2959/5803/11220
f 462/5804/11221 1955/5805/11222 2912/5806/11223 2960/5807/11224
f 996/5808/11225 376/5809/11226 2961/5810/11227 2962/5811/11228
f 1958/5812/11229 996/5813/11230 2962/5814/11231 2963/5815/11232
f 1745/5816/11233 119/5817/11234 2965/5818/11235 2964/5819/11236
f 837/5820/11237 1958/5821/11238 2963/5822/11239 2966/5823/11240
f 54/5824/11241 837/5825/11242 2966/5826/11243 2967/5827/11244
f 119/5828/11245 231/5829/11246 2968/5830/11247 2965/5831/11248
f 237/5832/11249 1008/5833/11250 2970/5834/11251 2969/5835/11252
f 1907/5836/11253 237/5837/11254 2969/5838/11255 2971/5839/11256
f 465/5840/11257 1907/5841/11258 2971/5842/11259 2972/5843/11260
f 474/5844/11261 465/5845/11262 2972/5846/11263 2973/5847/11264
f 494/5848/11265 474/5849/11266 2973/5850/11267 2974/5851/11268
f 506/5852/11269 494/5853/11270 2974/5854/11271 2975/5855/11272
f 560/5856/11273 506/5857/11274 2975/5858/11275 2976/5859/11276
f 1008/5860/11277 244/5861/11278 2977/5862/11279 2970/5863/11280
f 596/5864/11281 560/5865/11282 2976/5866/11283 2978/5867/11284
f 615/5868/11285 596/5869/11286 2978/5870/11287 2979/5871/11288
f 629/5872/11289 615/5873/11290 2979/5874/11291 2980/5875/11292
f 1741/5876/11293 691/5877/11294 2982/5878/11295 2981/5879/11296
f 691/5880/11297 1740/5881/11298 2983/5882/11299 2982/5883/11300
f 1740/5884/11301 714/5885/11302 2984/5886/11303 2983/5887/11304
f 714/5888/11305 724/5889/11306 2985/5890/11307 2984/5891/11308
f 1009/5892/11309 1741/5893/11310 2981/5894/11311 2986/5895/11312
f 376/5896/11313 156/5897/11314 2987/5898/11315 2961/5899/11316
f 156/5900/11317 1957/5901/11318 2988/5902/11319 2987/5903/11320
f 1957/5904/11321 1956/5905/11322 2989/5906/11323 2988/5907/11324
f 1956/5908/11325 997/5909/11326 2990/5910/11327 2989/5911/11328
f 997/5912/11329 10/5913/11330 2991/5914/11331 2990/5915/11332
f 10/5916/11333 26/5917/11334 2992/5918/11335 2991/5919/11336
f 26/5920/11337 54/5921/11338 2967/5922/11339 2992/5923/11340
f 344/5924/11341 1742/5925/11342 2994/5926/11343 2993/5927/11344
f 1200/5928/11345 344/5929/11346 2993/5930/11347 2995/5931/11348
f 1742/5932/11349 1009/5933/11350 2986/5934/11351 2994/5935/11352
f 683/5936/11353 1743/5937/11354 2997/5938/11355 2996/5939/11356
f 1189/5940/11357 683/5941/11358 2996/5942/11359 2998/5943/11360
f 1743/5944/11361 1200/5945/11362 2995/5946/11363 2997/5947/11364
f 1744/5948/11365 1189/5949/11366 2998/5950/11367 2999/5951/11368
f 1951/5952/11369 104/5953/11370 3001/5954/11371 3000/5955/11372
f 92/5956/11373 93/5957/11374 3003/5958/11375 3002/5959/11376
f 104/5960/11377 91/5961/11378 3004/5962/11379 3001/5963/11380
f 91/5964/11381 92/5965/11382 3002/5966/11383 3004/5967/11384
f 297/5968/11385 1951/5969/11386 3000/5970/11387 3005/5971/11388
f 94/5972/11389 1950/5973/11390 3006/5974/11391 3007/5975/11392
f 1950/5976/11393 77/5977/11394 3008/5978/11395 3006/5979/11396
f 116/5980/11397 117/5981/11398 3010/5982/11399 3009/5983/11400
f 117/5984/11401 94/5985/11402 3007/5986/11403 3010/5987/11404
f 93/5988/11405 105/5989/11406 3011/5990/11407 3003/5991/11408
f 105/5992/11409 116/5993/11410 3009/5994/11411 3011/5995/11412
f 83/5996/11413 123/5997/11414 3012/5998/11415 3013/5999/11416
f 77/6000/11417 83/6001/11418 3013/6002/11419 3008/6003/11420
f 123/6004/11421 124/6005/11422 3014/6006/11423 3012/6007/11424
f 124/6008/11425 136/6009/11426 3015/6010/11427 3014/6011/11428
f 136/6012/11429 184/6013/11430 3016/6014/11431 3015/6015/11432
f 184/6016/11433 196/6017/11434 3017/6018/11435 3016/6019/11436
f 457/6020/11437 297/6021/11438 3005/6022/11439 3018/6023/11440
f 503/6024/11441 457/6025/11442 3018/6026/11443 3019/6027/11444
f 558/6028/11445 503/6029/11446 3019/6030/11447 3020/6031/11448
f 196/6032/11449 1949/6033/11450 3021/6034/11451 3017/6035/11452
f 642/6036/11453 558/6037/11454 3020/6038/11455 3022/6039/11456
f 663/6040/11457 642/6041/11458 3022/6042/11459 3023/6043/11460
f 664/6044/11461 663/6045/11462 3023/6046/11463 3024/6047/11464
f 1946/6048/11465 664/6049/11466 3024/6050/11467 3025/6051/11468
f 775/6052/11469 1946/6053/11470 3025/6054/11471 3026/6055/11472
f 1154/6056/11473 775/6057/11474 3026/6058/11475 3027/6059/11476
f 722/6060/11477 766/6061/11478 3029/6062/11479 3028/6063/11480
f 1948/6064/11481 722/6065/11482 3028/6066/11483 3030/6067/11484
f 836/6068/11485 1947/6069/11486 3031/6070/11487 3032/6071/11488
f 1949/6072/11489 1948/6073/11490 3030/6074/11491 3021/6075/11492
f 1947/6076/11493 1154/6077/11494 3027/6078/11495 3031/6079/11496
f 766/6080/11497 836/6081/11498 3032/6082/11499 3029/6083/11500
f 283/6084/11501 275/6085/11502 3034/6086/11503 3033/6087/11504
f 275/6088/11505 242/6089/11506 3035/6090/11507 3034/6091/11508
f 309/6092/11509 283/6093/11510 3033/6094/11511 3036/6095/11512
f 173/6096/11513 154/6097/11514 3038/6098/11515 3037/6099/11516
f 154/6100/11517 149/6101/11518 3039/6102/11519 3038/6103/11520
f 205/6104/11521 173/6105/11522 3037/6106/11523 3040/6107/11524
f 234/6108/11525 205/6109/11526 3040/6110/11527 3041/6111/11528
f 242/6112/11529 234/6113/11530 3041/6114/11531 3035/6115/11532
f 675/6116/11533 665/6117/11534 3042/6118/11535 3043/6119/11536
f 665/6120/11537 403/6121/11538 3044/6122/11539 3042/6123/11540
f 736/6124/11541 682/6125/11542 3046/6126/11543 3045/6127/11544
f 682/6128/11545 675/6129/11546 3043/6130/11547 3046/6131/11548
f 845/6132/11549 800/6133/11550 3048/6134/11551 3047/6135/11552
f 2/6136/11553 845/6137/11554 3047/6138/11555 3049/6139/11556
f 765/6140/11557 736/6141/11558 3045/6142/11559 3050/6143/11560
f 800/6144/11561 765/6145/11562 3050/6146/11563 3048/6147/11564
f 326/6148/11565 298/6149/11566 3051/6150/11567 3052/6151/11568
f 1764/6152/11569 326/6153/11570 3052/6154/11571 3053/6155/11572
f 1765/6156/11573 360/6157/11574 3055/6158/11575 3054/6159/11576
f 360/6160/11577 340/6161/11578 3056/6162/11579 3055/6163/11580
f 340/6164/11581 1764/6165/11582 3053/6166/11583 3056/6167/11584
f 299/6168/11585 300/6169/11586 3058/6170/11587 3057/6171/11588
f 298/6172/11589 299/6173/11590 3057/6174/11591 3051/6175/11592
f 300/6176/11593 309/6177/11594 3036/6178/11595 3058/6179/11596
f 403/6180/11597 388/6181/11598 3059/6182/11599 3044/6183/11600
f 388/6184/11601 1765/6185/11602 3054/6186/11603 3059/6187/11604
f 1378/6188/11605 2/6189/11606 3049/6190/11607 3060/6191/11608
f 1384/6192/11609 1378/6193/11610 3060/6194/11611 3061/6195/11612
f 1758/6196/11613 531/6197/11614 3063/6198/11615 3062/6199/11616
f 568/6200/11617 1161/6201/11618 3064/6202/11619 3065/6203/11620
f 520/6204/11621 568/6205/11622 3065/6206/11623 3066/6207/11624
f 531/6208/11625 519/6209/11626 3067/6210/11627 3063/6211/11628
f 519/6212/11629 520/6213/11630 3066/6214/11631 3067/6215/11632
f 1759/6216/11633 1758/6217/11634 3062/6218/11635 3068/6219/11636
f 37/6220/11637 1759/6221/11638 3068/6222/11639 3069/6223/11640
f 1161/6224/11641 1757/6225/11642 3070/6226/11643 3064/6227/11644
f 600/6228/11645 984/6229/11646 3072/6230/11647 3071/6231/11648
f 322/6232/11649 1750/6233/11650 3073/6234/11651 3074/6235/11652
f 984/6236/11653 322/6237/11654 3074/6238/11655 3072/6239/11656
f 1750/6240/11657 1749/6241/11658 3075/6242/11659 3073/6243/11660
f 1749/6244/11661 576/6245/11662 3076/6246/11663 3075/6247/11664
f 867/6248/11665 985/6249/11666 3078/6250/11667 3077/6251/11668
f 1751/6252/11669 867/6253/11670 3077/6254/11671 3079/6255/11672
f 985/6256/11673 600/6257/11674 3071/6258/11675 3078/6259/11676
f 749/6260/11677 1747/6261/11678 3081/6262/11679 3080/6263/11680
f 471/6264/11681 518/6265/11682 3083/6266/11683 3082/6267/11684
f 518/6268/11685 1763/6269/11686 3084/6270/11687 3083/6271/11688
f 137/6272/11689 1760/6273/11690 3086/6274/11691 3085/6275/11692
f 1760/6276/11693 37/6277/11694 3069/6278/11695 3086/6279/11696
f 199/6280/11697 137/6281/11698 3085/6282/11699 3087/6283/11700
f 214/6284/11701 199/6285/11702 3087/6286/11703 3088/6287/11704
f 695/6288/11705 471/6289/11706 3082/6290/11707 3089/6291/11708
f 1763/6292/11709 480/6293/11710 3090/6294/11711 3084/6295/11712
f 1757/6296/11713 1756/6297/11714 3091/6298/11715 3070/6299/11716
f 1761/6300/11717 1762/6301/11718 3092/6302/11719 3093/6303/11720
f 1762/6304/11721 214/6305/11722 3088/6306/11723 3092/6307/11724
f 1756/6308/11725 447/6309/11726 3094/6310/11727 3091/6311/11728
f 262/6312/11729 1751/6313/11730 3079/6314/11731 3095/6315/11732
f 1752/6316/11733 262/6317/11734 3095/6318/11735 3096/6319/11736
f 447/6320/11737 473/6321/11738 3097/6322/11739 3094/6323/11740
f 473/6324/11741 481/6325/11742 3098/6326/11743 3097/6327/11744
f 480/6328/11745 593/6329/11746 3099/6330/11747 3090/6331/11748
f 593/6332/11749 1761/6333/11750 3093/6334/11751 3099/6335/11752
f 481/6336/11753 551/6337/11754 3100/6338/11755 3098/6339/11756
f 1753/6340/11757 1752/6341/11758 3096/6342/11759 3101/6343/11760
f 551/6344/11761 1754/6345/11762 3102/6346/11763 3100/6347/11764
f 601/6348/11765 1753/6349/11766 3101/6350/11767 3103/6351/11768
f 230/6352/11769 219/6353/11770 3105/6354/11771 3104/6355/11772
f 423/6356/11773 1746/6357/11774 3107/6358/11775 3106/6359/11776
f 1746/6360/11777 230/6361/11778 3104/6362/11779 3107/6363/11780
f 219/6364/11781 176/6365/11782 3108/6366/11783 3105/6367/11784
f 176/6368/11785 162/6369/11786 3109/6370/11787 3108/6371/11788
f 162/6372/11789 1745/6373/11790 2964/6374/11791 3109/6375/11792
f 571/6376/11793 542/6377/11794 3111/6378/11795 3110/6379/11796
f 594/6380/11797 581/6381/11798 3113/6382/11799 3112/6383/11800
f 581/6384/11801 571/6385/11802 3110/6386/11803 3113/6387/11804
f 448/6388/11805 423/6389/11806 3106/6390/11807 3114/6391/11808
f 504/6392/11809 448/6393/11810 3114/6394/11811 3115/6395/11812
f 542/6396/11813 504/6397/11814 3115/6398/11815 3111/6399/11816
f 231/6400/11817 285/6401/11818 3116/6402/11819 2968/6403/11820
f 285/6404/11821 286/6405/11822 3117/6406/11823 3116/6407/11824
f 286/6408/11825 278/6409/11826 3118/6410/11827 3117/6411/11828
f 278/6412/11829 287/6413/11830 3119/6414/11831 3118/6415/11832
f 287/6416/11833 1744/6417/11834 2999/6418/11835 3119/6419/11836
f 1747/6420/11837 633/6421/11838 3120/6422/11839 3081/6423/11840
f 633/6424/11841 594/6425/11842 3112/6426/11843 3120/6427/11844
f 1748/6428/11845 762/6429/11846 3122/6430/11847 3121/6431/11848
f 762/6432/11849 749/6433/11850 3080/6434/11851 3122/6435/11852
f 576/6436/11853 1748/6437/11854 3121/6438/11855 3076/6439/11856
f 881/6440/11857 695/6441/11858 3089/6442/11859 3123/6443/11860
f 981/6444/11861 881/6445/11862 3123/6446/11863 3124/6447/11864
f 284/6448/11865 981/6449/11866 3124/6450/11867 3125/6451/11868
f 718/6452/11869 472/6453/11870 3127/6454/11871 3126/6455/11872
f 472/6456/11873 284/6457/11874 3125/6458/11875 3127/6459/11876
f 1754/6460/11877 1755/6461/11878 3128/6462/11879 3102/6463/11880
f 1755/6464/11881 601/6465/11882 3103/6466/11883 3128/6467/11884
f 904/6468/11885 718/6469/11886 3126/6470/11887 3129/6471/11888
f 149/6472/11889 904/6473/11890 3129/6474/11891 3039/6475/11892
f 1485/6476/11893 1384/6477/11894 3061/6478/11895 3130/6479/11896
f 1935/6480/11897 1936/6481/11898 3131/6482/11899 2697/6483/11900
f 1936/6484/11901 1010/6485/11902 3132/6486/11903 3131/6487/11904
f 1888/6488/11905 692/6489/11906 3134/6490/11907 3133/6491/11908
f 616/6492/11909 1206/6493/11910 3136/6494/11911 3135/6495/11912
f 1206/6496/11913 1888/6497/11914 3133/6498/11915 3136/6499/11916
f 1010/6500/11917 1934/6501/11918 2714/6502/11919 3132/6503/11920
f 1889/6504/11921 616/6505/11922 3135/6506/11923 3137/6507/11924
f 892/6508/11925 1889/6509/11926 3137/6510/11927 3138/6511/11928
f 914/6512/11929 892/6513/11930 3138/6514/11931 3139/6515/11932
f 692/6516/11933 1887/6517/11934 3140/6518/11935 3134/6519/11936
f 589/6520/11937 370/6521/11938 3142/6522/11939 3141/6523/11940
f 1887/6524/11941 739/6525/11942 3143/6526/11943 3140/6527/11944
f 1455/6528/11945 914/6529/11946 3139/6530/11947 3144/6531/11948
f 739/6532/11949 589/6533/11950 3141/6534/11951 3143/6535/11952
f 151/6536/11953 1455/6537/11954 3144/6538/11955 3145/6539/11956
f 1474/6540/11957 397/6541/11958 3147/6542/11959 3146/6543/11960
f 1220/6544/11961 1474/6545/11962 3146/6546/11963 3148/6547/11964
f 744/6548/11965 1220/6549/11966 3148/6550/11967 3149/6551/11968
f 1882/6552/11969 744/6553/11970 3149/6554/11971 3150/6555/11972
f 693/6556/11973 1883/6557/11974 3151/6558/11975 3152/6559/11976
f 257/6560/11977 258/6561/11978 3154/6562/11979 3153/6563/11980
f 258/6564/11981 179/6565/11982 3155/6566/11983 3154/6567/11984
f 397/6568/11985 257/6569/11986 3153/6570/11987 3147/6571/11988
f 179/6572/11989 1036/6573/11990 3156/6574/11991 3155/6575/11992
f 1036/6576/11993 484/6577/11994 3157/6578/11995 3156/6579/11996
f 578/6580/11997 693/6581/11998 3152/6582/11999 3158/6583/12000
f 610/6584/12001 578/6585/12002 3158/6586/12003 3159/6587/12004
f 745/6588/12005 1884/6589/12006 3161/6590/12007 3160/6591/12008
f 1885/6592/12009 745/6593/12010 3160/6594/12011 3162/6595/12012
f 1884/6596/12013 610/6597/12014 3159/6598/12015 3161/6599/12016
f 484/6600/12017 511/6601/12018 3163/6602/12019 3157/6603/12020
f 511/6604/12021 658/6605/12022 3164/6606/12023 3163/6607/12024
f 187/6608/12025 48/6609/12026 3166/6610/12027 3165/6611/12028
f 370/6612/12029 187/6613/12030 3165/6614/12031 3142/6615/12032
f 886/6616/12033 1882/6617/12034 3150/6618/12035 3167/6619/12036
f 1883/6620/12037 886/6621/12038 3167/6622/12039 3151/6623/12040
f 48/6624/12041 49/6625/12042 3168/6626/12043 3166/6627/12044
f 49/6628/12045 1886/6629/12046 3169/6630/12047 3168/6631/12048
f 869/6632/12049 870/6633/12050 3171/6634/12051 3170/6635/12052
f 870/6636/12053 1885/6637/12054 3162/6638/12055 3171/6639/12056
f 1886/6640/12057 869/6641/12058 3170/6642/12059 3169/6643/12060
f 415/6644/12061 1890/6645/12062 3172/6646/12063 2735/6647/12064
f 1890/6648/12065 304/6649/12066 3173/6650/12067 3172/6651/12068
f 304/6652/12069 151/6653/12070 3145/6654/12071 3173/6655/12072
f 891/6656/12073 1892/6657/12074 2737/6658/12075 2742/6659/12076
f 1442/6660/12077 475/6661/12078 2740/6662/12079 2744/6663/12080
f 1989/6664/12081 669/6665/12082 3175/6666/12083 3174/6667/12084
f 669/6668/12085 899/6669/12086 2746/6670/12087 3175/6671/12088
f 279/6672/12089 1989/6673/12090 3174/6674/12091 3176/6675/12092
f 1988/6676/12093 279/6677/12094 3176/6678/12095 3177/6679/12096
f 1203/6680/12097 677/6681/12098 3178/6682/12099 2815/6683/12100
f 677/6684/12101 1988/6685/12102 3177/6686/12103 3178/6687/12104
f 280/6688/12105 87/6689/12106 3180/6690/12107 3179/6691/12108
f 87/6692/12109 1881/6693/12110 2541/6694/12111 3180/6695/12112
f 512/6696/12113 280/6697/12114 3179/6698/12115 3181/6699/12116
f 658/6700/12117 1039/6701/12118 3182/6702/12119 3164/6703/12120
f 1039/6704/12121 512/6705/12122 3181/6706/12123 3182/6707/12124
f 1469/6708/12125 1015/6709/12126 3183/6710/12127 3184/6711/12128
f 1015/6712/12129 1695/6713/12130 3185/6714/12131 3183/6715/12132
f 1695/6716/12133 706/6717/12134 3186/6718/12135 3185/6719/12136
f 1692/6720/12137 1691/6721/12138 3188/6722/12139 3187/6723/12140
f 1691/6724/12141 246/6725/12142 3189/6726/12143 3188/6727/12144
f 246/6728/12145 1022/6729/12146 3190/6730/12147 3189/6731/12148
f 157/6732/12149 1469/6733/12150 3184/6734/12151 3191/6735/12152
f 1696/6736/12153 157/6737/12154 3191/6738/12155 3192/6739/12156
f 442/6740/12157 1696/6741/12158 3192/6742/12159 3193/6743/12160
f 1022/6744/12161 1213/6745/12162 3194/6746/12163 3190/6747/12164
f 1697/6748/12165 442/6749/12166 3193/6750/12167 3195/6751/12168
f 1698/6752/12169 634/6753/12170 3196/6754/12171 3197/6755/12172
f 634/6756/12173 1697/6757/12174 3195/6758/12175 3196/6759/12176
f 1207/6760/12177 1197/6761/12178 3198/6762/12179 3199/6763/12180
f 706/6764/12181 1207/6765/12182 3199/6766/12183 3186/6767/12184
f 1197/6768/12185 1694/6769/12186 3200/6770/12187 3198/6771/12188
f 1694/6772/12189 186/6773/12190 3201/6774/12191 3200/6775/12192
f 186/6776/12193 1693/6777/12194 3202/6778/12195 3201/6779/12196
f 1213/6780/12197 708/6781/12198 3203/6782/12199 3194/6783/12200
f 1693/6784/12201 1692/6785/12202 3187/6786/12203 3202/6787/12204
f 708/6788/12205 1462/6789/12206 3204/6790/12207 3203/6791/12208
f 1690/6792/12209 377/6793/12210 3205/6794/12211 3206/6795/12212
f 1462/6796/12213 28/6797/12214 3207/6798/12215 3204/6799/12216
f 28/6800/12217 1690/6801/12218 3206/6802/12219 3207/6803/12220
f 377/6804/12221 588/6805/12222 3208/6806/12223 3205/6807/12224
f 289/6808/12225 1698/6809/12226 3197/6810/12227 3209/6811/12228
f 522/6812/12229 289/6813/12230 3209/6814/12231 3210/6815/12232
f 1701/6816/12233 726/6817/12234 3211/6818/12235 3212/6819/12236
f 888/6820/12237 126/6821/12238 3213/6822/12239 3214/6823/12240
f 126/6824/12241 1702/6825/12242 3215/6826/12243 3213/6827/12244
f 1702/6828/12245 1701/6829/12246 3212/6830/12247 3215/6831/12248
f 725/6832/12249 709/6833/12250 3217/6834/12251 3216/6835/12252
f 34/6836/12253 725/6837/12254 3216/6838/12255 3218/6839/12256
f 709/6840/12257 522/6841/12258 3210/6842/12259 3217/6843/12260
f 726/6844/12261 1700/6845/12262 3219/6846/12263 3211/6847/12264
f 1700/6848/12265 1699/6849/12266 3220/6850/12267 3219/6851/12268
f 1699/6852/12269 34/6853/12270 3218/6854/12271 3220/6855/12272
f 1707/6856/12273 39/6857/12274 3221/6858/12275 3222/6859/12276
f 1708/6860/12277 1707/6861/12278 3222/6862/12279 3223/6863/12280
f 1709/6864/12281 1708/6865/12282 3223/6866/12283 3224/6867/12284
f 848/6868/12285 245/6869/12286 3226/6870/12287 3225/6871/12288
f 245/6872/12289 396/6873/12290 3227/6874/12291 3226/6875/12292
f 1689/6876/12293 1688/6877/12294 3228/6878/12295 3229/6879/12296
f 1688/6880/12297 848/6881/12298 3225/6882/12299 3228/6883/12300
f 588/6884/12301 1689/6885/12302 3229/6886/12303 3208/6887/12304
f 508/6888/12305 543/6889/12306 2851/6890/12307 3230/6891/12308
f 509/6892/12309 508/6893/12310 3230/6894/12311 3231/6895/12312
f 396/6896/12313 509/6897/12314 3231/6898/12315 3227/6899/12316
f 678/6900/12317 1709/6901/12318 3224/6902/12319 3232/6903/12320
f 437/6904/12321 678/6905/12322 3232/6906/12323 3233/6907/12324
f 55/6908/12325 813/6909/12326 3235/6910/12327 3234/6911/12328
f 813/6912/12329 679/6913/12330 3236/6914/12331 3235/6915/12332
f 1712/6916/12333 55/6917/12334 3234/6918/12335 3237/6919/12336
f 1703/6920/12337 888/6921/12338 3214/6922/12339 3238/6923/12340
f 1049/6924/12341 1703/6925/12342 3238/6926/12343 3239/6927/12344
f 15/6928/12345 1049/6929/12346 3239/6930/12347 3240/6931/12348
f 1706/6932/12349 1705/6933/12350 3242/6934/12351 3241/6935/12352
f 1500/6936/12353 1706/6937/12354 3241/6938/12355 3243/6939/12356
f 1055/6940/12357 15/6941/12358 3240/6942/12359 3244/6943/12360
f 1704/6944/12361 418/6945/12362 3246/6946/12363 3245/6947/12364
f 223/6948/12365 1055/6949/12366 3244/6950/12367 3247/6951/12368
f 1705/6952/12369 1704/6953/12370 3245/6954/12371 3242/6955/12372
f 418/6956/12373 223/6957/12374 3247/6958/12375 3246/6959/12376
f 39/6960/12377 906/6961/12378 3248/6962/12379 3221/6963/12380
f 271/6964/12381 1483/6965/12382 3249/6966/12383 3250/6967/12384
f 1710/6968/12385 271/6969/12386 3250/6970/12387 3251/6971/12388
f 906/6972/12389 1500/6973/12390 3243/6974/12391 3248/6975/12392
f 1711/6976/12393 1710/6977/12394 3251/6978/12395 3252/6979/12396
f 1483/6980/12397 437/6981/12398 3233/6982/12399 3249/6983/12400
f 679/6984/12401 1711/6985/12402 3252/6986/12403 3236/6987/12404
f 770/6988/12405 1713/6989/12406 3253/6990/12407 3254/6991/12408
f 1243/6992/12409 770/6993/12410 3254/6994/12411 3255/6995/12412
f 1714/6996/12413 1243/6997/12414 3255/6998/12415 3256/6999/12416
f 1722/7000/12417 1721/7001/12418 3257/7002/12419 3258/7003/12420
f 1721/7004/12421 1720/7005/12422 3259/7006/12423 3257/7007/12424
f 1720/7008/12425 777/7009/12426 3260/7010/12427 3259/7011/12428
f 785/7012/12429 1719/7013/12430 3261/7014/12431 3262/7015/12432
f 777/7016/12433 785/7017/12434 3262/7018/12435 3260/7019/12436
f 1723/7020/12437 1722/7021/12438 3258/7022/12439 3263/7023/12440
f 1068/7024/12441 1723/7025/12442 3263/7026/12443 3264/7027/12444
f 1713/7028/12445 208/7029/12446 3265/7030/12447 3253/7031/12448
f 208/7032/12449 1712/7033/12450 3237/7034/12451 3265/7035/12452
f 1715/7036/12453 1714/7037/12454 3256/7038/12455 3266/7039/12456
f 1236/7040/12457 1715/7041/12458 3266/7042/12459 3267/7043/12460
f 751/7044/12461 1236/7045/12462 3267/7046/12463 3268/7047/12464
f 1716/7048/12465 751/7049/12466 3268/7050/12467 3269/7051/12468
f 485/7052/12469 1716/7053/12470 3269/7054/12471 3270/7055/12472
f 1717/7056/12473 485/7057/12474 3270/7058/12475 3271/7059/12476
f 873/7060/12477 1718/7061/12478 3272/7062/12479 3273/7063/12480
f 1719/7064/12481 873/7065/12482 3273/7066/12483 3261/7067/12484
f 1718/7068/12485 1717/7069/12486 3271/7070/12487 3272/7071/12488
f 1725/7072/12489 1068/7073/12490 3264/7074/12491 3274/7075/12492
f 1724/7076/12493 1725/7077/12494 3274/7078/12495 3275/7079/12496
f 907/7080/12497 901/7081/12498 3277/7082/12499 3276/7083/12500
f 901/7084/12501 1519/7085/12502 3278/7086/12503 3277/7087/12504
f 1519/7088/12505 1964/7089/12506 3279/7090/12507 3278/7091/12508
f 209/7092/12509 1966/7093/12510 3280/7094/12511 3281/7095/12512
f 1965/7096/12513 907/7097/12514 3276/7098/12515 3282/7099/12516
f 1520/7100/12517 209/7101/12518 3281/7102/12519 3283/7103/12520
f 1966/7104/12521 1965/7105/12522 3282/7106/12523 3280/7107/12524
f 1964/7108/12525 795/7109/12526 3284/7110/12527 3279/7111/12528
f 795/7112/12529 1058/7113/12530 3285/7114/12531 3284/7115/12532
f 1058/7116/12533 62/7117/12534 3286/7118/12535 3285/7119/12536
f 337/7120/12537 419/7121/12538 3287/7122/12539 3288/7123/12540
f 419/7124/12541 1520/7125/12542 3283/7126/12543 3287/7127/12544
f 316/7128/12545 337/7129/12546 3288/7130/12547 3289/7131/12548
f 1060/7132/12549 1724/7133/12550 3275/7134/12551 3290/7135/12552
f 1726/7136/12553 849/7137/12554 3292/7138/12555 3291/7139/12556
f 849/7140/12557 1060/7141/12558 3290/7142/12559 3292/7143/12560
f 140/7144/12561 265/7145/12562 3294/7146/12563 3293/7147/12564
f 265/7148/12565 316/7149/12566 3289/7150/12567 3294/7151/12568
f 62/7152/12569 140/7153/12570 3293/7154/12571 3286/7155/12572
f 486/7156/12573 1726/7157/12574 3291/7158/12575 3295/7159/12576
f 590/7160/12577 486/7161/12578 3295/7162/12579 3296/7163/12580
f 80/7164/12581 85/7165/12582 3297/7166/12583 3298/7167/12584
f 85/7168/12585 139/7169/12586 3299/7170/12587 3297/7171/12588
f 185/7172/12589 80/7173/12590 3298/7174/12591 3300/7175/12592
f 244/7176/12593 185/7177/12594 3300/7178/12595 2977/7179/12596
f 647/7180/12597 629/7181/12598 2980/7182/12599 3301/7183/12600
f 139/7184/12601 561/7185/12602 3302/7186/12603 3299/7187/12604
f 561/7188/12605 647/7189/12606 3301/7190/12607 3302/7191/12608
f 1960/7192/12609 1959/7193/12610 3304/7194/12611 3303/7195/12612
f 125/7196/12613 769/7197/12614 3306/7198/12615 3305/7199/12616
f 144/7200/12617 71/7201/12618 3308/7202/12619 3307/7203/12620
f 443/7204/12621 201/7205/12622 3310/7206/12623 3309/7207/12624
f 201/7208/12625 165/7209/12626 3311/7210/12627 3310/7211/12628
f 165/7212/12629 144/7213/12630 3307/7214/12631 3311/7215/12632
f 71/7216/12633 86/7217/12634 3312/7218/12635 3308/7219/12636
f 1959/7220/12637 443/7221/12638 3309/7222/12639 3304/7223/12640
f 86/7224/12641 1963/7225/12642 3313/7226/12643 3312/7227/12644
f 1963/7228/12645 1962/7229/12646 3314/7230/12647 3313/7231/12648
f 436/7232/12649 1733/7233/12650 3316/7234/12651 3315/7235/12652
f 510/7236/12653 436/7237/12654 3315/7238/12655 3317/7239/12656
f 562/7240/12657 510/7241/12658 3317/7242/12659 3318/7243/12660
f 1734/7244/12661 562/7245/12662 3318/7246/12663 3319/7247/12664
f 1733/7248/12665 1732/7249/12666 3320/7250/12667 3316/7251/12668
f 1219/7252/12669 1960/7253/12670 3303/7254/12671 3321/7255/12672
f 1739/7256/12673 838/7257/12674 3323/7258/12675 3322/7259/12676
f 724/7260/12677 920/7261/12678 3324/7262/12679 2985/7263/12680
f 920/7264/12681 1739/7265/12682 3322/7266/12683 3324/7267/12684
f 838/7268/12685 831/7269/12686 3325/7270/12687 3323/7271/12688
f 831/7272/12689 14/7273/12690 3326/7274/12691 3325/7275/12692
f 14/7276/12693 27/7277/12694 3327/7278/12695 3326/7279/12696
f 27/7280/12697 1738/7281/12698 3328/7282/12699 3327/7283/12700
f 1738/7284/12701 238/7285/12702 3329/7286/12703 3328/7287/12704
f 346/7288/12705 1737/7289/12706 3330/7290/12707 3331/7291/12708
f 238/7292/12709 346/7293/12710 3331/7294/12711 3329/7295/12712
f 1737/7296/12713 705/7297/12714 3332/7298/12715 3330/7299/12716
f 705/7300/12717 719/7301/12718 3333/7302/12719 3332/7303/12720
f 719/7304/12721 1736/7305/12722 3334/7306/12723 3333/7307/12724
f 1736/7308/12725 435/7309/12726 3335/7310/12727 3334/7311/12728
f 435/7312/12729 1457/7313/12730 3336/7314/12731 3335/7315/12732
f 1457/7316/12733 707/7317/12734 3337/7318/12735 3336/7319/12736
f 776/7320/12737 597/7321/12738 3339/7322/12739 3338/7323/12740
f 1962/7324/12741 1027/7325/12742 3340/7326/12743 3314/7327/12744
f 1027/7328/12745 111/7329/12746 3341/7330/12747 3340/7331/12748
f 1023/7332/12749 1219/7333/12750 3321/7334/12751 3342/7335/12752
f 1961/7336/12753 1023/7337/12754 3342/7338/12755 3343/7339/12756
f 111/7340/12757 1961/7341/12758 3343/7342/12759 3341/7343/12760
f 222/7344/12761 1734/7345/12762 3319/7346/12763 3344/7347/12764
f 329/7348/12765 537/7349/12766 3346/7350/12767 3345/7351/12768
f 425/7352/12769 329/7353/12770 3345/7354/12771 3347/7355/12772
f 609/7356/12773 425/7357/12774 3347/7358/12775 3348/7359/12776
f 597/7360/12777 609/7361/12778 3348/7362/12779 3339/7363/12780
f 1735/7364/12781 222/7365/12782 3344/7366/12783 3349/7367/12784
f 523/7368/12785 1735/7369/12786 3349/7370/12787 3350/7371/12788
f 715/7372/12789 523/7373/12790 3350/7374/12791 3351/7375/12792
f 537/7376/12793 715/7377/12794 3351/7378/12795 3346/7379/12796
f 769/7380/12797 1906/7381/12798 3352/7382/12799 3306/7383/12800
f 216/7384/12801 125/7385/12802 3305/7386/12803 3353/7387/12804
f 362/7388/12805 216/7389/12806 3353/7390/12807 3354/7391/12808
f 1906/7392/12809 1040/7393/12810 3355/7394/12811 3352/7395/12812
f 1040/7396/12813 1905/7397/12814 3356/7398/12815 3355/7399/12816
f 1905/7400/12817 466/7401/12818 3357/7402/12819 3356/7403/12820
f 466/7404/12821 362/7405/12822 3354/7406/12823 3357/7407/12824
f 40/7408/12825 29/7409/12826 3359/7410/12827 3358/7411/12828
f 1968/7412/12829 40/7413/12830 3358/7414/12831 3360/7415/12832
f 29/7416/12833 1971/7417/12834 3361/7418/12835 3359/7419/12836
f 1970/7420/12837 291/7421/12838 3362/7422/12839 3363/7423/12840
f 1971/7424/12841 1970/7425/12842 3363/7426/12843 3361/7427/12844
f 290/7428/12845 1968/7429/12846 3360/7430/12847 3364/7431/12848
f 1969/7432/12849 290/7433/12850 3364/7434/12851 3365/7435/12852
f 291/7436/12853 1969/7437/12854 3365/7438/12855 3362/7439/12856
f 1546/7440/12857 590/7441/12858 3296/7442/12859 3366/7443/12860
f 1727/7444/12861 1546/7445/12862 3366/7446/12863 3367/7447/12864
f 1728/7448/12865 1727/7449/12866 3367/7450/12867 3368/7451/12868
f 1729/7452/12869 1728/7453/12870 3368/7454/12871 3369/7455/12872
f 354/7456/12873 1250/7457/12874 3371/7458/12875 3370/7459/12876
f 1250/7460/12877 1729/7461/12878 3369/7462/12879 3371/7463/12880
f 1732/7464/12881 1731/7465/12882 3372/7466/12883 3320/7467/12884
f 1731/7468/12885 648/7469/12886 3373/7470/12887 3372/7471/12888
f 648/7472/12889 1042/7473/12890 3374/7474/12891 3373/7475/12892
f 1042/7476/12893 1238/7477/12894 3375/7478/12895 3374/7479/12896
f 1238/7480/12897 72/7481/12898 3376/7482/12899 3375/7483/12900
f 544/7484/12901 839/7485/12902 3377/7486/12903 3378/7487/12904
f 579/7488/12905 544/7489/12906 3378/7490/12907 3379/7491/12908
f 686/7492/12909 579/7493/12910 3379/7494/12911 3380/7495/12912
f 1246/7496/12913 354/7497/12914 3370/7498/12915 3381/7499/12916
f 1521/7500/12917 1246/7501/12918 3381/7502/12919 3382/7503/12920
f 264/7504/12921 1521/7505/12922 3382/7506/12923 3383/7507/12924
f 1259/7508/12925 264/7509/12926 3383/7510/12927 3384/7511/12928
f 72/7512/12929 1730/7513/12930 3385/7514/12931 3376/7515/12932
f 1730/7516/12933 1259/7517/12934 3384/7518/12935 3385/7519/12936
f 771/7520/12937 686/7521/12938 3380/7522/12939 3386/7523/12940
f 707/7524/12941 1459/7525/12942 3387/7526/12943 3337/7527/12944
f 1459/7528/12945 776/7529/12946 3338/7530/12947 3387/7531/12948
f 563/7532/12949 1237/7533/12950 3388/7534/12951 3389/7535/12952
f 1237/7536/12953 112/7537/12954 3390/7538/12955 3388/7539/12956
f 112/7540/12957 1503/7541/12958 3391/7542/12959 3390/7543/12960
f 1503/7544/12961 21/7545/12962 3392/7546/12963 3391/7547/12964
f 2000/7548/12965 1496/7549/12966 3393/7550/12967 3394/7551/12968
f 450/7552/12969 2000/7553/12970 3394/7554/12971 3395/7555/12972
f 1496/7556/12973 1053/7557/12974 3396/7558/12975 3393/7559/12976
f 417/7560/12977 2001/7561/12978 3398/7562/12979 3397/7563/12980
f 2001/7564/12981 127/7565/12982 3399/7566/12983 3398/7567/12984
f 839/7568/12985 159/7569/12986 3400/7570/12987 3377/7571/12988
f 159/7572/12989 180/7573/12990 3401/7574/12991 3400/7575/12992
f 133/7576/12993 771/7577/12994 3386/7578/12995 3402/7579/12996
f 180/7580/12997 438/7581/12998 3403/7582/12999 3401/7583/13000
f 324/7584/13001 133/7585/13002 3402/7586/13003 3404/7587/13004
f 532/7588/13005 324/7589/13006 3404/7590/13007 3405/7591/13008
f 438/7592/13009 563/7593/13010 3389/7594/13011 3403/7595/13012
f 21/7596/13013 1998/7597/13014 3406/7598/13015 3392/7599/13016
f 1999/7600/13017 450/7601/13018 3395/7602/13019 3407/7603/13020
f 623/7604/13021 1999/7605/13022 3407/7606/13023 3408/7607/13024
f 1998/7608/13025 623/7609/13026 3408/7610/13027 3406/7611/13028
f 716/7612/13029 532/7613/13030 3405/7614/13031 3409/7615/13032
f 1997/7616/13033 716/7617/13034 3409/7618/13035 3410/7619/13036
f 239/7620/13037 1997/7621/13038 3410/7622/13039 3411/7623/13040
f 1996/7624/13041 239/7625/13042 3411/7626/13043 3412/7627/13044
f 495/7628/13045 1996/7629/13046 3412/7630/13047 3413/7631/13048
f 1995/7632/13049 495/7633/13050 3413/7634/13051 3414/7635/13052
f 1053/7636/13053 417/7637/13054 3397/7638/13055 3396/7639/13056
f 128/7640/13057 2002/7641/13058 3416/7642/13059 3415/7643/13060
f 378/7644/13061 363/7645/13062 3418/7646/13063 3417/7647/13064
f 363/7648/13065 64/7649/13066 3419/7650/13067 3418/7651/13068
f 630/7652/13069 378/7653/13070 3417/7654/13071 3420/7655/13072
f 902/7656/13073 1994/7657/13074 3422/7658/13075 3421/7659/13076
f 1994/7660/13077 630/7661/13078 3420/7662/13079 3422/7663/13080
f 2002/7664/13081 758/7665/13082 3423/7666/13083 3416/7667/13084
f 127/7668/13085 128/7669/13086 3415/7670/13087 3399/7671/13088
f 758/7672/13089 908/7673/13090 3424/7674/13091 3423/7675/13092
f 908/7676/13093 2003/7677/13094 3425/7678/13095 3424/7679/13096
f 2003/7680/13097 1248/7681/13098 3426/7682/13099 3425/7683/13100
f 580/7684/13101 100/7685/13102 3428/7686/13103 3427/7687/13104
f 100/7688/13105 902/7689/13106 3421/7690/13107 3428/7691/13108
f 1248/7692/13109 1249/7693/13110 3429/7694/13111 3426/7695/13112
f 1249/7696/13113 580/7697/13114 3427/7698/13115 3429/7699/13116
f 1530/7700/13117 1485/7701/13118 3130/7702/13119 3430/7703/13120
f 1254/7704/13121 1530/7705/13122 3430/7706/13123 3431/7707/13124
f 64/7708/13125 1995/7709/13126 3414/7710/13127 3419/7711/13128
f 167/7712/13129 1985/7713/13130 3433/7714/13131 3432/7715/13132
f 874/7716/13133 167/7717/13134 3432/7718/13135 3434/7719/13136
f 1547/7720/13137 893/7721/13138 3435/7722/13139 3436/7723/13140
f 1985/7724/13141 1547/7725/13142 3436/7726/13143 3433/7727/13144
f 727/7728/13145 874/7729/13146 3434/7730/13147 3437/7731/13148
f 893/7732/13149 1549/7733/13150 3438/7734/13151 3435/7735/13152
f 1260/7736/13153 1254/7737/13154 3431/7738/13155 3439/7739/13156
f 1986/7740/13157 803/7741/13158 3440/7742/13159 3441/7743/13160
f 1549/7744/13161 1986/7745/13162 3441/7746/13163 3438/7747/13164
f 1987/7748/13165 1260/7749/13166 3439/7750/13167 3442/7751/13168
f 803/7752/13169 1987/7753/13170 3442/7754/13171 3440/7755/13172
f 1554/7756/13173 727/7757/13174 3437/7758/13175 3443/7759/13176
f 816/7760/13177 850/7761/13178 3445/7762/13179 3444/7763/13180
f 248/7764/13181 451/7765/13182 3446/7766/13183 3447/7767/13184
f 850/7768/13185 134/7769/13186 3448/7770/13187 3445/7771/13188
f 74/7772/13189 816/7773/13190 3444/7774/13191 3449/7775/13192
f 134/7776/13193 141/7777/13194 3450/7778/13195 3448/7779/13196
f 141/7780/13197 248/7781/13198 3447/7782/13199 3450/7783/13200
f 318/7784/13201 74/7785/13202 3449/7786/13203 3451/7787/13204
f 649/7788/13205 1554/7789/13206 3443/7790/13207 3452/7791/13208
f 659/7792/13209 649/7793/13210 3452/7794/13211 3453/7795/13212
f 650/7796/13213 659/7797/13214 3453/7798/13215 3454/7799/13216
f 497/7800/13217 650/7801/13218 3454/7802/13219 3455/7803/13220
f 451/7804/13221 497/7805/13222 3455/7806/13223 3446/7807/13224
f 420/7808/13225 318/7809/13226 3451/7810/13227 3456/7811/13228
f 426/7812/13229 420/7813/13230 3456/7814/13231 3457/7815/13232
f 1984/7816/13233 426/7817/13234 3457/7818/13235 3458/7819/13236
f 427/7820/13237 1984/7821/13238 3458/7822/13239 3459/7823/13240
f 428/7824/13241 427/7825/13242 3459/7826/13243 3460/7827/13244
f 1283/7828/13245 453/7829/13246 3461/7830/13247 3462/7831/13248
f 453/7832/13249 428/7833/13250 3460/7834/13251 3461/7835/13252
f 454/7836/13253 1283/7837/13254 3462/7838/13255 3463/7839/13256
f 489/7840/13257 454/7841/13258 3463/7842/13259 3464/7843/13260
f 697/7844/13261 489/7845/13262 3464/7846/13263 3465/7847/13264
f 1982/7848/13265 697/7849/13266 3465/7850/13267 3466/7851/13268
f 1983/7852/13269 1982/7853/13270 3466/7854/13271 3467/7855/13272
f 1981/7856/13273 1983/7857/13274 3467/7858/13275 3468/7859/13276
f 130/7860/13277 1981/7861/13278 3468/7862/13279 3469/7863/13280
f 307/7864/13281 130/7865/13282 3469/7866/13283 3470/7867/13284
f 1979/7868/13285 307/7869/13286 3470/7870/13287 3471/7871/13288
f 1980/7872/13289 1979/7873/13290 3471/7874/13291 3472/7875/13292
f 524/7876/13293 1980/7877/13294 3472/7878/13295 3473/7879/13296
f 1978/7880/13297 524/7881/13298 3473/7882/13299 3474/7883/13300
f 538/7884/13301 1978/7885/13302 3474/7886/13303 3475/7887/13304
f 1977/7888/13305 538/7889/13306 3475/7890/13307 3476/7891/13308
f 539/7892/13309 1977/7893/13310 3476/7894/13311 3477/7895/13312
f 533/7896/13313 539/7897/13314 3477/7898/13315 3478/7899/13316
f 554/7900/13317 533/7901/13318 3478/7902/13319 3479/7903/13320
f 626/7904/13321 554/7905/13322 3479/7906/13323 3480/7907/13324
f 1976/7908/13325 1298/7909/13326 3481/7910/13327 3482/7911/13328
f 636/7912/13329 626/7913/13330 3480/7914/13331 3483/7915/13332
f 1298/7916/13333 603/7917/13334 3484/7918/13335 3481/7919/13336
f 603/7920/13337 655/7921/13338 3485/7922/13339 3484/7923/13340
f 1114/7924/13341 1108/7925/13342 3486/7926/13343 2654/7927/13344
f 653/7928/13345 636/7929/13346 3483/7930/13347 3487/7931/13348
f 654/7932/13349 653/7933/13350 3487/7934/13351 3488/7935/13352
f 655/7936/13353 654/7937/13354 3488/7938/13355 3485/7939/13356
f 729/7940/13357 1976/7941/13358 3482/7942/13359 3489/7943/13360
f 890/7944/13361 729/7945/13362 3489/7946/13363 3490/7947/13364
f 918/7948/13365 890/7949/13366 3490/7950/13367 3491/7951/13368
f 885/7952/13369 918/7953/13370 3491/7954/13371 3492/7955/13372
f 190/7956/13373 885/7957/13374 3492/7958/13375 3493/7959/13376
f 191/7960/13377 190/7961/13378 3493/7962/13379 3494/7963/13380
f 661/7964/13381 191/7965/13382 3494/7966/13383 3495/7967/13384
f 860/7968/13385 661/7969/13386 3495/7970/13387 3496/7971/13388
f 1608/7972/13389 860/7973/13390 3496/7974/13391 3497/7975/13392
f 1108/7976/13393 1608/7977/13394 3497/7978/13395 3486/7979/13396
